path,sha256
data/cosine_n150.csv,f249ef6fd9bd95a883893c1d86f2e3088aa483e8882373931e86a90f7b86b18a
data/cosine_n30.csv,91cde8fa52b64b3bc7f3daf5aeef2751d18ab9aad59ae48eb3c8eb7c3f3d1541
data/cosine_n300.csv,d9eebca995f24ecb4ccacd7a2d0379e877b58440b55cee33f2aed2826edd9d92
data/cosine_n60.csv,f3e0c502820d779476c4e786153cf486d249fe1016db642599a2d216b9da1381
data/g1_published.csv,7742f7e8b17b80cf568c81207a4d9cb2249e32b382d117f53b9851e238f4a0ed
data/g2_published.csv,ba72b0a91f1de2e30755f34b918141fc275b23b8afd921f5881bdb645164bf0b
data/paper_figure3_reference.png,64f949fb61fc57ec9bb8b0203eb4c4a2cbf2d047c0cbc5e1891071757c01cb58
data/permuted_g1_seed101_observations.csv,78e7157aca6f60fa2c9c625316eec14c101bac6b04217301f982d2e9ecfda6bc
data/permuted_g1_seed101_windows.csv,1d18994b8440bc567ef6bb735295a5d889a5ee21de42668d6741d91f5814b3c3
data/permuted_g1_seed102_observations.csv,cd8fa4a1214955501e9cb621ab2b3359d7d8fa6df3c2f647bc61904b6ad120f5
data/permuted_g1_seed102_windows.csv,1ecac61b227aebf08d4b31a19f0c462ad96aee721fa4baba06966ba408b6db46
data/permuted_g1_seed103_observations.csv,9a42f7b73e63c2fbf4da3c95334dd7e61d30fd52f8de926a2d54565ce92d93a6
data/permuted_g1_seed103_windows.csv,63e65f24ede2c5919d31716037afadab33d4c477466bd5bcf0dd33682ac6fae9
data/permuted_g1_seed104_observations.csv,c32a29d00fc9964021ddcbca32807c57e0c8cde6d9444f7837061258050592e7
data/permuted_g1_seed104_windows.csv,2b06288a7f9f1ea69eca8d0a99de0e6d56c297956038cab7aa83db4bd023bc2c
data/permuted_g1_seed105_observations.csv,857d15355421fb262e2a930032bad1fd00f75c4660455b0fc2e970ee24bfde51
data/permuted_g1_seed105_windows.csv,7b8b22b962ff70e94834982ad68e598f1a6de79fff1b8b896af94df68b4d3e85
data/permuted_g1_seed106_observations.csv,b52bc3398a9d53ea243ab91a78f437a792d7918605645f166a40a2932dac3fde
data/permuted_g1_seed106_windows.csv,5f0f7e781467318ca594ea06f2ec42284bd94e054496dea9924b440cfaae3707
data/permuted_g1_seed107_observations.csv,714d16cbed03c2a3bd1f8dd2b2c756335b76a2633ad6bdb84395d0f7c935b01d
data/permuted_g1_seed107_windows.csv,feb6f26f226ac0d7c475b58e1e010666957faac680c1de9da12ef95f46a60320
data/permuted_g1_seed108_observations.csv,c0716e760d27742b242d032bfa787e682b7522c464642b9ba8a42a68efa4cbc1
data/permuted_g1_seed108_windows.csv,15003e915635ce9bdd0d15e669394a442a6caad2cda140020f8d848c8af5eba5
data/permuted_g1_seed109_observations.csv,dbe5a99da2a9d80ab892c4428f120291c79d1edef1ee8b019e977c36b0c904a7
data/permuted_g1_seed109_windows.csv,e110602d28b263f0f46c635357acb28f352441eabe4d0f84a4e6f89f4ce9e5ee
data/permuted_g1_seed110_observations.csv,bde724a3e174be0af5ee58c9c16b9e97a27c1914ea2b5fb8c6e67930504157f5
data/permuted_g1_seed110_windows.csv,564e570d34e34105df46b1a7ded9c71eab7b7bc48216509092e2597a4a5158d0
data/white_noise_seed101_observations.csv,55d7d63eebb49b1537d15830be016b5c181c1e48aa49ecdd2a752909c5766f65
data/white_noise_seed101_windows.csv,66965f245679dae5cfc9b49b69be61a593ad36a2583eff9075c46cfc94f0a15e
data/white_noise_seed102_observations.csv,f113002ce8f735872707fb3a63ae2ab2d41287ae31dbaea9b6b6b80e68a1b004
data/white_noise_seed102_windows.csv,817c764d99e89d7825cf6bbd372f029528d3fdc0032477200f405e7a206167f0
data/white_noise_seed103_observations.csv,2cd112900450f104dbce47adaac9dfcfe4752def6d71829038d329f0ac9d2708
data/white_noise_seed103_windows.csv,0b47c3a096745347b67a84bc31fae1c5a0348d213fb34e817f12b1d57e6704e6
data/white_noise_seed104_observations.csv,0ff84f81c6a43a827251cd443ed182cda1c4dc479fb404de9c265760ab068730
data/white_noise_seed104_windows.csv,2f558d734c5dee6c587417cdb6f743d05e18ebce022a20c5e2d30fac39ac523e
data/white_noise_seed105_observations.csv,6203fcab97a8da336e1e3ec810fabcbc30404c36ad3c8d124871e4b91fd5ca19
data/white_noise_seed105_windows.csv,c480ecb28eb98e3e304fa38b1c2940cfa3b5023357f3c5e8c4a37cb5efa123bf
data/white_noise_seed106_observations.csv,57f05d56241d6ea4a918e09434abf483b428143b938547bfd303d2ba8f2a2b92
data/white_noise_seed106_windows.csv,d31bc8e00919cfa8d23d91fbcee56c81bdd49a395261099d8e1cf8b1203041cb
data/white_noise_seed107_observations.csv,f1a794a6fea09bf390f499cbc45ad6033c2d4b7c1141047d44f87d72aa342bc6
data/white_noise_seed107_windows.csv,8a7346767e1e8d2c8f69530ca3bb832093f7666a496a28830e532a5790de5b0e
data/white_noise_seed108_observations.csv,e1c24dd826ea5c28b370735a57cea77de04587a867c20770772294ad3b02bbbc
data/white_noise_seed108_windows.csv,e1e8a062a50eeb5b59550cca9c6a23e9416367bd6bb760821cb399c87289f03b
data/white_noise_seed109_observations.csv,4b4efd86cae3ca5fd12bc05ef46207c5a17c1dce918decdf11153987e1a80d83
data/white_noise_seed109_windows.csv,3ab6087c1459defeabfe9e84faca0e7789be82075fafdeda90f5056539de330d
data/white_noise_seed110_observations.csv,36d3bb0fdd4b5e73ec13be4283195b43a92fcf783fb9a827b8b34d706755fa5f
data/white_noise_seed110_windows.csv,3cdca9a4687a69624026db467b1eca895d68e963483e82a07266873315df1569
results/algorithm_crosscheck.csv,5ac21db2ae23bb41e3de600234a860069e11e9ae1a17bed9219e7eb0544fca75
results/checks.csv,1d6d424fcfc5ba3cd099823afbe9d903c03e000013b63a6992171b81afdda4e9
results/controls.csv,ef46ae7b4ce7aa5b2dc65e401796e48bb5c5da8441745ef88940a704c53aeb91
results/cosine_convergence.csv,33fd1b3871dd14198489ef805ab88ada3885dc20273f82bee5958f89e349e922
results/environment.toml,b6b8bcfc16b80db2b98fe7c504a439dd143ef890bac85479439105269287330f
results/g1_F2_H1.csv,6f94d27e5cf07020b5b7be50e28cb8ea320ba99cc6567cc976146fa06230008d
results/g1_F3_H1.csv,26cc49adfbcf12f50c1b053e7e877f5bf565d7a3cd0cfa348abe2a3ba634f492
results/g2_F2_H1.csv,c6d4a8f4afe24c9a450d521064cc4c044c9101fb761246046187f6a5661f8073
results/g2_F3_H1.csv,a6c9c80ce7f2152ee4926d2b02a3ed40b93a85a09ba0ac9790e852076b161844
results/published_summary.csv,7ec206573fe533bd67443ab06392f1c1dbd11a9ba0ac4c7b1d4879b2d5b90142
results/published_summary_first_run.csv,7ec206573fe533bd67443ab06392f1c1dbd11a9ba0ac4c7b1d4879b2d5b90142
results/window_sensitivity.csv,b07161c6e76c324e76d2f4f97e2aa0c136b0b5e3e1e87662d4186019fac6da7f
