replicate,native_sup_norm,counts_sup_norm,absolute_difference
1,0.058407397485117696,0.058407397485117474,2.220446049250313e-16
2,0.03593302891362812,0.03593302891362818,5.551115123125783e-17
3,0.05451354509743476,0.054513545097434835,7.632783294297951e-17
4,0.06041966773966101,0.060419667739660954,5.551115123125783e-17
5,0.04326139877867291,0.04326139877867291,0.0
6,0.04495803716094271,0.04495803716094271,0.0
7,0.03844360053684545,0.03844360053684559,1.3877787807814457e-16
8,0.04857573645720392,0.04857573645720392,0.0
9,0.057517379879035456,0.05751737987903566,2.0122792321330962e-16
10,0.042155269930569256,0.04215526993056917,8.326672684688674e-17
11,0.04870786805207752,0.04870786805207772,2.0122792321330962e-16
12,0.044843850551406744,0.04484385055140677,2.7755575615628914e-17
13,0.04467892615598784,0.044678926155987786,5.551115123125783e-17
14,0.04748735143143182,0.04748735143143201,1.942890293094024e-16
15,0.05504620563979329,0.055046205639793205,8.326672684688674e-17
16,0.04259401708307908,0.04259401708307892,1.6653345369377348e-16
17,0.022531477763710315,0.02253147776371031,3.469446951953614e-18
18,0.02896263126297738,0.02896263126297735,2.7755575615628914e-17
19,0.03704343118091935,0.03704343118091938,2.7755575615628914e-17
20,0.04633961315089852,0.04633961315089852,0.0
21,0.030403719155385117,0.030403719155385256,1.3877787807814457e-16
22,0.03971616852159804,0.039716168521598205,1.6653345369377348e-16
23,0.06771813167684124,0.06771813167684124,0.0
24,0.02988588437509343,0.029885884375093402,2.7755575615628914e-17
25,0.04589929249699451,0.045899292496994565,5.551115123125783e-17
26,0.039114696468914495,0.03911469646891441,8.326672684688674e-17
27,0.05261020678339903,0.05261020678339881,2.220446049250313e-16
28,0.03286070843271835,0.03286070843271849,1.3877787807814457e-16
29,0.056150307857244126,0.0561503078572442,7.632783294297951e-17
30,0.0280219922126487,0.02802199221264856,1.3877787807814457e-16
31,0.03223756778804526,0.032237567788045235,2.7755575615628914e-17
32,0.034450785471829476,0.03445078547182953,5.551115123125783e-17
33,0.02437128443465522,0.02437128443465522,0.0
34,0.06187366837966382,0.061873668379663876,5.551115123125783e-17
35,0.04214409114570053,0.04214409114570061,8.326672684688674e-17
36,0.05347069570678411,0.05347069570678406,4.85722573273506e-17
37,0.02504691947784396,0.025046919477843876,8.326672684688674e-17
38,0.017803959261856434,0.017803959261856378,5.551115123125783e-17
39,0.038680459341309065,0.03868045934130909,2.7755575615628914e-17
40,0.04960576905331884,0.04960576905331873,1.1102230246251565e-16
41,0.03373663252615844,0.03373663252615841,2.7755575615628914e-17
42,0.038903544035249954,0.03890354403525026,3.0531133177191805e-16
43,0.03553550875156189,0.03553550875156225,3.608224830031759e-16
44,0.06046556063143473,0.06046556063143474,6.938893903907228e-18
45,0.04559839542561073,0.04559839542561084,1.1102230246251565e-16
46,0.04576002995606668,0.04576002995606665,2.7755575615628914e-17
47,0.053133552336903145,0.05313355233690334,1.942890293094024e-16
48,0.05258653743394431,0.052586537433944286,2.0816681711721685e-17
49,0.07634810422178667,0.0763481042217869,2.220446049250313e-16
50,0.029402158663668743,0.029402158663668826,8.326672684688674e-17
51,0.031197944443905976,0.031197944443905945,3.122502256758253e-17
52,0.05651135946501176,0.05651135946501196,1.942890293094024e-16
53,0.04243089678500517,0.04243089678500528,1.1102230246251565e-16
54,0.04101102459687547,0.04101102459687539,8.326672684688674e-17
55,0.03832428423242265,0.0383242842324229,2.498001805406602e-16
56,0.04098899208808618,0.040988992088086096,8.326672684688674e-17
57,0.04278812386219477,0.042788123862194716,5.551115123125783e-17
58,0.03434404692357551,0.03434404692357543,8.326672684688674e-17
59,0.04004703472165749,0.04004703472165738,1.1102230246251565e-16
60,0.022482691455624065,0.022482691455623927,1.3877787807814457e-16
61,0.034302891159194826,0.034302891159194965,1.3877787807814457e-16
62,0.040706918566303985,0.04070691856630393,5.551115123125783e-17
63,0.01959923280978118,0.019599232809781264,8.326672684688674e-17
64,0.028030166820692176,0.02803016682069226,8.326672684688674e-17
65,0.038614452094218765,0.038614452094218876,1.1102230246251565e-16
66,0.051438421808175316,0.05143842180817537,5.551115123125783e-17
67,0.07102738584675591,0.07102738584675583,8.326672684688674e-17
68,0.02854958509625985,0.02854958509625971,1.3877787807814457e-16
69,0.040711692287287826,0.04071169228728774,8.326672684688674e-17
70,0.025851629443156,0.025851629443155888,1.1102230246251565e-16
71,0.05740227316794136,0.05740227316794143,6.938893903907228e-17
72,0.05794556734129916,0.05794556734129913,2.7755575615628914e-17
73,0.03635391761688825,0.036353917616888276,2.7755575615628914e-17
74,0.03745002581398335,0.03745002581398363,2.7755575615628914e-16
75,0.03834919375553106,0.038349193755531225,1.6653345369377348e-16
76,0.07631139384019284,0.07631139384019281,2.7755575615628914e-17
77,0.036280113830824884,0.036280113830824995,1.1102230246251565e-16
78,0.044287933882556474,0.044287933882556585,1.1102230246251565e-16
79,0.05021847126289153,0.050218471262891445,8.326672684688674e-17
80,0.04356870416595349,0.04356870416595354,5.551115123125783e-17
81,0.044828619912968416,0.04482861991296849,7.632783294297951e-17
82,0.0488462496245258,0.04884624962452566,1.3877787807814457e-16
83,0.017260673526055342,0.017260673526055426,8.326672684688674e-17
84,0.048334573116720736,0.048334573116720625,1.1102230246251565e-16
85,0.048907474838223434,0.04890747483822347,3.469446951953614e-17
86,0.030505928714407212,0.030505928714407216,3.469446951953614e-18
87,0.03258422838607411,0.03258422838607419,8.326672684688674e-17
88,0.043112635142451644,0.04311263514245167,2.7755575615628914e-17
89,0.03819890828966832,0.038198908289668265,5.551115123125783e-17
90,0.044243982779873264,0.044243982779873375,1.1102230246251565e-16
91,0.03689085540696918,0.03689085540696915,2.7755575615628914e-17
92,0.03664049299799632,0.03664049299799635,2.7755575615628914e-17
93,0.035206989244050996,0.03520698924405119,1.942890293094024e-16
94,0.04367928212445571,0.043679282124455626,8.326672684688674e-17
95,0.041103240358962956,0.041103240358962984,2.7755575615628914e-17
96,0.03090640607274303,0.03090640607274331,2.7755575615628914e-16
97,0.04407700824162722,0.044077008241627275,5.551115123125783e-17
98,0.0410078304621492,0.041007830462149286,8.326672684688674e-17
99,0.046887027602468684,0.04688702760246882,1.3877787807814457e-16
100,0.05458514525854763,0.05458514525854774,1.1102230246251565e-16
