id,x,y
1,-0.6673726849673898,0.744723908142754
2,0.29850031031156843,0.9544095372238782
3,0.4069762973973587,-0.913438718993637
4,-0.9093359480722866,-0.4160626557905379
5,0.061964293030989215,0.9980783668576179
6,-0.30778015331128483,0.9514575015352404
7,0.5544368572684201,-0.8322257934613163
8,-0.04095971277779024,0.9991607988352831
9,0.9990538602840698,-0.04349004772931792
10,0.8024659208116404,-0.596697952012512
11,-0.7201728945735771,0.6937946395883405
12,0.6475654258766218,0.7620098550604378
13,-0.14982938413933408,-0.9887118668491989
14,0.006034805338285181,-0.9999817903964697
15,0.8903199201824875,0.45533552434029234
16,0.7699471998267754,0.6381076002359694
17,-0.2450113578920588,0.9695202084040794
18,0.9687676528988126,0.24797022945693628
19,-0.078752879683649,0.996894168877285
20,0.9809139708370401,-0.19444223259546903
21,0.49153769531297836,0.8708562993321032
22,-0.5338538032837582,0.8455767952820527
23,0.8053860831912677,-0.592750585830017
24,0.9251190671197206,-0.37967711499580536
25,0.04348258782081694,0.9990541849951908
26,-0.8507398640598761,0.5255869896595459
27,-0.7883026901469937,-0.6152876308743845
28,-0.7211321391668757,0.6927975446410054
29,-0.6620344217580243,0.749473431422034
30,-0.5383967735722671,0.8426914703537546
31,0.6410398300842197,0.7675076131515536
32,0.7745216505966597,0.6325473996128873
33,0.9899700756246025,-0.14127720753121814
34,0.9756741857291672,-0.21922564471732436
35,0.963127844957629,0.2690441492901739
36,-0.10285307357501806,0.9946965593869177
37,-0.9991450804030313,-0.04134136314177548
38,0.8577227896616635,0.5141124547168778
39,0.7156677734824707,0.698440862205701
40,0.8401274694833871,0.5423890070967887
41,-0.7278833070397168,-0.6857010218257847
42,-0.8957391176644567,0.4445800637519643
43,-0.26097243390037916,0.9653462532915909
44,-0.5857072915432725,-0.8105226515237215
45,-0.9999881840074727,-0.004861259655368911
46,0.22763024254686695,-0.973747643220796
47,-0.9931695234024988,-0.11668032303886364
48,-0.49875054415806336,0.8667455766844361
49,-0.9982035987991452,0.0599130648893479
50,-0.9442341385273977,0.3292747965445019
51,-0.3918570568920089,-0.9200261121098319
52,0.5994626842263499,-0.8004027050304988
53,0.2683179472474696,-0.9633304101838082
54,-0.32311266338395794,0.9463605057064274
55,0.5682749685856417,-0.8228387205759023
56,-0.5162738321052129,0.8564235694347736
57,0.27702820077851764,-0.96086178817425
58,0.9969687205110573,-0.07780340816792769
59,-0.6456229220295594,0.7636563641782955
60,-0.7914589510651765,-0.6112223235278719
61,-0.8588874391886941,-0.5121643943148404
62,0.6797101057704686,0.7334808600866817
63,0.999949521374999,0.010047621704182986
64,0.7939888001487078,-0.6079323854166805
65,0.5915069668717854,-0.8062998872269179
66,0.1395752264096011,0.9902114704307906
67,-0.11935716874915554,-0.9928513817627418
68,0.9999429845562129,-0.010678372385963036
69,0.06205161123037983,-0.9980729419955807
70,0.8969662494448091,0.4420990243790552
71,-0.13640243388250473,0.9906535095738211
72,-0.2054904147573911,0.9786591283193732
73,-0.9940695779612553,0.10874591565632187
74,0.5785677513733342,0.8156343280360407
75,0.34707073802471,-0.937838953555984
76,-0.7190568198998295,-0.6949512858866758
77,0.24885692234619003,-0.9685402584303775
78,-0.7263724351130579,0.6873013062026919
79,0.9845452588601691,0.1751303321985161
80,-0.8398523432234805,0.5428149238755593
81,-0.5939759963821495,0.8044827628494179
82,-0.7500163767714001,-0.6614192577894155
83,0.9945835546300704,-0.10394014075136525
84,-0.32794800535801055,0.9446957741949005
85,0.4705124830865157,-0.8823933381773467
86,-0.6641663814966582,0.7475847896323435
87,0.2420478960784463,0.9702643021383388
88,0.7414730191409118,0.6709826837453118
89,-0.9836306105228944,-0.1801966205075949
90,0.9549351157995172,-0.2968146300520963
91,0.2396003438781332,0.9708716059363773
92,-0.5021912390696255,0.8647565896838915
93,-0.38924414232412297,0.9211346251587538
94,-0.9851252825853559,-0.17183764899207252
95,-0.9943481637430517,0.1061684004815998
96,0.6495997450187513,0.760276378214905
97,0.9799588182588178,0.19920018704002562
98,0.42651627380114493,0.904479888213545
99,0.18217625336492313,0.9832658911555507
100,0.9721317570247575,-0.23443516584326193
101,0.9944871668746516,0.10485835647018805
102,-0.829366751242143,-0.5587045658790103
103,-0.6124793381131635,-0.7904865972200043
104,0.15297711273044506,0.9882297318845739
105,0.3802773080097214,-0.9248725150056517
106,0.9191101357543541,-0.3940007085699374
107,0.4992673676986378,0.8664479762520502
108,-0.9368051531349252,-0.3498515471737253
109,-0.5433392337828558,-0.8395132381518824
110,-0.15790993574461973,-0.9874535190038719
111,0.7943347535504747,-0.6074802871714495
112,0.30060701916674565,-0.9537480904451048
113,0.8401317429512078,-0.5423823876987208
114,0.8665913428798188,-0.49901848106633534
115,-0.3697000081867818,-0.929151173892975
116,-0.9647127089938043,0.26330474569562057
117,0.004270067857114482,-0.99999088321869
118,0.9398854523010806,0.3414898776725208
119,0.7198937363780843,0.6940842948256366
120,-0.9806417362307883,0.1958105849086433
121,0.2664965433188923,0.9638358742021806
122,0.923154590179925,-0.3844289305316846
123,0.6838548369760823,0.72961809321344
124,-0.9058286274955999,-0.4236443055317015
125,-0.905393945012623,0.4245724959703339
126,0.6527413812093219,-0.7575808136805912
127,-0.9099885259974047,-0.41463343154293625
128,-0.7318392309257098,-0.6814773217635827
129,0.9361994060785331,0.35146930457466957
130,0.9527634071190554,0.3037134999549562
131,0.2830973333288384,0.9590911843313442
132,0.5651788533643458,-0.8249684016432165
133,0.9903036707996128,0.1389195436244019
134,-0.18065360305531666,-0.9835467836880624
135,-0.9980303427178768,-0.06273304563336049
136,-0.9994556807590824,-0.03299003180354732
137,0.9088201173587769,0.41718820007758967
138,0.6077293701694434,-0.7941442014102046
139,0.38315545414291025,0.9236838733898846
140,-0.3367631176287127,0.9415894023431816
141,-0.5026606983944956,0.8644837894891714
142,0.8734247836859076,0.4869590816929339
143,-0.3492119552680672,0.9370437611434449
144,0.1592682169584108,-0.9872353493807282
145,-0.9841910199735036,-0.1771102374328337
146,0.9564624137351992,0.291855531233925
147,-0.5433487655861865,0.8395070690208436
148,0.9969499507784123,-0.07804354965608094
149,-0.3910902695295526,-0.9203523244276085
150,-0.07739350914897976,0.9970006242433386
151,-0.514693021491095,0.8573745352110519
152,-0.7203534554207873,-0.69360716494521
153,0.06704446528533842,0.9977499885615649
154,-0.8618160151786021,0.5072210129535996
155,-0.9803791495394533,-0.19712108752819496
156,-0.6953604259371671,-0.7186611705389973
157,-0.9651251889037307,0.26178878842215164
158,0.36546199585294187,-0.9308262617627332
159,0.9040359912376359,0.4274563446095812
160,0.17243189917037752,0.9850214414663758
161,0.2181658179420584,0.975911715208744
162,0.261491025190684,0.965205907433603
163,0.39952257186413803,-0.9167233577099826
164,0.3704607877595127,0.9288481063837086
165,-0.2301455439760079,0.9731562200325226
166,-0.41903466346316254,0.9079702367458495
167,0.44788563337496745,0.8940908563542658
168,-0.9114120228142492,-0.41149498741739077
169,0.7456701120186213,0.6663153037730237
170,-0.768209486618582,-0.6401985509740041
171,-0.8653768573747401,-0.5011216366514408
172,-0.1720169339683347,-0.9850939926870601
173,0.8725369853601592,-0.4885480623015563
174,0.9962126003322509,0.08695087658704119
175,0.9963941198875718,-0.08484549400805699
176,-0.6198176309946386,-0.7847458851807979
177,-0.3585872750267283,-0.933496205771028
178,-0.7430855921719957,0.6691963857541331
179,0.15171839505248677,0.9884237596308061
180,-0.8857037265727199,0.46425091139942487
181,-0.3619171738460664,0.932210254864897
182,0.5384338734038656,-0.8426677660687574
183,0.9981209991060389,-0.06127373942858985
184,0.9645453621502984,-0.2639171164482322
185,0.9618230739419846,0.2736720198207911
186,-0.1890958188463981,0.9819586403178141
187,0.2058237901700818,-0.9785890697325523
188,0.813323692579143,-0.5818114566502001
189,0.8600564015681438,-0.5101989671899149
190,-0.7437803346773432,-0.6684241271432828
191,-0.9875018309827502,0.1576075309295714
192,-0.23592802441706043,0.9717705322218115
193,-0.20033479318533481,0.9797274981541496
194,-0.8422660235991228,-0.5390620979910588
195,-0.6310159928192572,-0.7757698220518294
196,0.5069626858833098,0.8619680012169713
197,0.6895867879788908,0.7242030529105468
198,0.8572483845729763,-0.5149031046197163
199,-0.9366488731934781,0.35026973655368465
200,0.7647513376914616,0.6443255322421424
201,0.0887340285405362,-0.9960553559812664
202,-0.5510356437375944,-0.8344817070078259
203,-0.2756394831575324,-0.9612610859306895
204,0.9722676089168975,-0.23387111119379173
205,0.1872359945481097,-0.9823149608682442
206,-0.8844610447037223,-0.4666140379388517
207,-0.9732598698615699,0.22970682557782232
208,0.18268622707348126,-0.9831712681103209
209,0.7884090015774896,0.6151514010644745
210,0.8538556980635506,0.5205097951858416
211,-0.9999851442249774,0.005450809972024537
212,0.6599335462785451,0.7513239743920218
213,-0.40857735305637494,-0.9127236967283398
214,0.13887770522887224,-0.9903095389777695
215,-0.4571058971333903,-0.8894122771841405
216,-0.5538448727444869,-0.8326198754141311
217,-0.896545174333417,0.4429523116312444
218,-0.9991999517772275,0.039993204027512275
219,0.9868364140856083,-0.16172164924541757
220,-0.9034970783989456,0.428594247890204
221,-0.9744544137881578,-0.22458538565271285
222,0.7029873553522554,-0.7112023468850772
223,0.7738435287122494,0.6333768175976874
224,0.1380092516373052,0.9904309397744554
225,-0.3059208610832808,0.9520569451214901
226,0.5496908144379736,0.8353681874015296
227,0.8543403429853831,-0.5197139389583639
228,-0.6911697122701117,0.7226924856676253
229,-0.8581294552289382,0.5134333823082462
230,-0.9975155660556108,0.07044640144644984
231,0.8882446652051714,-0.4593706724798101
232,0.9332969650707265,0.35910552068963125
233,0.6648744093435794,0.7469551658567108
234,-0.48795435481257676,0.8728691469054465
235,0.6723095444235048,-0.7402701375018849
236,0.6911906130082335,0.7226724960099855
237,-0.5447834901992414,-0.8385767399626185
238,-0.605081759135609,0.7961633405032894
239,-0.37256867365778457,0.9280046246699847
240,0.2962187741070926,-0.9551201169834563
241,-0.37569437106265396,-0.9267436212630961
242,0.9948856741808387,0.10100740225220145
243,-0.9245972704860034,0.3809460426488668
244,0.8851304804862714,-0.46534291926937316
245,-0.7357011637858166,-0.6773062804995942
246,-0.02877262472474296,0.9995859823279082
247,0.8378316855965252,-0.5459286277623525
248,-0.4742829181160385,-0.8803724857032591
249,0.140297555784057,0.990109385795842
250,-0.22659340863771835,-0.973989438937579
251,-0.727325635207797,0.6862925180778051
252,-0.7429841052670596,-0.6693090611373096
253,0.44452303959963335,-0.8957674180640323
254,0.9883013490745084,0.15251374829013528
255,-0.14998025047449193,-0.988688992791772
256,-0.9391500941706441,0.3435070605086166
257,0.5639180457024398,-0.825830756106323
258,-0.5150206748839101,0.8571777554522292
259,0.9981659741822616,-0.060536666449157936
260,0.37958773111077315,0.9251557460180287
261,-0.9933682100940752,-0.11497651575210158
262,-0.2753770352383371,0.9613363035188798
263,-0.9963249569741004,-0.08565383885475919
264,0.9547088134542256,0.29754173070818907
265,0.06295265573288701,-0.9980165144606459
266,-0.043445171307035756,0.9990558128003172
267,0.28862978900818104,-0.9574407787937032
268,-0.9017953443780333,0.4321633451116653
269,0.09005361773913785,0.9959369186510224
270,0.9935901059538416,-0.11304291817992784
271,-0.7910790850650292,-0.6117138883274404
272,-0.49804707927846104,0.8671499909601535
273,-0.1919762496754796,0.981399571815954
274,0.8471439203845483,0.5313635084906546
275,0.999841029694234,-0.017830180592853226
276,-0.7129914731582458,0.7011727028369219
277,-0.21094805116707183,-0.9774972735045425
278,0.6181124207418894,0.7860897120078607
279,-0.9524252214708278,0.30477236998495244
280,-0.13727788183702969,-0.990532575515989
281,0.6559115785573937,-0.7548377316445887
282,-0.9845927947422793,-0.17486288497445013
283,0.4158225510214223,0.9094457686206675
284,-0.8206652518705218,0.5714092617137851
285,-0.7552635552725995,0.6554212096636735
286,-0.9346339631590689,-0.3556112412587266
287,0.3599716847879651,0.9329632287238945
288,-0.2978442133857511,-0.9546144900181556
289,-0.22014359064523834,0.9754674774167623
290,-0.8996888659712399,0.43653172215474145
291,-0.7797034358409872,-0.6261489855759247
292,0.6815859437931698,0.7317380687264904
293,0.9437981413280683,-0.33052241743289307
294,0.5530907723635043,0.833120998130729
295,0.540910438382636,-0.8410801969186438
296,-0.9176464422950062,0.3973977943362516
297,-0.8938275522315825,-0.44841086836928656
298,0.9598924261817338,-0.28036856128843124
299,-0.165679605131634,0.9861796329490008
300,-0.15258764845972964,0.9882899420400523
301,0.6468475469473896,-0.7626193355850248
302,-0.9758507542248195,0.2184383333548644
303,-0.994565442444305,-0.1041133070052228
304,-0.7507867716412727,-0.6605446415863772
305,-0.9017168734457957,-0.4323270522915944
306,0.3628802884367245,0.9318357667873023
307,0.9592707220657785,0.2824883746057525
308,-0.7342417299392486,0.6788881218697375
309,0.3974285744066715,-0.9176331120034198
310,0.12566880663942137,0.9920722509161436
311,-0.49815262550376493,-0.8670893620058464
312,-0.9803584571073046,-0.19722397313254067
313,-0.9779356781232761,-0.2089062216727116
314,-0.6958147033578219,0.7182213437312109
315,0.14915673360036583,0.9888135662609355
316,0.17928739127763738,0.9837967428940082
317,-0.5687835559345072,0.8224872439731191
318,-0.6223798207713911,0.7827153752779941
319,-0.9566344446047802,-0.2912911591444266
320,0.9660638138613691,0.2583035182641266
321,0.7012144070777833,-0.7129504578205648
322,-0.6558559788884181,-0.7548860410395166
323,0.7568822971156778,0.6535512132288448
324,-0.8765718203827936,0.48127107092655735
325,-0.5655053276791352,0.8247446419144012
326,0.31993974823652616,0.9474378911033421
327,0.11202798720127406,0.9937050518557462
328,0.7888035198411301,-0.6146454320063267
329,0.5942497702540466,-0.80428055462818
330,0.9672455802972124,-0.2538424460083631
331,0.8842559289330972,-0.4670026254173153
332,-0.31106886754968266,0.9503873734648194
333,0.6644835670025266,-0.747302876472183
334,-0.7370071248283993,0.6758849739061938
335,0.21502739825637282,0.9766080165547973
336,0.759440051573291,-0.6505772883112022
337,-0.6450989601154903,-0.7640990326246416
338,-0.23112873735888056,0.9729231761896155
339,0.990106493679828,0.1403179645413833
340,-0.5869216824049448,-0.8096437109759757
341,0.08909817152065164,-0.9960228490510027
342,-0.9866903106711458,0.1626106725515822
343,0.961552754076012,-0.2746202853556824
344,-0.9798309627176573,-0.19982813740759514
345,-0.6637891170612368,0.7479197871904872
346,-0.9929676926939329,0.11838564636849895
347,-0.7243294407976899,0.6894540312404488
348,0.9705809575121991,-0.240775008908115
349,-0.9553547870581097,0.2954610479321325
350,-0.8185811714240407,0.5743908649952967
351,-0.6797395978818949,0.7334535289105641
352,-0.302245919786979,-0.9532299848263918
353,0.8136557131429619,-0.5813470396155966
354,-0.999612935787124,-0.027820471006924412
355,0.47523576590460226,-0.8798584924890286
356,-0.6606920755149719,-0.7506570331061441
357,-0.9453583142151482,0.3260332157070706
358,0.7893860265067115,-0.613897142163038
359,-0.588047815182028,-0.8088261661566368
360,0.9922119135328823,0.12456130475960861
361,0.2613474251905145,-0.9652447996991688
362,-0.5793382122690912,0.8150872565589855
363,0.8492387331065817,0.5280090663914095
364,0.9768377486515699,0.21398133752580475
365,0.151877207037915,-0.9883993696792619
366,-0.3189197874913215,-0.9477817096496906
367,0.5008786002374535,-0.8655175491139213
368,-0.33280755852182536,-0.9429947661523588
369,0.1368501430370165,-0.9905917617014327
370,-0.7656291336330269,-0.6432822317865935
371,0.9855707821611944,0.16926379810866676
372,0.7639065904698721,0.6453268327264062
373,0.2692940807707142,-0.9630579930937991
374,-0.9999026727036313,-0.01395152751976416
375,0.2703081794238151,0.9627738509829723
376,-0.39093144283771836,0.9204197993311638
377,-0.7401841611921375,-0.6724041995111957
378,0.8519473737258431,-0.5236274175419376
379,0.3480670572065431,0.9374696388084134
380,0.42145023110631236,0.9068515328875151
381,-0.4213931546151768,-0.9068780564350809
382,0.4450542755643605,0.8955035967554135
383,0.9990592417371106,0.04336624839284238
384,-0.8298199078220033,0.5580312899670428
385,0.04886506736345257,0.9988053890481194
386,0.9975634638841286,0.06976485880082285
387,0.5064139026436772,-0.86229053062712
388,-0.19163547748166102,0.9814661704666013
389,0.39061649428503814,0.9205535043616242
390,-0.8003621477154974,-0.5995168325445386
391,0.9912826502894164,0.13175244679014692
392,-0.028117766828549717,0.9996046174305996
393,0.43316414437830186,0.9013150525898331
394,0.18206881354547885,0.9832857911788117
395,0.10304174154547796,-0.9946770327595158
396,-0.64318130880334,0.7657139178609872
397,-0.9855226126157731,-0.16954403564555348
398,-0.9207942246641196,-0.3900487095545925
399,0.7888685130785705,0.6145620140174669
400,0.7772714740426996,0.6291653643037648
401,-0.5460432981133796,0.8377569555577935
402,0.8441361424230788,-0.5361288772814645
403,0.0475116647251901,-0.9988706831792797
404,-0.955780242792788,0.2940818380773611
405,0.21188762039183845,-0.9772940378026892
406,-0.991007586323153,0.13380569438539752
407,-0.18154738219167452,0.9833821983437315
408,-0.9865809674364632,-0.16327276163565205
409,0.5330126327689403,-0.8461072823872413
410,-0.28472350662587037,0.9586096832260083
411,-0.14575337025715007,0.9893209565447818
412,0.9132294415878401,0.40744568597196085
413,-0.8744503726257695,-0.48511498205544296
414,0.8416773183195007,-0.5399808254248422
415,0.9999865141742713,-0.005193406357096239
416,0.7880480989925903,0.6156136724230258
417,-0.8758701267662662,-0.482546910712777
418,0.8381070702317609,-0.5455057642477614
419,-0.9999959249516148,0.0028548345248720058
420,0.10385436720064879,-0.9945925147583571
421,-0.60862424810691,0.7934585840586126
422,0.6053127623544413,0.7959877258669481
423,0.7140754001036124,0.7000687987382854
424,-0.8372419001023763,0.5468326990158531
425,-0.44362338860602707,0.8962133055705578
426,-0.9897946274139433,0.14250121242464298
427,-0.1811515100432288,0.9834552000010259
428,-0.4464398865952968,-0.89481362733073
429,-0.8284970265903248,-0.5599934615073561
430,0.5737015852116671,-0.8190643998646384
431,-0.25684355817632465,0.9664529924540174
432,-0.44400660978338535,-0.8960235099977369
433,0.986833213167952,0.1617411802498527
434,0.9891758321971171,-0.14673504352110528
435,0.9986263858300672,0.05239600675602737
436,0.9613379202237847,-0.27537139128785365
437,0.516189225812534,0.8564745665546974
438,0.7297601756881229,0.683703214837871
439,0.7811131308026764,-0.624389523364735
440,-0.6856222356060822,-0.7279575193941732
441,0.6470767661426752,0.7624248544731066
442,0.4653894058062912,-0.8851060393892176
443,-0.5473850754202524,-0.8368808632100297
444,0.6076247473078891,0.7942242545144438
445,0.49496434138459733,0.8689132872489129
446,0.9735359977835998,0.22853371965530767
447,-0.2543267601003426,0.9671183480303033
448,0.274060160526433,-0.9617125497840951
449,0.6227802857631366,-0.7823967763640044
450,-0.9411624971947368,-0.3379543665558518
451,-0.5249423087399802,0.8511378105188016
452,-0.8981639265917276,0.43966073394076227
453,-0.9619788018366335,-0.27312411980078743
454,0.7137947072032109,-0.700354992820557
455,0.9681488150653956,-0.2503754618317666
456,-0.7728504914386792,-0.6345881482371003
457,0.9563846485617005,-0.292110259996996
458,0.046544388538317154,-0.998916222661137
459,-0.4787436390131021,-0.8779547414898404
460,-0.838691931011376,0.5446061373657199
461,0.8670458230650884,0.4982284021464286
462,-0.20159525649342414,0.9794689135237272
463,-0.39457101858782034,-0.9188654478706716
464,-0.27159129701674334,0.962412680394831
465,-0.9836870700684239,0.179888154641154
466,-0.6423811134274826,-0.7663853502720859
467,0.8872053688891747,-0.4613747212561861
468,-0.9772668395572788,0.21201302861316784
469,-0.08222435721719891,0.9966138445156271
470,-0.2861831966256427,-0.958174920340294
471,0.9014192040744481,-0.432947362303766
472,0.2608761208062806,-0.9653722854904562
473,-0.9720286435388276,0.23486233444310925
474,0.9818586346436016,-0.18961440234276122
475,0.887247691780251,-0.4612933268871518
476,0.7145505783298306,0.6995837841234633
477,-0.9372478939134725,0.34866371384868866
478,-0.9998657153606828,0.016387533257635815
479,0.05475324828158609,-0.9984999157749664
480,-0.3879820976617776,-0.9216669094059778
481,-0.9990070882222145,-0.04455151716577572
482,0.49630281060907244,0.8681494803209497
483,0.9704321751469563,0.2413739700952589
484,-0.9930173544378276,0.11796835925492057
485,-0.5988143734262525,0.8008878486892684
486,-0.7146401541074555,-0.6994922802556668
487,0.9938097750114091,0.11109514432130857
488,-0.9575400195659465,-0.2883003831590357
489,0.9948596920080518,0.10126299036491176
490,0.8705373120767039,-0.4921024164564398
491,0.6163039686233684,0.7875083607550374
492,0.8128936993256829,0.5824120822893412
493,0.3872114163915577,-0.9219909538688781
494,0.5050308107449352,-0.8631013151411099
495,0.06587397999490122,0.9978279504802575
496,0.9166510474071415,0.39968845028020294
497,0.43304637427811027,0.9013716424009482
498,-0.9999970390526669,-0.002433492531114505
499,-0.9568092042227591,-0.2907166089417845
500,0.412903439739801,-0.9107748072114427
