node_id,gsm,patient_id
1,GSM36786,606
1,GSM36859,22
1,GSM36934,763
1,GSM36987,80
1,GSM37019,92
1,GSM37062,276
2,GSM36829,714
3,GSM36784,602
3,GSM36874,35
3,GSM36994,89
3,GSM37041,258
4,GSM36898,212
5,GSM36786,606
5,GSM36807,616
6,GSM36934,763
7,GSM36987,80
8,GSM37062,276
9,GSM36784,602
9,GSM36874,35
9,GSM36898,212
9,GSM36939,63
9,GSM36985,867
9,GSM36994,89
9,GSM37001,235
10,GSM36786,606
10,GSM36807,616
10,GSM36882,105
11,GSM36834,11
12,GSM37009,793
13,GSM37062,276
14,GSM36784,602
14,GSM36898,212
14,GSM36939,63
14,GSM36971,140
14,GSM36985,867
14,GSM37001,235
15,GSM36799,611
16,GSM36807,616
16,GSM36882,105
17,GSM36834,11
18,GSM36914,836
19,GSM37009,793
20,GSM37033,887
21,GSM36872,33
22,GSM36939,63
22,GSM36971,140
22,GSM36985,867
22,GSM37001,235
23,GSM36799,611
23,GSM36832,635
23,GSM36834,11
23,GSM36882,105
23,GSM36914,836
23,GSM37009,793
23,GSM37014,796
23,GSM37025,99
23,GSM37033,887
24,GSM36860,27
24,GSM36971,140
25,GSM36872,33
26,GSM36799,611
26,GSM36819,629
26,GSM36832,635
26,GSM36914,836
26,GSM37014,796
26,GSM37025,99
26,GSM37033,887
27,GSM37016,879
28,GSM36860,27
29,GSM36872,33
29,GSM36967,75
29,GSM37023,98
30,GSM36782,600
30,GSM36894,909
31,GSM36819,629
32,GSM36832,635
33,GSM36904,111
34,GSM36963,698
35,GSM37014,796
36,GSM37016,879
37,GSM37025,99
38,GSM36860,27
39,GSM36967,75
39,GSM37023,98
40,GSM36777,277
40,GSM36782,600
40,GSM36819,629
40,GSM36887,900
40,GSM36894,909
40,GSM36904,111
40,GSM36963,698
40,GSM36975,787
40,GSM37016,879
41,GSM36820,749
42,GSM36967,75
42,GSM37023,98
43,GSM36777,277
43,GSM36782,600
43,GSM36790,286
43,GSM36887,900
43,GSM36894,909
43,GSM36904,111
43,GSM36932,841
43,GSM36963,698
43,GSM36975,787
44,GSM36820,749
45,GSM36972,222
45,GSM36983,866
46,GSM36777,277
46,GSM36790,286
46,GSM36812,621
46,GSM36887,900
46,GSM36913,754
46,GSM36932,841
46,GSM36945,851
46,GSM36975,787
47,GSM36820,749
48,GSM36888,108
49,GSM36972,222
49,GSM36983,866
50,GSM36790,286
50,GSM36796,5
50,GSM36812,621
50,GSM36913,754
50,GSM36932,841
50,GSM36945,851
50,GSM37060,273
51,GSM36823,630
52,GSM36888,108
53,GSM36972,222
53,GSM36983,866
54,GSM37038,416
55,GSM36796,5
55,GSM36945,851
56,GSM36812,621
57,GSM36823,630
58,GSM36884,768
59,GSM36913,754
60,GSM36968,78
61,GSM37060,273
62,GSM36888,108
62,GSM36926,204
62,GSM36976,226
62,GSM37038,416
63,GSM36796,5
64,GSM36823,630
65,GSM36844,804
66,GSM36856,729
67,GSM36869,738
67,GSM36993,88
68,GSM36884,768
69,GSM36968,78
70,GSM37060,273
71,GSM36926,204
72,GSM36976,226
72,GSM37038,416
73,GSM36844,804
74,GSM36856,729
75,GSM36861,28
76,GSM36869,738
76,GSM36907,114
76,GSM36993,88
77,GSM36884,768
78,GSM36893,741
79,GSM36968,78
80,GSM36926,204
80,GSM36998,233
81,GSM36976,226
82,GSM36791,287
82,GSM36844,804
82,GSM36856,729
82,GSM36861,28
82,GSM36869,738
82,GSM36880,103
82,GSM36893,741
82,GSM36907,114
82,GSM36965,72
82,GSM36993,88
82,GSM37024,861
83,GSM36998,233
84,GSM36791,287
84,GSM36852,809
84,GSM36861,28
84,GSM36880,103
84,GSM36893,741
84,GSM36907,114
84,GSM36965,72
84,GSM37024,861
85,GSM36903,110
86,GSM36946,130
87,GSM36986,868
87,GSM36998,233
88,GSM36780,846
89,GSM36791,287
90,GSM36852,809
91,GSM36880,103
91,GSM36965,72
92,GSM37024,861
93,GSM37046,899
94,GSM36903,110
94,GSM37058,271
95,GSM36946,130
96,GSM36986,868
97,GSM37020,93
98,GSM36780,846
99,GSM36793,3
100,GSM36852,809
100,GSM37046,899
101,GSM36885,106
101,GSM36903,110
101,GSM36943,67
101,GSM36946,130
101,GSM36986,868
101,GSM37007,873
101,GSM37020,93
101,GSM37058,271
102,GSM36780,846
102,GSM36793,3
102,GSM36890,820
102,GSM36982,865
102,GSM37032,883
102,GSM37046,899
103,GSM36885,106
103,GSM36943,67
103,GSM37007,873
103,GSM37058,271
104,GSM37013,877
105,GSM37020,93
106,GSM36793,3
106,GSM36890,820
106,GSM36982,865
106,GSM37000,779
106,GSM37032,883
107,GSM36868,737
108,GSM36885,106
108,GSM36943,67
108,GSM36957,138
108,GSM37007,873
109,GSM36928,205
110,GSM37013,877
111,GSM36868,737
111,GSM36871,32
111,GSM36889,901
111,GSM36890,820
111,GSM36982,865
111,GSM37000,779
111,GSM37032,883
112,GSM36813,540
113,GSM36928,205
113,GSM36957,138
113,GSM36989,81
113,GSM37013,877
114,GSM36806,615
114,GSM36848,726
114,GSM36868,737
114,GSM36871,32
114,GSM36889,901
114,GSM36962,70
114,GSM36978,782
114,GSM37000,779
115,GSM36813,540
116,GSM36928,205
116,GSM36957,138
116,GSM36989,81
117,GSM36804,614
117,GSM36806,615
117,GSM36836,15
117,GSM36848,726
117,GSM36871,32
117,GSM36889,901
117,GSM36962,70
117,GSM36978,782
118,GSM36813,540
119,GSM36839,19
119,GSM36989,81
120,GSM36804,614
120,GSM36806,615
120,GSM36836,15
120,GSM36840,848
120,GSM36842,640
120,GSM36848,726
120,GSM36916,50
120,GSM36936,845
120,GSM36962,70
120,GSM36978,782
121,GSM36839,19
122,GSM36804,614
122,GSM36806,615
122,GSM36840,848
122,GSM36842,640
122,GSM36916,50
122,GSM36936,845
123,GSM36836,15
124,GSM36839,19
124,GSM36950,134
124,GSM37027,241
125,GSM36877,39
126,GSM37003,237
127,GSM36840,848
127,GSM36857,648
127,GSM36936,845
128,GSM36842,640
128,GSM36916,50
129,GSM36877,39
129,GSM37049,260
130,GSM36950,134
131,GSM36964,71
132,GSM37003,237
133,GSM37006,871
134,GSM37027,241
135,GSM36857,648
135,GSM36864,810
135,GSM36938,62
136,GSM36892,903
137,GSM36877,39
137,GSM37049,260
138,GSM36950,134
139,GSM36964,71
140,GSM37003,237
141,GSM37006,871
142,GSM37027,241
143,GSM37039,254
144,GSM36837,17
144,GSM36857,648
144,GSM36864,810
144,GSM36892,903
144,GSM36938,62
144,GSM37056,268
144,GSM37059,272
145,GSM36815,625
146,GSM36964,71
146,GSM37049,260
147,GSM37006,871
147,GSM37039,254
148,GSM36825,631
148,GSM36837,17
148,GSM36853,728
148,GSM36864,810
148,GSM36892,903
148,GSM36938,62
148,GSM37056,268
148,GSM37059,272
149,GSM37054,265
150,GSM36815,625
151,GSM36999,234
151,GSM37039,254
152,GSM36801,9
153,GSM36825,631
153,GSM37059,272
154,GSM36837,17
155,GSM36853,728
156,GSM37044,891
157,GSM37054,265
158,GSM37056,268
159,GSM36815,625
160,GSM36879,100
160,GSM36920,57
161,GSM36999,234
162,GSM36801,9
162,GSM36810,847
162,GSM36825,631
162,GSM36853,728
162,GSM36917,54
162,GSM36995,852
162,GSM37044,891
162,GSM37054,265
163,GSM36826,550
163,GSM36879,100
163,GSM36920,57
163,GSM36999,234
164,GSM36801,9
164,GSM36810,847
164,GSM36917,54
164,GSM36988,789
164,GSM36995,852
164,GSM37055,267
165,GSM37044,891
166,GSM36811,620
167,GSM36826,550
167,GSM36879,100
167,GSM36920,57
168,GSM37018,91
169,GSM36810,847
169,GSM36917,54
169,GSM36933,843
169,GSM36988,789
169,GSM36995,852
169,GSM37055,267
170,GSM36792,288
171,GSM36811,620
172,GSM36826,550
173,GSM36996,230
174,GSM37008,874
174,GSM37018,91
175,GSM36808,292
176,GSM36831,716
176,GSM36988,789
177,GSM36873,34
178,GSM36933,843
178,GSM37055,267
179,GSM36792,288
179,GSM36811,620
179,GSM36897,41
179,GSM36996,230
180,GSM37008,874
180,GSM37018,91
181,GSM36781,765
181,GSM36808,292
181,GSM36831,716
181,GSM36873,34
181,GSM36919,56
181,GSM36921,200
181,GSM36933,843
182,GSM36792,288
182,GSM36897,41
182,GSM36996,230
183,GSM37008,874
184,GSM37036,252
185,GSM36781,765
185,GSM36808,292
185,GSM36831,716
185,GSM36841,767
185,GSM36873,34
185,GSM36906,113
185,GSM36919,56
185,GSM36921,200
185,GSM36929,125
185,GSM36992,86
186,GSM36897,41
186,GSM37036,252
187,GSM36781,765
187,GSM36841,767
187,GSM36863,857
187,GSM36906,113
187,GSM36910,751
187,GSM36915,839
187,GSM36919,56
187,GSM36921,200
187,GSM36929,125
187,GSM36992,86
187,GSM37061,275
188,GSM37036,252
189,GSM36841,767
189,GSM36863,857
189,GSM36883,849
189,GSM36906,113
189,GSM36910,751
189,GSM36915,839
189,GSM36929,125
189,GSM36979,863
189,GSM36992,86
189,GSM37061,275
190,GSM36956,137
190,GSM37052,263
191,GSM36802,612
191,GSM36863,857
191,GSM36883,849
191,GSM36910,751
191,GSM36915,839
191,GSM36925,122
191,GSM36958,139
191,GSM36979,863
191,GSM37061,275
192,GSM36886,107
193,GSM36956,137
193,GSM37052,263
194,GSM36802,612
195,GSM36883,849
195,GSM36925,122
195,GSM37015,797
196,GSM36886,107
197,GSM36958,139
198,GSM36961,777
199,GSM36979,863
200,GSM36955,136
200,GSM36956,137
200,GSM37002,236
200,GSM37052,263
201,GSM36802,612
202,GSM36850,727
203,GSM36886,107
204,GSM36925,122
204,GSM37015,797
205,GSM36942,66
206,GSM36958,139
207,GSM36961,777
208,GSM37034,853
209,GSM36789,285
209,GSM36955,136
209,GSM37002,236
210,GSM36850,727
210,GSM36942,66
210,GSM36944,68
210,GSM36961,777
210,GSM36980,783
210,GSM37015,797
210,GSM37034,853
211,GSM36981,864
212,GSM36789,285
213,GSM36955,136
213,GSM37042,259
214,GSM37002,236
215,GSM36850,727
215,GSM36942,66
215,GSM36944,68
216,GSM36912,833
217,GSM36980,783
218,GSM36981,864
219,GSM37034,853
220,GSM36789,285
220,GSM36818,546
220,GSM36902,49
220,GSM36947,213
221,GSM37042,259
222,GSM36849,808
222,GSM36896,40
222,GSM36944,68
222,GSM36980,783
223,GSM36912,833
223,GSM36981,864
224,GSM36814,703
224,GSM36818,546
224,GSM36902,49
224,GSM36947,213
224,GSM36954,217
224,GSM37042,259
225,GSM36849,808
225,GSM36867,817
225,GSM36896,40
226,GSM36851,646
227,GSM36865,813
227,GSM36912,833
228,GSM36814,703
228,GSM36818,546
228,GSM36870,31
228,GSM36902,49
228,GSM36947,213
228,GSM36954,217
229,GSM36849,808
229,GSM36867,817
229,GSM36896,40
229,GSM37010,794
230,GSM36851,646
230,GSM36865,813
230,GSM36991,84
231,GSM36778,278
231,GSM36814,703
231,GSM36870,31
232,GSM36954,217
233,GSM36973,141
234,GSM36805,290
234,GSM36821,856
234,GSM36851,646
234,GSM36865,813
234,GSM36867,817
234,GSM36991,84
234,GSM37010,794
234,GSM37012,795
235,GSM36778,278
235,GSM36870,31
236,GSM36973,141
237,GSM36805,290
237,GSM37010,794
237,GSM37012,795
238,GSM36821,856
239,GSM36847,806
239,GSM36991,84
240,GSM36778,278
241,GSM36881,104
242,GSM36923,121
243,GSM36973,141
243,GSM37028,244
244,GSM36805,290
244,GSM36821,856
244,GSM36847,806
244,GSM36935,844
244,GSM36953,135
244,GSM36991,84
244,GSM37012,795
244,GSM37048,862
245,GSM36881,104
245,GSM37031,249
246,GSM36923,121
247,GSM37028,244
248,GSM36787,284
249,GSM36843,641
250,GSM36847,806
250,GSM36935,844
250,GSM37048,862
251,GSM36953,135
252,GSM36970,762
253,GSM36881,104
253,GSM37031,249
254,GSM36923,121
254,GSM36941,65
255,GSM37028,244
256,GSM36787,284
257,GSM36833,637
257,GSM36935,844
257,GSM37048,862
258,GSM36843,641
259,GSM36953,135
260,GSM36970,762
261,GSM36800,8
262,GSM36908,115
263,GSM36941,65
263,GSM37040,255
264,GSM37031,249
265,GSM36783,601
265,GSM36787,284
265,GSM36795,855
265,GSM36833,637
265,GSM36843,641
265,GSM36854,647
265,GSM36970,762
266,GSM36800,8
267,GSM36908,115
268,GSM36911,913
269,GSM36941,65
269,GSM37040,255
270,GSM36783,601
270,GSM36845,642
271,GSM36795,855
272,GSM36816,707
272,GSM36854,647
273,GSM36833,637
274,GSM36800,8
274,GSM36908,115
274,GSM36911,913
274,GSM36924,203
274,GSM37005,870
274,GSM37040,255
275,GSM36783,601
275,GSM36816,707
275,GSM36845,642
275,GSM36854,647
275,GSM36990,82
276,GSM36795,855
277,GSM36911,913
277,GSM36924,203
277,GSM36997,231
277,GSM37005,870
277,GSM37011,876
278,GSM36918,55
279,GSM36816,707
279,GSM36830,634
279,GSM36845,642
279,GSM36878,760
279,GSM36990,82
280,GSM36858,21
280,GSM36924,203
280,GSM36997,231
280,GSM37005,870
280,GSM37011,876
281,GSM36918,55
281,GSM36969,79
282,GSM36822,710
283,GSM36830,634
283,GSM36878,760
283,GSM36990,82
284,GSM36930,769
285,GSM37043,890
286,GSM36858,21
287,GSM36918,55
287,GSM36931,126
287,GSM36969,79
288,GSM36997,231
289,GSM37011,876
290,GSM36803,613
290,GSM36830,634
290,GSM36878,760
290,GSM36930,769
291,GSM36822,710
291,GSM37043,890
292,GSM36838,18
293,GSM36858,21
294,GSM36931,126
294,GSM36960,696
294,GSM36969,79
295,GSM37029,246
296,GSM36779,798
297,GSM36803,613
298,GSM36822,710
299,GSM36846,805
299,GSM37043,890
300,GSM36930,769
301,GSM36951,778
302,GSM36797,6
302,GSM36931,126
302,GSM36960,696
303,GSM36838,18
304,GSM37029,246
305,GSM36779,798
305,GSM36803,613
305,GSM36951,778
306,GSM36846,805
307,GSM36797,6
307,GSM36862,29
307,GSM36937,61
307,GSM36960,696
307,GSM37051,262
308,GSM36838,18
309,GSM37026,240
310,GSM37029,246
311,GSM36779,798
311,GSM36785,605
312,GSM36846,805
312,GSM37017,90
313,GSM36909,118
314,GSM36951,778
315,GSM36797,6
315,GSM36862,29
315,GSM36927,124
315,GSM36937,61
315,GSM37051,262
316,GSM37026,240
317,GSM36785,605
318,GSM36855,20
318,GSM36966,74
318,GSM37017,90
319,GSM36895,747
320,GSM36909,118
321,GSM36862,29
321,GSM36927,124
321,GSM36937,61
321,GSM37051,262
322,GSM37026,240
322,GSM37037,253
323,GSM36785,605
323,GSM36895,747
323,GSM36922,201
324,GSM36855,20
324,GSM36909,118
324,GSM36966,74
324,GSM37017,90
324,GSM37021,94
325,GSM36927,124
325,GSM37022,96
326,GSM37035,250
326,GSM37037,253
327,GSM36798,7
327,GSM36855,20
327,GSM36901,48
327,GSM36966,74
327,GSM37021,94
327,GSM37047,772
328,GSM36895,747
328,GSM36899,44
328,GSM36922,201
329,GSM37022,96
330,GSM37035,250
330,GSM37037,253
331,GSM36798,7
331,GSM36940,64
331,GSM37021,94
331,GSM37045,894
331,GSM37047,772
332,GSM36899,44
333,GSM36901,48
334,GSM36922,201
335,GSM36952,216
335,GSM37022,96
336,GSM36974,223
337,GSM37035,250
338,GSM36788,609
338,GSM36798,7
338,GSM36901,48
338,GSM36940,64
338,GSM37045,894
338,GSM37047,772
339,GSM36899,44
340,GSM36948,133
341,GSM37057,270
342,GSM36952,216
342,GSM37053,264
343,GSM36974,223
344,GSM36788,609
344,GSM36809,293
344,GSM36824,712
344,GSM36827,713
344,GSM36876,38
344,GSM36940,64
344,GSM37045,894
345,GSM36948,133
346,GSM37057,270
347,GSM36952,216
347,GSM37053,264
348,GSM36974,223
349,GSM36788,609
349,GSM36809,293
349,GSM36817,627
349,GSM36824,712
349,GSM36827,713
349,GSM36876,38
350,GSM36948,133
351,GSM36959,774
352,GSM37057,270
353,GSM37004,239
353,GSM37030,247
354,GSM37053,264
355,GSM36809,293
355,GSM36817,627
355,GSM36824,712
355,GSM36827,713
355,GSM36876,38
355,GSM36891,109
355,GSM36977,780
356,GSM36959,774
357,GSM36875,37
358,GSM36949,215
359,GSM37004,239
359,GSM37030,247
360,GSM36817,627
361,GSM36828,633
361,GSM36891,109
361,GSM36977,780
362,GSM36866,815
363,GSM36959,774
364,GSM36875,37
365,GSM36905,112
365,GSM36949,215
365,GSM37050,261
366,GSM37004,239
366,GSM37030,247
367,GSM36794,791
367,GSM36828,633
367,GSM36891,109
367,GSM36900,46
367,GSM36977,780
368,GSM36866,815
368,GSM36984,785
369,GSM36835,14
370,GSM36875,37
371,GSM36905,112
371,GSM36949,215
371,GSM37050,261
