node_id,patients,degree,mean_centrality,mean_rank,mean_esr1,mean_four_marker_score,relapse_fraction,er_negative_fraction
1,6,6,0.5401746436008106,0.017543859649122806,6.2432904763215005,7.181360851318536,0.0,0.0
2,1,0,0.5314055453279873,0.0035087719298245615,6.6257264381849375,6.076943297762401,0.0,0.0
3,4,2,0.5425664254629664,0.02280701754385965,6.659970845430729,6.694130088440657,1.0,0.0
4,1,2,0.547948283269055,0.031578947368421054,6.541787989551102,5.6038013369706166,1.0,0.0
5,2,3,0.5503079943996178,0.04035087719298246,6.569558835742583,7.03836455840672,0.0,0.0
6,1,1,0.5403464966757558,0.017543859649122806,6.536655492648409,6.5584217022535265,0.0,0.0
7,1,1,0.5382363341888645,0.014035087719298246,6.011338412854824,5.782125591167425,0.0,0.0
8,1,2,0.5526250208686435,0.03859649122807018,6.331559648945966,8.083395376223514,0.0,0.0
9,7,4,0.5489745366375508,0.03558897243107769,6.713512596224189,6.683933809419138,1.0,0.0
10,3,4,0.5522373119225763,0.047953216374269005,6.735374591181486,7.434637296461633,0.0,0.0
11,1,2,0.5544156827013322,0.056140350877192984,6.489232466100988,6.775879912018143,0.0,0.0
12,1,2,0.5556898383035525,0.05964912280701754,6.746112051503608,7.956940949302865,0.0,0.0
13,1,2,0.5526250208686435,0.03859649122807018,6.331559648945966,8.083395376223514,0.0,0.0
14,6,5,0.5526172966559494,0.04502923976608187,6.564619829990086,6.662950766270785,1.0,0.0
15,1,2,0.557175659680184,0.07017543859649122,6.41516440667377,7.407955233319718,0.0,0.0
16,2,3,0.5548505403636298,0.05789473684210526,6.915267893892785,7.619171862852518,0.0,0.0
17,1,2,0.5544156827013322,0.056140350877192984,6.489232466100988,6.775879912018143,0.0,0.0
18,1,2,0.55893814642307,0.07368421052631578,6.763299453991468,7.604082432006105,0.0,0.0
19,1,2,0.5556898383035525,0.05964912280701754,6.746112051503608,7.956940949302865,0.0,0.0
20,1,2,0.5590806607821256,0.07719298245614035,6.960953967806614,8.542238887946743,0.0,0.0
21,1,2,0.5597465184663841,0.08070175438596491,7.226780471180252,5.810893036246005,1.0,0.0
22,4,3,0.5540987433589537,0.05087719298245614,6.503719640042609,6.966564773421051,1.0,0.0
23,9,13,0.5582385631264662,0.0736842105263158,6.908412210914084,7.582872126270631,0.0,0.0
24,2,4,0.5590797968409248,0.08070175438596491,5.859328729688882,6.977808870198657,1.0,0.0
25,1,2,0.5597465184663841,0.08070175438596491,7.226780471180252,5.810893036246005,1.0,0.0
26,7,9,0.5599601359075745,0.08320802005012531,6.926412665395676,7.3445951084953425,0.0,0.0
27,1,2,0.5654641787793531,0.10877192982456141,6.009405793832216,8.330354032385394,0.0,1.0
28,1,2,0.5614573830607215,0.09473684210526316,5.453762741160997,6.985357049168115,1.0,0.0
29,3,4,0.5616269979544514,0.09590643274853801,6.710842352619544,6.486987088679847,1.0,0.3333333333333333
30,2,2,0.5682119708916902,0.11578947368421053,6.405408274916393,7.20717792817375,0.0,0.0
31,1,2,0.561775351188204,0.09824561403508772,6.611529379206877,6.126320256924173,0.0,0.0
32,1,2,0.5608455772686365,0.08771929824561403,7.051131732111677,7.38542485964449,0.0,0.0
33,1,2,0.5678728879188725,0.11578947368421053,5.466734134147005,6.538605404627228,0.0,1.0
34,1,2,0.5699803161301931,0.12280701754385964,6.512368930484468,8.022452827226932,0.0,0.0
35,1,2,0.5611832603988527,0.0912280701754386,7.733473205648372,7.958350413719559,0.0,0.0
36,1,2,0.5654641787793531,0.10877192982456141,6.009405793832216,8.330354032385394,0.0,1.0
37,1,2,0.5607222956119491,0.08421052631578947,6.949336512330956,6.387793675906606,0.0,0.0
38,1,2,0.5614573830607215,0.09473684210526316,5.453762741160997,6.985357049168115,1.0,0.0
39,2,2,0.5625672376984849,0.10350877192982455,6.45287329333919,6.825034114896766,1.0,0.5
40,9,9,0.5684372096972328,0.11929824561403507,6.3085368083201665,7.313412743797938,0.0,0.2222222222222222
41,1,2,0.5709125418876874,0.12982456140350876,6.075830414650679,6.615972202833176,0.0,0.0
42,2,2,0.5625672376984849,0.10350877192982455,6.45287329333919,6.825034114896766,1.0,0.5
43,9,6,0.5704095727569433,0.12826510721247564,6.419136859849631,7.1086338728438,0.0,0.1111111111111111
44,1,2,0.5709125418876874,0.12982456140350876,6.075830414650679,6.615972202833176,0.0,0.0
45,2,2,0.5728343816997763,0.1473684210526316,6.880755740831829,6.481815537387318,1.0,0.0
46,8,6,0.5727232658161979,0.1456140350877193,6.7667758177673285,7.242393616567347,0.0,0.125
47,1,2,0.5709125418876874,0.12982456140350876,6.075830414650679,6.615972202833176,0.0,0.0
48,1,2,0.573653410791881,0.15789473684210525,7.1097229364507495,7.774210347069788,1.0,0.0
49,2,2,0.5728343816997763,0.1473684210526316,6.880755740831829,6.481815537387318,1.0,0.0
50,7,8,0.5741601064240118,0.15839598997493737,6.850757935235829,7.199070159384616,0.0,0.14285714285714285
51,1,2,0.5777171850097437,0.17894736842105263,6.863421050479783,6.749579285900465,0.0,0.0
52,1,2,0.573653410791881,0.15789473684210525,7.1097229364507495,7.774210347069788,1.0,0.0
53,2,2,0.5728343816997763,0.1473684210526316,6.880755740831829,6.481815537387318,1.0,0.0
54,1,2,0.5763824519533846,0.17543859649122806,6.9833384432377565,6.3055016672462685,1.0,0.0
55,2,3,0.5746512777950051,0.1649122807017544,7.183546028832819,7.45161679582247,0.0,0.0
56,1,2,0.5734108116259913,0.1543859649122807,6.2252133615353635,8.175449379278906,0.0,1.0
57,1,2,0.5777171850097437,0.17894736842105263,6.863421050479783,6.749579285900465,0.0,0.0
58,1,2,0.5794652958751525,0.19298245614035087,6.089883685152661,7.370574398687941,0.0,0.0
59,1,2,0.575188422986467,0.1649122807017544,6.877471078489558,7.125260139575241,0.0,0.0
60,1,2,0.5781745784897003,0.1824561403508772,5.396332372816548,7.092883118175866,0.0,1.0
61,1,2,0.5762281572606631,0.17192982456140352,6.869193412155973,7.5758835544709004,0.0,0.0
62,4,7,0.5768827128236612,0.17719298245614035,6.563350862698792,6.513227535097201,1.0,0.25
63,1,2,0.575524672652928,0.16842105263157894,6.317882079734347,7.267084945352853,0.0,0.0
64,1,2,0.5777171850097437,0.17894736842105263,6.863421050479783,6.749579285900465,0.0,0.0
65,1,2,0.5822231963372487,0.20701754385964913,6.2733945502503525,6.721431957166998,0.0,0.0
66,1,2,0.5821665081551262,0.20350877192982456,6.769094088264757,7.59214067087757,0.0,0.0
67,2,2,0.58162032550258,0.19824561403508772,6.568527742029316,6.332994420140036,0.0,0.0
68,1,2,0.5794652958751525,0.19298245614035087,6.089883685152661,7.370574398687941,0.0,0.0
69,1,2,0.5781745784897003,0.1824561403508772,5.396332372816548,7.092883118175866,0.0,1.0
70,1,2,0.5762281572606631,0.17192982456140352,6.869193412155973,7.5758835544709004,0.0,0.0
71,1,2,0.5783069208297515,0.18596491228070175,4.915607225640021,6.134274274878791,1.0,1.0
72,2,3,0.5777852598365061,0.1824561403508772,7.1140366443522,6.072212759220111,1.0,0.0
73,1,2,0.5822231963372487,0.20701754385964913,6.2733945502503525,6.721431957166998,0.0,0.0
74,1,2,0.5821665081551262,0.20350877192982456,6.769094088264757,7.59214067087757,0.0,0.0
75,1,2,0.5825331119295212,0.21052631578947367,7.036896618012118,7.044585998193485,0.0,0.0
76,3,3,0.5820352251201432,0.20584795321637425,6.589294744575628,6.625810632443897,0.0,0.0
77,1,2,0.5794652958751525,0.19298245614035087,6.089883685152661,7.370574398687941,0.0,0.0
78,1,2,0.582698780708715,0.21403508771929824,6.747702916537512,7.124316190379796,0.0,0.0
79,1,2,0.5781745784897003,0.1824561403508772,5.396332372816548,7.092883118175866,0.0,1.0
80,2,4,0.5805520119506153,0.2017543859649123,5.933529750339661,7.220796143286702,1.0,0.5
81,1,2,0.5791880677196275,0.18947368421052632,7.244734845466643,5.838923851193954,1.0,0.0
82,11,12,0.5832328154109434,0.21562998405103667,6.7184928377358855,7.145362340412617,0.0,0.09090909090909091
83,1,2,0.5827971030714791,0.21754385964912282,6.9514522750393,8.307318011694612,1.0,0.0
84,8,9,0.5844448919885878,0.2267543859649123,6.7782581109078315,7.407319976445547,0.0,0.125
85,1,2,0.5874848875390146,0.24561403508771928,6.1878326160582935,6.838696243845654,1.0,0.0
86,1,2,0.5865789228662313,0.23859649122807017,6.703290759571626,7.064187968257924,1.0,0.0
87,2,4,0.5849509958494041,0.22982456140350876,6.674331539892419,7.807029373287327,1.0,0.0
88,1,2,0.5882384021303072,0.256140350877193,5.592828414670399,7.517936239540982,0.0,1.0
89,1,2,0.5838794353674763,0.22807017543859648,7.410564161546639,7.960727227096493,0.0,1.0
90,1,2,0.5876285218858603,0.24912280701754386,6.502187794741667,7.639135535350233,0.0,0.0
91,2,2,0.584797602214002,0.22807017543859648,6.37120880223944,7.475881911399018,0.0,0.0
92,1,2,0.5863590572338564,0.23508771929824562,7.155467042277588,7.32658798069472,0.0,0.0
93,1,2,0.590335687771091,0.2631578947368421,6.475645566237546,7.373775358652591,0.0,0.0
94,2,3,0.5878852005007071,0.25263157894736843,6.014835880268439,7.135060836400321,1.0,0.0
95,1,2,0.5865789228662313,0.23859649122807017,6.703290759571626,7.064187968257924,1.0,0.0
96,1,2,0.587104888627329,0.24210526315789474,6.397210804745539,7.306740734880043,1.0,0.0
97,1,2,0.5880194122338382,0.25263157894736843,6.088171567349308,6.180736684452455,1.0,1.0
98,1,2,0.5882384021303072,0.256140350877193,5.592828414670399,7.517936239540982,0.0,1.0
99,1,2,0.5915974695260096,0.2771929824561403,6.031116029108325,7.608901937827239,0.0,1.0
100,2,4,0.5889821048284757,0.256140350877193,6.488916680489607,7.506455447001413,0.0,0.0
101,8,10,0.5887867815214577,0.256140350877193,6.307041382959039,6.7771767218943655,1.0,0.125
102,6,7,0.5913621964115348,0.2766081871345029,6.211791451310202,7.675873791533861,0.0,0.3333333333333333
103,4,3,0.5902765352263121,0.2675438596491228,6.269956328986886,6.706763035929711,1.0,0.0
104,1,2,0.5916508893621605,0.2807017543859649,6.895745975514647,6.51780826297656,1.0,0.0
105,1,2,0.5880194122338382,0.25263157894736843,6.088171567349308,6.180736684452455,1.0,1.0
106,5,4,0.5926990457398966,0.28771929824561404,6.309690130258551,7.865042778050122,0.0,0.2
107,1,2,0.5930310462958273,0.29473684210526313,6.800279609894322,6.590175455859503,0.0,0.0
108,4,4,0.5919848002634492,0.27807017543859647,6.501298197166337,6.04054779888008,1.0,0.0
109,1,2,0.596069912882692,0.30526315789473685,6.125718906882524,8.058446507714164,1.0,0.0
110,1,2,0.5916508893621605,0.2807017543859649,6.895745975514647,6.51780826297656,1.0,0.0
111,7,5,0.5939977006204193,0.29724310776942353,6.5136876824584755,7.46749414684327,0.0,0.0
112,1,2,0.5974390363631413,0.3192982456140351,8.02670833722531,7.284587103320135,1.0,0.0
113,4,6,0.5948568075420437,0.3,6.469168561901562,6.582484088935233,1.0,0.0
114,8,6,0.5967392611761447,0.31622807017543864,6.54900411738981,6.878635432835646,0.0,0.125
115,1,2,0.5974390363631413,0.3192982456140351,8.02670833722531,7.284587103320135,1.0,0.0
116,3,4,0.5959254469353382,0.30643274853801167,6.326976090697201,6.604042697588125,1.0,0.0
117,8,5,0.5982888092362907,0.3276315789473685,6.4497471452517185,6.447261849300916,0.0,0.125
118,1,2,0.5974390363631413,0.3192982456140351,8.02670833722531,7.284587103320135,1.0,0.0
119,2,4,0.5978793591367864,0.32456140350877194,6.640311894234189,6.70422056662648,1.0,0.0
120,10,6,0.5995382196246454,0.34070175438596495,6.344400689001395,6.518040073762897,0.0,0.1
121,1,2,0.5991708639611986,0.3368421052631579,7.192621040455687,6.421324028959217,1.0,0.0
122,6,5,0.6001678632810576,0.34795321637426896,6.208021302960742,6.382577000214451,0.0,0.0
123,1,2,0.5995548120399774,0.34035087719298246,6.344592632416144,6.890586768488559,0.0,0.0
124,3,6,0.6018949239860524,0.3567251461988304,6.971816748944758,5.8491403031885865,1.0,0.0
125,1,2,0.602972507724594,0.3649122807017544,6.263662683836554,7.917453191434182,1.0,0.0
126,1,2,0.6036964529394586,0.3684210526315789,6.112034657273714,7.370217999738232,1.0,0.0
127,3,4,0.6017945443743891,0.36023391812865496,6.602523884201177,7.488954559400589,0.0,0.0
128,2,2,0.6007169311226807,0.3526315789473684,6.26382198225375,7.006640129880225,0.0,0.0
129,2,3,0.6038494869388984,0.37192982456140355,6.466684345617933,7.915039446421899,1.0,0.5
130,1,2,0.602198140610935,0.36140350877192984,6.875003124733796,5.184203826878059,1.0,0.0
131,1,2,0.6047710358780336,0.3824561403508772,5.509308994760251,7.012697554459545,1.0,1.0
132,1,2,0.6036964529394586,0.3684210526315789,6.112034657273714,7.370217999738232,1.0,0.0
133,1,2,0.604967050696988,0.38596491228070173,7.306732901348545,7.137840683407655,1.0,0.0
134,1,2,0.6043157673860239,0.3719298245614035,6.847826081644794,5.941893053728485,1.0,0.0
135,3,3,0.605913899171481,0.3906432748538012,6.864307649942184,7.615346801365123,0.0,0.0
136,1,2,0.6061193095246495,0.3929824561403509,5.584645472810112,6.9240233156607705,0.0,0.0
137,2,3,0.6038494869388984,0.37192982456140355,6.466684345617933,7.915039446421899,1.0,0.5
138,1,2,0.602198140610935,0.36140350877192984,6.875003124733796,5.184203826878059,1.0,0.0
139,1,2,0.6047710358780336,0.3824561403508772,5.509308994760251,7.012697554459545,1.0,1.0
140,1,2,0.6036964529394586,0.3684210526315789,6.112034657273714,7.370217999738232,1.0,0.0
141,1,2,0.604967050696988,0.38596491228070173,7.306732901348545,7.137840683407655,1.0,0.0
142,1,2,0.6043157673860239,0.3719298245614035,6.847826081644794,5.941893053728485,1.0,0.0
143,1,2,0.6054413791220121,0.3894736842105263,6.780507253374655,6.309402238228666,1.0,0.0
144,7,7,0.6064130894510628,0.3979949874686716,6.766252627244646,7.2195421966156,0.0,0.14285714285714285
145,1,2,0.6076671864535831,0.41403508771929826,6.987997237713016,6.2973578657104285,1.0,0.0
146,2,4,0.6047487510156182,0.38070175438596493,6.089507501079782,7.46266162793458,1.0,1.0
147,2,4,0.6052042149095,0.387719298245614,7.0436200773616005,6.72362146081816,1.0,0.0
148,8,8,0.6069949361330874,0.4061403508771929,6.811231113597146,7.075087383729858,0.0,0.125
149,1,2,0.6095022333186843,0.4280701754385965,6.137713312471879,6.259633966390815,0.0,1.0
150,1,2,0.6076671864535831,0.41403508771929826,6.987997237713016,6.2973578657104285,1.0,0.0
151,2,4,0.607314915119976,0.4070175438596491,7.232901210756488,6.027299050318632,1.0,0.0
152,1,2,0.6100978722764299,0.43157894736842106,7.012133992623786,8.555185769848359,0.0,0.0
153,2,3,0.6075677635173264,0.41403508771929826,7.168987967584167,7.466179003352503,0.0,0.0
154,1,2,0.6066756629788116,0.40350877192982454,6.691707107946571,7.263609592752537,0.0,0.0
155,1,2,0.6079555124718506,0.42105263157894735,7.236478091470041,6.669020925534503,0.0,0.0
156,1,2,0.611153515492713,0.43508771929824563,6.611806832736933,6.684366775986334,0.0,0.0
157,1,2,0.6095022333186843,0.4280701754385965,6.137713312471879,6.259633966390815,0.0,1.0
158,1,2,0.6070224536790574,0.4070175438596491,7.257105695535823,6.877513200211236,0.0,1.0
159,1,2,0.6076671864535831,0.41403508771929826,6.987997237713016,6.2973578657104285,1.0,0.0
160,2,2,0.6117284743122902,0.44035087719298244,6.020196317975645,7.31891798346564,1.0,0.5
161,1,2,0.60918845111794,0.4245614035087719,7.68529516813832,5.745195862408599,1.0,0.0
162,8,10,0.6106962476561655,0.43508771929824563,6.778946417625387,7.062768416857499,0.0,0.125
163,4,5,0.6117939061668352,0.44035087719298244,6.816023161395505,6.647620611839185,1.0,0.25
164,6,5,0.6131903887101372,0.4508771929824562,6.6460265951791415,6.763013628732106,0.0,0.16666666666666666
165,1,2,0.611153515492713,0.43508771929824563,6.611806832736933,6.684366775986334,0.0,0.0
166,1,2,0.6149916413668922,0.4631578947368421,7.055904765902013,5.893259374800199,1.0,0.0
167,3,3,0.6126623911831336,0.4456140350877193,6.5262658258145665,6.94842886164938,1.0,0.3333333333333333
168,1,2,0.6159119904520443,0.47017543859649125,6.839907253619188,5.9462569281354405,1.0,0.0
169,6,5,0.6143201743171338,0.4584795321637427,6.693811264779339,6.680629820121592,0.0,0.16666666666666666
170,1,2,0.6170497353427078,0.4807017543859649,6.66362457001709,6.79812285655413,1.0,0.0
171,1,2,0.6149916413668922,0.4631578947368421,7.055904765902013,5.893259374800199,1.0,0.0
172,1,2,0.6145302249248203,0.45614035087719296,7.538404841492408,6.20745061801686,1.0,0.0
173,1,2,0.6172364318803355,0.4842105263157895,6.113452705001125,7.631824823852382,1.0,0.0
174,2,3,0.616043835868104,0.47192982456140353,6.738229799534439,6.159984155966667,1.0,0.0
175,1,2,0.6177661802101979,0.49473684210526314,7.227779908048167,8.349355278047515,0.0,1.0
176,2,4,0.6162587633547048,0.47543859649122805,6.283860806105258,6.682094378013263,0.0,0.0
177,1,2,0.617401967460291,0.48771929824561405,6.836003712071955,7.236683023256615,0.0,0.0
178,2,3,0.6160009361463201,0.47192982456140353,6.8077111197310884,6.807894732869675,0.0,0.5
179,4,6,0.6169539098904927,0.48157894736842105,6.815243957680947,6.814422710082274,1.0,0.0
180,2,3,0.616043835868104,0.47192982456140353,6.738229799534439,6.159984155966667,1.0,0.0
181,7,7,0.6183646371234233,0.4952380952380953,6.568974449845453,7.380710682613832,0.0,0.14285714285714285
182,3,4,0.6176079993983595,0.487719298245614,6.735023688273926,7.121477155176301,1.0,0.0
183,1,2,0.6161756812841637,0.47368421052631576,6.63655234544969,6.373711383797893,1.0,0.0
184,1,2,0.6200318627651247,0.512280701754386,6.546044725594964,6.4739627039019965,1.0,0.0
185,10,6,0.6198651383355933,0.5073684210526317,6.320132373136066,7.237796301204993,0.0,0.2
186,2,4,0.6192848468685799,0.5052631578947369,6.987019257699263,6.7042232445121925,1.0,0.0
187,11,4,0.622131108103374,0.5218500797448166,6.215247864683149,7.125975653349173,0.0,0.36363636363636365
188,1,2,0.6200318627651247,0.512280701754386,6.546044725594964,6.4739627039019965,1.0,0.0
189,10,5,0.6239283926017372,0.532280701754386,6.299536742409376,7.033388508472832,0.0,0.4
190,2,2,0.627646797592021,0.5491228070175439,6.5749861968727235,6.848331739826222,1.0,0.5
191,9,9,0.6272357529081622,0.5481481481481482,6.356223651642173,7.106717051472696,0.0,0.3333333333333333
192,1,2,0.6297645718834157,0.5578947368421052,6.1865116642450895,5.693452442830528,0.0,1.0
193,2,2,0.627646797592021,0.5491228070175439,6.5749861968727235,6.848331739826222,1.0,0.5
194,1,2,0.631272341464424,0.5684210526315789,6.446930910179397,6.523079172874596,0.0,0.0
195,3,4,0.6305364008164481,0.5637426900584795,6.519047865317756,7.067753067844485,0.0,0.0
196,1,2,0.6297645718834157,0.5578947368421052,6.1865116642450895,5.693452442830528,0.0,1.0
197,1,2,0.630646385685747,0.5614035087719298,5.676518127726194,7.824824287655334,0.0,0.0
198,1,2,0.6324569541936209,0.5719298245614035,5.92108111225748,8.648590671520509,0.0,1.0
199,1,2,0.6285138747717488,0.5543859649122806,6.549467874003459,6.479061299337139,0.0,0.0
200,4,5,0.6306110108649077,0.5631578947368421,6.230980564500912,7.065363512975722,1.0,0.75
201,1,2,0.631272341464424,0.5684210526315789,6.446930910179397,6.523079172874596,0.0,0.0
202,1,2,0.6348009189934056,0.5859649122807018,7.338046034312002,7.527103526996346,0.0,0.0
203,1,2,0.6297645718834157,0.5578947368421052,6.1865116642450895,5.693452442830528,0.0,1.0
204,2,3,0.6327148951402455,0.5736842105263158,6.505950821463383,7.31975205059817,0.0,0.0
205,1,2,0.6353098656668558,0.5929824561403508,6.476923810458919,8.150031382298701,0.0,0.0
206,1,2,0.630646385685747,0.5614035087719298,5.676518127726194,7.824824287655334,0.0,0.0
207,1,2,0.6324569541936209,0.5719298245614035,5.92108111225748,8.648590671520509,0.0,1.0
208,1,2,0.6360457582337821,0.5964912280701754,5.988467740702787,7.599809988120961,0.0,1.0
209,3,5,0.6341399368060076,0.5812865497076024,6.298916534953545,7.154490426742192,1.0,0.6666666666666666
210,7,11,0.6352213561840525,0.5919799498746867,6.537925189879613,7.418450314594904,0.0,0.2857142857142857
211,1,2,0.636831534907244,0.6070175438596491,4.534412754170813,7.5360777802381556,0.0,1.0
212,1,2,0.6352693621424341,0.5894736842105263,7.12279974060243,6.898680707976126,1.0,0.0
213,2,4,0.6349616139212924,0.5894736842105264,5.851046112032698,7.87158143826383,1.0,1.0
214,1,2,0.6335145817439161,0.5754385964912281,6.106670822979812,6.9534512221085505,1.0,1.0
215,3,4,0.635528555004268,0.5941520467836258,6.644369712679688,7.511732907377623,0.0,0.0
216,1,2,0.6397378248916996,0.624561403508772,4.934368913802825,6.514308091533243,0.0,1.0
217,1,2,0.6369259579839683,0.6105263157894737,7.515457690678862,6.558584789128034,0.0,0.0
218,1,2,0.636831534907244,0.6070175438596491,4.534412754170813,7.5360777802381556,0.0,1.0
219,1,2,0.6360457582337821,0.5964912280701754,5.988467740702787,7.599809988120961,0.0,1.0
220,4,4,0.6377285345193926,0.6105263157894737,6.606953737693735,7.01152752948037,1.0,0.0
221,1,2,0.6362873613109125,0.6,6.034813182787004,8.13182352638576,1.0,1.0
222,4,5,0.6385786043081425,0.6210526315789474,7.155182513293101,6.3663631326598225,0.0,0.0
223,2,4,0.6382846798994718,0.6157894736842106,4.734390833986819,7.025192935885699,0.0,1.0
224,6,6,0.6387511712113895,0.6192982456140351,6.484572747216376,7.253520468617275,1.0,0.16666666666666666
225,3,3,0.6409894465905153,0.6409356725146199,7.744954464511515,6.001763448177415,0.0,0.0
226,1,2,0.6407279952581766,0.6421052631578947,6.864424501219579,8.161414697415267,0.0,0.0
227,2,4,0.6406294946847757,0.6350877192982456,5.471527692577407,7.222329374197655,0.0,1.0
228,6,5,0.6396426158920279,0.627485380116959,6.660835703286309,7.016518302669176,1.0,0.0
229,4,4,0.64131308919923,0.6447368421052632,7.78776771563086,5.825707967177246,0.0,0.0
230,3,5,0.6419230577355431,0.6514619883040935,5.957118982766505,8.019629863359478,0.0,0.6666666666666666
231,3,4,0.6415471744736158,0.6491228070175439,6.890477029929919,7.245533321379656,1.0,0.0
232,1,2,0.6401103755507133,0.6280701754385964,7.094450949563116,6.383274013244373,1.0,0.0
233,1,2,0.6422975833164472,0.6596491228070176,7.928104566234989,6.015435512345844,1.0,0.0
234,8,9,0.6430569501347226,0.6605263157894737,7.036817027222153,6.777178901016789,0.0,0.25
235,2,3,0.6420885044746363,0.656140350877193,7.099136974507068,6.939002051005403,1.0,0.0
236,1,2,0.6422975833164472,0.6596491228070176,7.928104566234989,6.015435512345844,1.0,0.0
237,3,3,0.6441153477915788,0.6690058479532164,7.569359144248608,5.455761860150595,0.0,0.0
238,1,2,0.6442856236209287,0.6701754385964912,7.467371512422734,7.834769621745279,0.0,0.0
239,2,4,0.645721398268144,0.6789473684210526,5.369853606488464,7.749743134088697,0.0,1.0
240,1,2,0.6425409795545294,0.6631578947368421,7.10588302980754,7.168193571313634,1.0,0.0
241,1,2,0.6459257735869244,0.6807017543859649,6.895996696600373,6.623716852650723,1.0,0.0
242,1,2,0.6463406052652645,0.6842105263157895,5.384540868444522,6.189383883439989,1.0,1.0
243,2,4,0.6444239860077158,0.6736842105263159,8.07790905274647,5.782127870492193,1.0,0.0
244,8,9,0.647483578471387,0.6850877192982457,6.3636050274336995,7.0009412242437286,0.0,0.625
245,2,3,0.6485178087755731,0.6894736842105262,6.631008904985309,6.463062239029959,1.0,0.0
246,1,2,0.6463406052652645,0.6842105263157895,5.384540868444522,6.189383883439989,1.0,1.0
247,1,2,0.6465503886989844,0.6877192982456141,8.22771353925795,5.548820228638541,1.0,0.0
248,1,2,0.6554151010360422,0.7157894736842105,7.716473024031176,6.877023607612839,0.0,0.0
249,1,2,0.6555163711704775,0.7192982456140351,7.849852371806211,7.549783944522332,0.0,0.0
250,3,3,0.6502488488765308,0.6970760233918128,5.874681361532225,7.533866472960899,0.0,1.0
251,1,2,0.6512544177006117,0.7017543859649122,6.027308682965312,6.534292461245709,0.0,1.0
252,1,2,0.6549608255449494,0.712280701754386,6.95475614186526,6.092534259052098,0.0,0.0
253,2,3,0.6485178087755731,0.6894736842105262,6.631008904985309,6.463062239029959,1.0,0.0
254,2,4,0.6502019368294643,0.6964912280701754,5.466156943816403,6.861399567963197,1.0,1.0
255,1,2,0.6465503886989844,0.6877192982456141,8.22771353925795,5.548820228638541,1.0,0.0
256,1,2,0.6554151010360422,0.7157894736842105,7.716473024031176,6.877023607612839,0.0,0.0
257,3,4,0.653005216151518,0.7087719298245614,6.049690655114699,7.5184408708223565,0.0,1.0
258,1,2,0.6555163711704775,0.7192982456140351,7.849852371806211,7.549783944522332,0.0,0.0
259,1,2,0.6512544177006117,0.7017543859649122,6.027308682965312,6.534292461245709,0.0,1.0
260,1,2,0.6549608255449494,0.712280701754386,6.95475614186526,6.092534259052098,0.0,0.0
261,1,2,0.6566015018178308,0.7333333333333333,7.85327227035675,7.001090953709133,1.0,1.0
262,1,2,0.656126051507055,0.7228070175438597,7.353668107647753,6.188011053984897,1.0,0.0
263,2,3,0.6551724961395349,0.7192982456140351,5.593604386616033,7.7032303081720315,1.0,1.0
264,1,2,0.6511098439642218,0.6982456140350877,6.366021113370246,6.302407625409195,1.0,0.0
265,7,13,0.656347792611624,0.7293233082706767,6.835156018575873,7.314843270797409,0.0,0.42857142857142855
266,1,2,0.6566015018178308,0.7333333333333333,7.85327227035675,7.001090953709133,1.0,1.0
267,1,2,0.656126051507055,0.7228070175438597,7.353668107647753,6.188011053984897,1.0,0.0
268,1,2,0.6570027385745083,0.7368421052631579,7.210297485179917,6.154111841649486,1.0,0.0
269,2,3,0.6551724961395349,0.7192982456140351,5.593604386616033,7.7032303081720315,1.0,1.0
270,2,3,0.6581596586330234,0.7491228070175439,6.7588906864486065,7.0564482068588505,0.0,0.0
271,1,2,0.6576024438139403,0.743859649122807,6.280721334463197,6.853501733751669,0.0,1.0
272,2,3,0.658701003347598,0.7491228070175439,6.4409744173608106,8.730877954418851,0.0,1.0
273,1,2,0.6561918848906487,0.7263157894736842,6.266489117996404,7.486085225960667,0.0,1.0
274,6,9,0.6577179397626502,0.7397660818713451,7.037875926364016,6.267931901996071,1.0,0.3333333333333333
275,5,5,0.658922977889459,0.7536842105263158,6.795375876542454,7.4384799492575695,0.0,0.4
276,1,2,0.6576024438139403,0.743859649122807,6.280721334463197,6.853501733751669,0.0,1.0
277,5,5,0.6598468769104511,0.7592982456140351,7.171367614823917,5.893199749609051,1.0,0.0
278,1,2,0.660376832642808,0.7649122807017544,6.575633537847564,7.718687948099436,1.0,1.0
279,5,5,0.6610724819138278,0.7691228070175438,7.10548475757467,6.33650337695553,0.0,0.2
280,5,6,0.6617432866487014,0.7698245614035087,7.0606567123521815,6.218318513445801,1.0,0.0
281,2,3,0.6618714226977267,0.7736842105263158,6.133514677789851,7.647635055726406,1.0,1.0
282,1,2,0.6701312670720572,0.8035087719298246,5.757504178291039,7.200626357368528,0.0,1.0
283,3,3,0.6621296691444023,0.7789473684210527,7.301831240041129,5.484279562301501,0.0,0.0
284,1,2,0.6669716704332678,0.7929824561403509,7.6329084252373764,5.5856523556778885,0.0,0.0
285,1,2,0.6672881423887551,0.7964912280701755,5.806394500070176,7.7439286754361305,0.0,1.0
286,1,2,0.6664847872657609,0.7894736842105263,6.656742972821238,7.779705660833237,1.0,0.0
287,3,4,0.664150233339752,0.7824561403508771,6.105972468281244,7.357640573234883,1.0,0.6666666666666666
288,1,2,0.6605731349462939,0.7684210526315789,6.342403261984786,6.510834250352506,1.0,0.0
289,1,2,0.6613628882403508,0.775438596491228,8.133555385998989,6.4097204572680155,1.0,0.0
290,4,6,0.6661392673477358,0.7929824561403509,7.322882801790026,5.832650345374889,0.0,0.0
291,2,4,0.6687097047304061,0.8,5.781949339180608,7.472277516402329,0.0,1.0
292,1,2,0.6736756664024859,0.8175438596491228,7.0732252242547435,5.800038251856799,1.0,0.0
293,1,2,0.6664847872657609,0.7894736842105263,6.656742972821238,7.779705660833237,1.0,0.0
294,3,4,0.6678165491959597,0.7976608187134504,5.83415882091226,7.122526316189812,1.0,0.3333333333333333
295,1,2,0.6710282035555601,0.8070175438596491,7.283872241372752,7.517577493811131,1.0,0.0
296,1,2,0.674610845924829,0.8210526315789474,7.083971813265169,5.9066804384684355,0.0,0.0
297,1,2,0.6720899570105209,0.8140350877192982,7.330278236892777,6.909857762649606,0.0,0.0
298,1,2,0.6701312670720572,0.8035087719298246,5.757504178291039,7.200626357368528,0.0,1.0
299,2,4,0.6735709952585235,0.8140350877192983,6.265957128983198,7.917201750433899,0.0,1.0
300,1,2,0.6669716704332678,0.7929824561403509,7.6329084252373764,5.5856523556778885,0.0,0.0
301,1,2,0.6767152499847933,0.8245614035087719,7.5071182891671935,6.292739798158499,0.0,0.0
302,3,4,0.6731139117654061,0.8128654970760234,5.747078893757204,6.669789741989592,1.0,0.3333333333333333
303,1,2,0.6736756664024859,0.8175438596491228,7.0732252242547435,5.800038251856799,1.0,0.0
304,1,2,0.6710282035555601,0.8070175438596491,7.283872241372752,7.517577493811131,1.0,0.0
305,3,6,0.6744720176400477,0.8198830409356725,7.307122779775047,6.369759333092181,0.0,0.0
306,1,2,0.6798538481282919,0.8315789473684211,6.725519757896219,8.090474825431668,0.0,1.0
307,5,4,0.6786625201262296,0.8315789473684211,5.717061358039773,6.783441025597298,1.0,0.6
308,1,2,0.6736756664024859,0.8175438596491228,7.0732252242547435,5.800038251856799,1.0,0.0
309,1,2,0.6807668795700434,0.8421052631578947,6.963799047384803,7.2141629622701675,1.0,0.0
310,1,2,0.6710282035555601,0.8070175438596491,7.283872241372752,7.517577493811131,1.0,0.0
311,2,4,0.6788247685590697,0.8350877192982455,7.724255342535928,5.916323358810791,0.0,0.0
312,2,4,0.6828166038637107,0.8456140350877193,6.135831611580058,7.886555391819855,0.0,1.0
313,1,2,0.6837075276345298,0.8526315789473684,5.519547783418539,6.825565336616296,0.0,1.0
314,1,2,0.6767152499847933,0.8245614035087719,7.5071182891671935,6.292739798158499,0.0,0.0
315,5,4,0.6811871876767502,0.8407017543859648,5.730175986892279,6.72158751920067,1.0,0.6
316,1,2,0.6807668795700434,0.8421052631578947,6.963799047384803,7.2141629622701675,1.0,0.0
317,1,2,0.6830386911933104,0.8491228070175438,8.364538871806687,5.9259662791531476,0.0,0.0
318,3,3,0.6878190309153269,0.8631578947368421,5.57401970376372,7.61618683535513,0.0,1.0
319,1,2,0.6917504804846863,0.8701754385964913,7.015524480054783,6.181599466160206,0.0,0.0
320,1,2,0.6837075276345298,0.8526315789473684,5.519547783418539,6.825565336616296,0.0,1.0
321,4,3,0.6816694594806917,0.843859649122807,5.805180974548607,6.847391288812658,1.0,0.5
322,2,4,0.6862956693906793,0.8578947368421053,7.50963318609589,7.051256444591695,1.0,0.0
323,3,5,0.6889856347038043,0.8666666666666667,7.833838066496976,5.880180370942251,0.0,0.0
324,5,6,0.6878033317383438,0.863859649122807,5.617587910066156,7.452814910733823,0.0,1.0
325,2,4,0.6881154636554074,0.8701754385964913,5.774475517646708,7.332232760074714,1.0,0.5
326,2,3,0.6925437434677202,0.880701754385965,7.638197875110817,6.098275426816318,1.0,0.0
327,6,5,0.6944513964801632,0.8836257309941521,5.846830740045365,7.517745345817777,0.0,0.6666666666666666
328,3,5,0.6932258198302014,0.880701754385965,7.271807371219064,5.418370823187668,0.0,0.0
329,1,2,0.6922318093467807,0.8842105263157894,5.723185295290278,7.960387875168349,1.0,1.0
330,2,3,0.6925437434677202,0.880701754385965,7.638197875110817,6.098275426816318,1.0,0.0
331,5,4,0.6993432503902479,0.9003508771929825,5.894589991029582,7.706310553928399,0.0,0.8
332,1,2,0.6957592465725015,0.8912280701754386,6.678446785972953,4.5405376358893985,0.0,0.0
333,1,2,0.6982221934011456,0.8947368421052632,5.635266008236596,6.274385256174916,0.0,0.0
334,1,2,0.6921677324334161,0.8807017543859649,8.12145084762946,5.532975367513398,0.0,0.0
335,2,4,0.6966430571498665,0.8947368421052632,6.233922180115041,7.40787622012124,1.0,1.0
336,1,2,0.7014323800367137,0.9122807017543859,7.543389220001251,5.652295993076538,1.0,0.0
337,1,2,0.6932630277241252,0.887719298245614,7.220928425414657,5.3082009267194135,1.0,0.0
338,6,5,0.7023073396837368,0.9081871345029239,5.840499940468773,7.635673031318345,0.0,0.6666666666666666
339,1,2,0.6957592465725015,0.8912280701754386,6.678446785972953,4.5405376358893985,0.0,0.0
340,1,2,0.7102164873090845,0.9263157894736842,7.175969732594265,6.3997811970733505,0.0,0.0
341,1,2,0.7053323818600971,0.9192982456140351,7.247636204340002,6.085031523128282,0.0,0.0
342,2,3,0.7045793834021294,0.9140350877192982,6.291890178075615,6.827029731154605,1.0,1.0
343,1,2,0.7014323800367137,0.9122807017543859,7.543389220001251,5.652295993076538,1.0,0.0
344,7,4,0.7100130001303774,0.9298245614035087,5.869329287824594,7.317121875513048,0.0,0.8571428571428571
345,1,2,0.7102164873090845,0.9263157894736842,7.175969732594265,6.3997811970733505,0.0,0.0
346,1,2,0.7053323818600971,0.9192982456140351,7.247636204340002,6.085031523128282,0.0,0.0
347,2,3,0.7045793834021294,0.9140350877192982,6.291890178075615,6.827029731154605,1.0,1.0
348,1,2,0.7014323800367137,0.9122807017543859,7.543389220001251,5.652295993076538,1.0,0.0
349,6,4,0.7140920520364505,0.9391812865497076,6.049191409906958,7.467392558748201,0.0,0.6666666666666666
350,1,2,0.7102164873090845,0.9263157894736842,7.175969732594265,6.3997811970733505,0.0,0.0
351,1,2,0.721457128111003,0.9543859649122807,5.507466807743707,6.873666422606235,0.0,1.0
352,1,2,0.7053323818600971,0.9192982456140351,7.247636204340002,6.085031523128282,0.0,0.0
353,2,2,0.7196310419562069,0.9526315789473684,8.343428438978393,5.765994679841759,1.0,0.0
354,1,2,0.7081044618513065,0.9228070175438596,5.839121291211427,6.798694897235077,1.0,1.0
355,7,5,0.7172448361263344,0.9473684210526316,6.202793055307976,7.196351420924818,0.0,0.7142857142857143
356,1,2,0.721457128111003,0.9543859649122807,5.507466807743707,6.873666422606235,0.0,1.0
357,1,2,0.7368909266274717,0.9719298245614035,6.0391062351603635,7.744170535793768,1.0,1.0
358,1,2,0.7297264371519994,0.968421052631579,5.501688639055136,7.206367071289358,1.0,1.0
359,2,2,0.7196310419562069,0.9526315789473684,8.343428438978393,5.765994679841759,1.0,0.0
360,1,2,0.7203691109243191,0.9508771929824561,6.412990613809164,8.449892722665455,0.0,0.0
361,3,2,0.7285742068168313,0.9695906432748537,6.369227015803262,7.433333311185426,0.0,1.0
362,1,1,0.7369911353136904,0.9754385964912281,9.89297423983236,5.577045744417345,0.0,0.0
363,1,2,0.721457128111003,0.9543859649122807,5.507466807743707,6.873666422606235,0.0,1.0
364,1,2,0.7368909266274717,0.9719298245614035,6.0391062351603635,7.744170535793768,1.0,1.0
365,3,2,0.7368921216676326,0.9777777777777777,5.785830762804267,7.746787800065731,1.0,1.0
366,2,2,0.7196310419562069,0.9526315789473684,8.343428438978393,5.765994679841759,1.0,0.0
367,5,2,0.7419189140166076,0.9796491228070175,6.442027446487588,7.758579745730832,0.0,0.6
368,2,1,0.7499652718243028,0.987719298245614,9.600945065547748,5.357587420076232,0.0,0.0
369,1,0,0.7556921418345054,0.9894736842105263,6.298309016261143,7.092483382308805,1.0,1.0
370,1,2,0.7368909266274717,0.9719298245614035,6.0391062351603635,7.744170535793768,1.0,1.0
371,3,2,0.7368921216676326,0.9777777777777777,5.785830762804267,7.746787800065731,1.0,1.0
