rank,probe,log2_variance,symbols
1,206799_at,13.717476657232035,SCGB1D2
2,205916_at,12.575259368826636,S100A7
3,206378_at,11.122759332701685,SCGB2A2
4,209728_at,10.88277314827965,HLA-DRB4
5,203290_at,10.402493912938674,HLA-DQA1
6,207802_at,10.231683795824251,CRISP3
7,209173_at,10.1261759771213,AGR2
8,214451_at,10.111942696178907,TFAP2B
9,205358_at,9.70846094002641,GRIA2
10,205979_at,9.589644218800574,SCGB2A1
11,210576_at,9.483465501637804,CYP4F8
12,206754_s_at,9.1773549919893,CYP2B7P|CYP2B6
13,205029_s_at,8.891234176030762,FABP7
14,215729_s_at,8.852430792812491,VGLL1
15,202018_s_at,8.815697983446254,LTF
16,217378_x_at,8.458850539823473,IGKV1OR2-108
17,211682_x_at,8.391819909299356,UGT2B28
18,206509_at,8.386723581474063,PIP
19,204351_at,8.203856773919073,S100P
20,205242_at,7.902537770167149,CXCL13
21,214079_at,7.7237073491287624,DHRS2
22,205009_at,7.630542501790856,TFF1
23,213711_at,7.603461669140706,KRT81
24,206463_s_at,7.449824037892588,DHRS2
25,220414_at,7.412439089643209,CALML5
26,209278_s_at,7.38935740882969,TFPI2
27,205041_s_at,7.385890521411918,ORM2|ORM1
28,204475_at,7.317061523186823,MMP1
29,215176_x_at,7.186468412429541,IGK|IGKC
30,209351_at,7.032431144202358,KRT14
31,216401_x_at,6.979722688597117,MLIP
32,203757_s_at,6.910844908354928,CEACAM6
33,204607_at,6.824045677695435,HMGCS2
34,203953_s_at,6.8120507690629255,CLDN3
35,217889_s_at,6.805207413522122,CYBRD1
36,211644_x_at,6.792787882320474,IGK|IGKC
37,212768_s_at,6.770696797461092,OLFM4
38,217528_at,6.74985621164144,CLCA2
39,214777_at,6.700549812648694,IGKC
40,205044_at,6.631327826705563,GABRP
41,217562_at,6.61907938740602,BRINP3
42,214370_at,6.617169978622131,S100A8
43,205509_at,6.5977238745455935,CPB1
44,206373_at,6.594710166784836,ZIC1
45,210272_at,6.477272529981009,CYP2B7P
46,209480_at,6.436927507952967,HLA-DQB1
47,204734_at,6.382297295971919,KRT15
48,217281_x_at,6.357589262853584,LOC102725526|IGHV4-31|IGHM|IGHG3|IGHG2|IGHG1|IGHA2|IGHA1|IGH
49,205440_s_at,6.356420074574422,NPY1R
50,216560_x_at,6.342466567684382,IGLC1
51,217022_s_at,6.30621360350311,IGHA2|IGHA1|IGH
52,216491_x_at,6.267506588933715,IGHM
53,206560_s_at,6.261158886813947,MIA
54,206392_s_at,6.052763081317433,RARRES1
55,216984_x_at,5.971453982875429,IGLJ3|IGLV1-44|CKAP2|IGLV@|IGLC1
56,205048_s_at,5.965720409061098,PSPH
57,209800_at,5.932233280027899,KRT16
58,219140_s_at,5.90137627064313,RBP4
59,216576_x_at,5.838787238319,IGK|IGKC
60,207430_s_at,5.83050784323735,MSMB
61,214461_at,5.812764742630607,LBP
62,204855_at,5.807867840619697,SERPINB5
63,205157_s_at,5.772108205639121,KRT17|JUP
64,216623_x_at,5.755436910627737,TOX3
65,213831_at,5.727724232332637,LOC100509457|HLA-DQA1
66,211645_x_at,5.68961644550964,
67,205478_at,5.644960929390195,PPP1R1A
68,204623_at,5.64344000106057,TFF3
69,204885_s_at,5.628501993991004,MSLN
70,203256_at,5.616191768743086,CDH3
71,217276_x_at,5.5818726205708336,SERHL2
72,209443_at,5.499825296544399,SERPINA5
73,205040_at,5.496862257186012,ORM1
74,206204_at,5.468549933133894,GRB14
75,214774_x_at,5.450315141332766,TOX3
76,206869_at,5.436143574396048,CHAD
77,206143_at,5.428057172787967,SLC26A3
78,206164_at,5.426814072671316,CLCA2
79,213432_at,5.4183930139772265,MUC5B
80,211637_x_at,5.307137352186644,IGHV3-23|IGHV4-31|IGHM|IGHG4|IGHG3|IGHG1|IGHD|IGHA2|IGHA1|IGH
81,213201_s_at,5.285276374811014,TNNT1
82,208305_at,5.268449065512359,PGR
83,206391_at,5.243637075857375,RARRES1
84,206023_at,5.203523699344375,NMU
85,204041_at,5.1943612481198755,MAOB
86,210297_s_at,5.1880624858942666,MSMB
87,210096_at,5.177338443425341,CYP4B1
88,215121_x_at,5.08888970785784,CYAT1|IGLV1-44|IGLC1
89,209395_at,5.085881810266621,CHI3L1
90,212592_at,5.077521474131352,JCHAIN
91,205225_at,5.06680129335346,ESR1
92,215214_at,5.050383900606817,IGLC1
93,204724_s_at,5.032973336333243,COL9A3
94,217404_s_at,5.019965011743514,COL2A1
95,204508_s_at,4.9663100667592515,CA12
96,209374_s_at,4.958455818589698,IGHM
97,202768_at,4.9510557759830816,FOSB
98,215014_at,4.911795482587051,KCND3
99,205186_at,4.907774190424142,DNALI1
100,206641_at,4.874417852923337,TNFRSF17
101,215112_x_at,4.861890625286778,MCF2L2
102,205350_at,4.859575401555897,CRABP1
103,211650_x_at,4.8328881384864335,IGHV3-23|IGHV4-31|IGHM|IGHG3|IGHG1|IGHD|IGHA1|IGH
104,216365_x_at,4.81464841198427,IGLJ3|CKAP2
105,202917_s_at,4.7922964003873325,S100A8
106,215236_s_at,4.712886140078861,PICALM
107,213915_at,4.7092660645269335,NKG7
108,221286_s_at,4.7074923256391035,MZB1
109,203913_s_at,4.678740124726203,HPGD
110,209243_s_at,4.662293314519065,PEG3
111,207437_at,4.654836192345935,NOVA1
112,209138_x_at,4.652739385544892,IGLC1
113,213712_at,4.649164819260511,ELOVL2
114,204304_s_at,4.6309885007710045,PROM1
115,220625_s_at,4.630853076808179,ELF5
116,204914_s_at,4.613391548465787,SOX11
117,203998_s_at,4.601930754975652,SYT1
118,214440_at,4.589358022692022,NAT1
119,204712_at,4.588549775209018,WIF1
120,215108_x_at,4.585763500763311,TOX3
121,219476_at,4.570934455161169,C1orf116
122,209813_x_at,4.566193907534801,TARP|TRGV9|TRGC2
123,212094_at,4.541910554185684,PEG10
124,213606_s_at,4.516453138858248,ARHGDIA
125,215379_x_at,4.513036166767281,IGLV1-44
126,211430_s_at,4.4992402851983675,MIR8071-2|MIR8071-1|IGHV4-31|IGHM|IGHG2|IGHG1
127,219197_s_at,4.494900645621835,SCUBE2
128,217284_x_at,4.491969751389061,SERHL2
129,215172_at,4.483819525245306,PTPN20
130,216510_x_at,4.476988616598801,IGHV3-23|IGHV4-31|IGHM|IGHG1|IGHA1
131,221854_at,4.47613499254253,PKP1
132,209842_at,4.459469142658938,SOX10
133,213674_x_at,4.453819145525034,IGHD
134,209613_s_at,4.450401381923399,ADH1B
135,203980_at,4.428780688769468,FABP4
136,215047_at,4.423647587635875,TRIM58
137,214612_x_at,4.403989030281024,MAGEA6
138,218730_s_at,4.390975708083944,OGN
139,203548_s_at,4.364629920136031,LPL
140,214601_at,4.363177893797547,TPH1
141,217148_x_at,4.325294022226245,IGLJ3|IGLV@|IGLC1
142,221618_s_at,4.312614899400878,TAF9B
143,215514_at,4.308199986803779,
144,203438_at,4.294990844851819,STC2
145,220432_s_at,4.286788384104908,CYP39A1
146,205380_at,4.273617853522086,PDZK1
147,213456_at,4.272820461861445,SOSTDC1
148,220622_at,4.267309202068309,LRRC31
149,205336_at,4.265042858216961,PVALB
150,208893_s_at,4.265010405969075,DUSP6
151,207145_at,4.189551222024539,MSTN
152,204426_at,4.179952781512268,TMED2
153,203535_at,4.173159998902338,S100A9
154,202410_x_at,4.173032514562846,INS-IGF2|IGF2
155,214567_s_at,4.165271837449082,XCL2|XCL1
156,205862_at,4.1632863197976615,GREB1
157,217258_x_at,4.15775371419824,IGLV1-44
158,208502_s_at,4.146258927350291,PITX1
159,207156_at,4.1367571393796405,HIST1H2AH|HIST1H2AG|HIST1H2AM|HIST1H2AL|HIST1H2AK|HIST1H2AI
160,214858_at,4.1165770621514435,PP14571
161,214677_x_at,4.112547148465826,IGLC1
162,220196_at,4.110307587870321,MUC16
163,202036_s_at,4.10920507869501,SFRP1
164,205363_at,4.105857323935036,BBOX1
165,214324_at,4.086161346891718,GP2
166,204379_s_at,4.0803148617871905,FGFR3
167,205472_s_at,4.073601317536851,DACH1
168,203510_at,4.071502977650761,MET
169,204818_at,4.065458519660846,HSD17B2
170,206502_s_at,4.065434296040382,INSM1
171,201497_x_at,4.061569647997094,MYH11
172,213033_s_at,4.058053724499435,NFIB
173,214243_s_at,4.050591154301919,SERHL2|SERHL
174,211657_at,4.028654066482225,CEACAM6
175,211421_s_at,4.020895605754958,RET
176,205030_at,4.019854957176232,FABP7
177,204427_s_at,4.018983869251204,TMED2
178,210655_s_at,4.018048128073638,FOXO3B|FOXO3
179,207147_at,4.013723095581045,DLX2
180,205591_at,4.004580652060514,OLFM1
181,204698_at,3.998420069665812,ISG20
182,214768_x_at,3.9942076165318396,IGKC
183,203496_s_at,3.977779799974015,MED1
184,220281_at,3.9751467692046925,SLC12A1
185,204678_s_at,3.962348234118019,KCNK1
186,32128_at,3.9569701555002452,CCL18
187,203751_x_at,3.9529607761202006,JUND
188,204933_s_at,3.951512766631409,TNFRSF11B
189,206915_at,3.94965203291533,NKX2-2
190,206067_s_at,3.945398068838161,WT1
191,212065_s_at,3.937519100978778,USP34
192,205470_s_at,3.9316850437305897,KLK11
193,208383_s_at,3.9295180907029446,PCK1
194,209987_s_at,3.925813106159159,ASCL1
195,209942_x_at,3.920982423790743,MAGEA6|MAGEA3
196,210084_x_at,3.915629815326586,TPSAB1
197,206505_at,3.8900812074946294,UGT2B4
198,207092_at,3.869791485127391,LEP
199,204320_at,3.8683890393888625,COL11A1
200,218963_s_at,3.862850236137684,KRT23
201,219686_at,3.8613623499936605,STK32B
202,216829_at,3.855900410117647,IGK|IGKC
203,211518_s_at,3.8546666166987107,BMP4
204,214669_x_at,3.849922729316549,IGKC
205,204149_s_at,3.849905195285242,GSTM4
206,205253_at,3.846411281246912,PBX1
207,205239_at,3.839801125587554,AREG
208,37892_at,3.8344027909521574,COL11A1
209,219519_s_at,3.8296886117444884,SIGLEC1
210,217590_s_at,3.8244966319955096,TRPA1
211,206522_at,3.823667293537848,MGAM
212,206325_at,3.820174764066778,SERPINA6
213,205768_s_at,3.8173722825102314,SLC27A2
214,203029_s_at,3.814070109783903,PTPRN2
215,203619_s_at,3.812960334497496,FAIM2
216,205421_at,3.8116862967839626,SLC22A3
217,220030_at,3.8108009434536254,STYK1
218,220540_at,3.798099075275076,KCNK15
219,203453_at,3.7862636499788573,SCNN1A
220,214456_x_at,3.7774997178550302,SAA2|SAA1
221,208335_s_at,3.775069061955761,ACKR1
222,203702_s_at,3.774958972652828,TTLL4
223,204661_at,3.7704523389539726,CD52
224,204846_at,3.767861267492248,CP
225,218002_s_at,3.75361621456084,CXCL14
226,221275_s_at,3.751094140189064,
227,203815_at,3.73009328389575,GSTT1
228,220584_at,3.724721352433823,PRR36
229,211798_x_at,3.696196337320957,IGLJ3
230,211634_x_at,3.6955263410146193,IGHM
231,209189_at,3.6936586966134297,FOS
232,204637_at,3.6917283559254015,CGA
233,205987_at,3.671841065715336,CD1C
234,210662_at,3.666930990257287,KYNU
235,217414_x_at,3.658101137376378,HBA2|HBA1
236,221671_x_at,3.6563625010215124,IGK|IGKC
237,204540_at,3.6337071646722365,EEF1A2
238,205767_at,3.6182260549511613,EREG
239,212999_x_at,3.61439828085545,LOC101060835|HLA-DQB1
240,213693_s_at,3.6075344610515585,MUC1
241,219768_at,3.6043019497438014,VTCN1
242,205913_at,3.5979674096678953,PLIN1
243,202965_s_at,3.5966123702409414,CAPN6
244,215807_s_at,3.5952736691797504,PLXNB1
245,202765_s_at,3.5916651428302977,FBN1
246,219643_at,3.588901158302052,LRP1B
247,216853_x_at,3.5860752115680907,IGLJ3
248,211796_s_at,3.583298692736737,TRBC1
249,215043_s_at,3.5742795139665633,GUSBP3|SMA5|SMA4
250,208719_s_at,3.5718874299700167,DDX17
251,206224_at,3.5613565066948785,CST1
252,211674_x_at,3.553293595173692,CTAG1A|CTAG1B
253,209772_s_at,3.5480440667510176,CD24
254,217194_at,3.538960810556266,RASAL2
255,219659_at,3.538902118192853,ATP8A2
256,210683_at,3.5357735881500734,NRTN
257,221933_at,3.5199457132412224,NLGN4X
258,220085_at,3.5176034807836083,HELLS
259,208963_x_at,3.5171609505128787,MIR1908|FADS1
260,204545_at,3.509521695399604,PEX6
261,210729_at,3.5092795881066827,NPY2R
262,207961_x_at,3.5074875600223594,MYH11
263,212713_at,3.493906810170299,MFAP4
264,220656_at,3.4914379913308458,NAA16
265,216892_at,3.485303210416991,IGHG1
266,201481_s_at,3.4791661804552536,PYGB
267,214326_x_at,3.4789422909704095,JUND
268,204014_at,3.477936589437988,DUSP4
269,219414_at,3.4774542926262932,CLSTN2
270,219301_s_at,3.476109166846075,CNTNAP2
271,210546_x_at,3.4705943363290537,CTAG1A|CTAG1B
272,205830_at,3.4650365808881185,CLGN
273,203000_at,3.4579414138691877,STMN2
274,218332_at,3.4488557346033475,BEX1
275,203639_s_at,3.4429742978758155,FGFR2
276,211323_s_at,3.4395261060108937,ITPR1
277,207142_at,3.4281554946500883,KCNJ3
278,218813_s_at,3.4247145159215013,SH3GLB2
279,208607_s_at,3.4244003315532807,SAA2-SAA4|SAA2|SAA1
280,218748_s_at,3.424340426656603,EXOC5
281,213492_at,3.4211370149434295,COL2A1
282,209469_at,3.4189555549776602,GPM6A
283,205825_at,3.4152985734294137,PCSK1
284,203354_s_at,3.413443535977822,PSD3
285,203240_at,3.41243758051066,FCGBP
286,206201_s_at,3.4041945541201075,MEOX2
287,214836_x_at,3.3982045375108294,IGK|IGKC
288,204704_s_at,3.3972184074574785,ALDOB
289,205959_at,3.3920814096348204,MMP13
290,216100_s_at,3.389474314785517,TOR1AIP1
291,215441_at,3.385845690666513,
292,220724_at,3.38478007106922,CWH43
293,205221_at,3.382164574499294,HGD
294,214469_at,3.381675735959335,HIST1H2AE
295,217953_at,3.377874165237334,PHF3
296,201525_at,3.371678258593139,APOD
297,209602_s_at,3.3711515163986503,GATA3
298,220187_at,3.3708523700709483,STEAP4
299,205997_at,3.3705580357745726,ADAM28
300,212531_at,3.356250281722091,LCN2
301,215946_x_at,3.353822791320711,IGLL3P
302,205513_at,3.3407166716292753,TCN1
303,217147_s_at,3.3368526304722885,TRAT1
304,202037_s_at,3.3342233494875804,SFRP1
305,1405_i_at,3.3205642233185584,CCL5
306,218976_at,3.3176456428164807,DNAJC12
307,206315_at,3.3162860978640403,CRLF1
308,219529_at,3.315982995000269,CLIC3
309,216222_s_at,3.3151114110386075,MYO10
310,209603_at,3.3094161249393945,GATA3
311,209686_at,3.308614015408633,S100B
312,220109_at,3.302475328588433,TF
313,221651_x_at,3.297734606967387,IGK|IGKC
314,215177_s_at,3.295860365659559,ITGA6
315,208606_s_at,3.289683016892045,WNT4
316,219555_s_at,3.28454243137301,CENPN
317,220624_s_at,3.2820376874374793,ELF5
318,213706_at,3.2804674794148467,GPD1
319,205544_s_at,3.2766045610981185,CR2
320,214413_at,3.2762899468211883,TAT
321,201367_s_at,3.2678917542324357,ZFP36L2
322,203071_at,3.2584791617336073,MIR6872|SEMA3B
323,219850_s_at,3.242095449774961,EHF
324,214404_x_at,3.2403250577693,SPDEF
325,214545_s_at,3.2382377775414692,PROSC
326,214087_s_at,3.2372349900441817,MYBPC1
327,214954_at,3.236492309198726,SUSD5
328,201820_at,3.234819650537279,KRT5
329,219948_x_at,3.234550351860151,UGT2A3
330,212670_at,3.233782251118242,ELN
331,205890_s_at,3.232444304695275,UBD|GABBR1
332,206793_at,3.224514204119109,PNMT
333,206291_at,3.221363952144859,NTS
334,209309_at,3.2193432060432925,AZGP1
335,206110_at,3.2138557414020914,HIST1H3F|HIST1H3B|HIST1H3H|HIST1H3J|HIST1H3G|HIST1H3I|HIST1H3E|HIST1H3C|HIST1H3D|HIST1H3A
336,214465_at,3.211712991326725,ORM2|ORM1
337,209277_at,3.2073641300234823,TFPI2
338,205922_at,3.2051902204071148,VNN2
339,205597_at,3.2042932599647584,SLC44A4
340,220016_at,3.2036586748729845,AHNAK
341,221690_s_at,3.1911538210592574,NLRP2
342,216331_at,3.1863793266416254,ITGA7
343,220810_at,3.1857505688352163,CLCA3P
344,214586_at,3.182964980213655,GPR37
345,214603_at,3.1779862608964584,MAGEA2B|MAGEA2
346,206401_s_at,3.1776454252187194,MAPT
347,220502_s_at,3.1755218312116145,SLC13A1
348,203828_s_at,3.175323382153181,IL32
349,219545_at,3.1750579313186504,NDUFC2-KCTD14|KCTD14
350,213217_at,3.1649177264338055,ADCY2
351,206070_s_at,3.1626576705949496,EPHA3
352,209560_s_at,3.162054809134443,DLK1
353,210072_at,3.1494146748047225,CCL19
354,215619_at,3.140151865468178,
355,203638_s_at,3.1386490848150785,FGFR2
356,207419_s_at,3.131682422195483,RAC2
357,206157_at,3.131328588194778,PTX3
358,210523_at,3.130673782885477,BMPR1B
359,213884_s_at,3.1277020460088183,TRIM3
360,210663_s_at,3.1188237818793048,KYNU
361,206941_x_at,3.1157221429174826,SEMA3E
362,220559_at,3.109491830554499,EN1
363,217505_at,3.1069261658702874,PHOSPHO2-KLHL23|KLHL23
364,210206_s_at,3.103241813340299,DDX11
365,216737_at,3.1027621887689483,
366,217452_s_at,3.1025482784471716,B3GALT2
367,209905_at,3.101685409494004,HOXA10-HOXA9|MIR196B|HOXA9
368,220771_at,3.101468608802488,LINC00328
369,215653_at,3.099997614787282,
370,206935_at,3.0967376199899475,PCDH8
371,207166_at,3.092116321140752,GNGT1
372,207781_s_at,3.0851275978818125,ZNF711
373,208047_s_at,3.0833710858967804,NAB1
374,206296_x_at,3.083343087273167,MAP4K1
375,219857_at,3.0825105354642406,PLEKHS1
376,222299_x_at,3.081265860747095,
377,207325_x_at,3.0783641714033467,MAGEA1
378,203929_s_at,3.0758689981420093,MAPT
379,215646_s_at,3.075818068749773,VCAN
380,205280_at,3.0747407725351326,GLRB
381,207144_s_at,3.0719608383661794,CITED1
382,217227_x_at,3.070401759434702,IGLV1-44
383,203915_at,3.0662262027274094,CXCL9
384,202376_at,3.064725813368317,SERPINA3
385,202989_at,3.061711013932445,RGS1
386,217613_at,3.058600410385727,TMEM144
387,215803_at,3.0575324265188315,CXorf57
388,204557_s_at,3.0572676040980444,DZIP1
389,213745_at,3.0534406419653797,ATRNL1
390,205487_s_at,3.0503187806166463,VGLL1
391,211633_x_at,3.049616955954905,
392,214595_at,3.0477766776299666,KCNG1
393,205523_at,3.041562284697656,HAPLN1
394,209116_x_at,3.041372212879998,HBB
395,216430_x_at,3.040442592397892,IGLV1-44
396,222322_at,3.0394543502681657,
397,206916_x_at,3.038968041589942,TAT
398,220784_s_at,3.038683061098853,UTS2
399,204468_s_at,3.038073685861256,TIE1
400,207244_x_at,3.037728918088589,CYP2A6
401,205473_at,3.03711452341996,ATP6V1B1
402,213680_at,3.0335628504530767,KRT6B
403,205366_s_at,3.0293406890740138,HOXB6
404,210439_at,3.0290008417214738,ICOS
405,206400_at,3.028910543747493,LGALS7B|LGALS7
406,209459_s_at,3.0230811643811695,ABAT
407,211640_x_at,3.0224914894559647,IGHM|IGHG1
408,210085_s_at,3.0198948512422294,ANXA9
409,203819_s_at,3.019587737783531,IGF2BP3
410,207846_at,3.018111880910536,POU1F1
411,214776_x_at,3.017040431260569,XYLB
412,205696_s_at,3.0093082496647883,GFRA1
413,211213_at,3.0086125085260633,ORC5
414,222325_at,3.005147397418941,
415,220253_s_at,3.003770400310673,LRP12
416,219580_s_at,3.000689086227334,TMC5
417,221755_at,2.99837335564683,EHBP1L1
418,215220_s_at,2.9975795219764008,TPR
419,221602_s_at,2.9968761438056157,FCMR
420,201262_s_at,2.991314883448584,BGN
421,210116_at,2.9885455620088974,SH2D1A
422,214769_at,2.9873947547031006,CLCN4
423,206166_s_at,2.9867489967466003,CLCA2
424,217536_x_at,2.985539918266449,
425,213520_at,2.984382366876185,RECQL4
426,211548_s_at,2.9791937792715912,HPGD
427,217546_at,2.978743376207748,MT1M
428,210013_at,2.976544571418861,HPX
429,207664_at,2.9748395725738517,ADAM2
430,206165_s_at,2.9700233721046536,CLCA2
431,205319_at,2.9683735888114855,PSCA
432,220520_s_at,2.968159478431082,NUP62CL
433,215168_at,2.9666949810546392,TIMM17A
434,207245_at,2.963662719470219,UGT2B17
435,219090_at,2.9605172388797496,SLC24A3
436,214282_at,2.958833921770919,
437,211527_x_at,2.955123488666469,VEGFA
438,205354_at,2.9549235720624205,GAMT
439,210163_at,2.952670126877649,CXCL11
440,214899_at,2.948846597523821,ZNF780B
441,220276_at,2.947263831717854,RERGL
442,210875_s_at,2.9422844755671145,ZEB1
443,215002_at,2.9422264979683517,NPIPA5|NPIPB5|NPIPB11|NPIPB8|LOC613037|NPIPB4|NPIPB3
444,205691_at,2.938898039426181,SYNGR3
445,211568_at,2.9381270635841967,ADGRB3
446,219233_s_at,2.937785718687223,GSDMB
447,219225_at,2.9352368942491585,PGBD5
448,209505_at,2.9304846423683792,NR2F1
449,214484_s_at,2.928915662561431,SIGMAR1
450,216766_at,2.9275560244004866,
451,202992_at,2.9256880593346617,C7
452,205713_s_at,2.921805456421561,COMP
453,201787_at,2.920546267725048,FBLN1
454,217294_s_at,2.912667068119726,ENO1
455,207847_s_at,2.9124388083854615,MUC1
456,205710_at,2.9087009450158727,LRP2
457,206634_at,2.907220182666598,SIX3
458,207175_at,2.8998929369679276,ADIPOQ
459,210448_s_at,2.8972176095442594,P2RX5
460,205734_s_at,2.8952016266759983,AFF3
461,203397_s_at,2.8919499605674743,GALNT3
462,209460_at,2.8910017198332847,ABAT
463,211466_at,2.88499024508049,NFIB
464,221909_at,2.8845796760873745,RNFT2
465,209631_s_at,2.884476213123102,SEL1L2|GPR37
466,211908_x_at,2.8829961775968416,IGK
467,220836_at,2.8809152493042904,ZNF407
468,219804_at,2.8801464459282613,SYNPO2L
469,211078_s_at,2.877415725566362,STK3
470,213338_at,2.8766447549371894,TMEM158
471,205569_at,2.8763931265628386,LAMP3
472,214203_s_at,2.8720964978524344,LOC102724788|PRODH
473,215356_at,2.8705557229147174,TDRD12
474,219196_at,2.8692541229531625,SCG3
475,214063_s_at,2.865390658292556,TF
476,204015_s_at,2.8628345920724048,DUSP4
477,203571_s_at,2.862483329688393,ADIRF
478,205872_x_at,2.855287649466733,PDE4DIP
479,216361_s_at,2.8541033223920924,KAT6A
480,209074_s_at,2.846640986134713,FAM107A
481,214614_at,2.846027080647954,MNX1
482,204455_at,2.8438538707989536,DST
483,201496_x_at,2.8420346262936067,MYH11
484,209016_s_at,2.840776594123595,KRT7
485,217157_x_at,2.8404940105509726,IGK|IGKC
486,213664_at,2.8399484187866313,SLC1A1
487,210721_s_at,2.8397691661729025,PAK5
488,205278_at,2.839206247509083,GAD1
489,219795_at,2.8377470386828465,SLC6A14
490,206243_at,2.8333633293811946,TIMP4
491,219271_at,2.8324731179863893,GALNT14
492,205778_at,2.829267461976416,KLK7
493,217524_x_at,2.8287648043455396,
494,215924_at,2.828595974720659,
495,202035_s_at,2.8273804224861556,SFRP1
496,215259_s_at,2.8261290902348195,CADM4
497,220726_at,2.8214990146305934,
498,221035_s_at,2.821031798608351,TEX14
499,208143_s_at,2.820183467027258,EDDM3A
500,218960_at,2.819627330665966,TMPRSS4
501,205555_s_at,2.817899970340999,MSX2
502,211906_s_at,2.8165959893863226,SERPINB4
503,207177_at,2.8159970231339897,PTGFR
504,221585_at,2.8143274535353853,CACNG4
505,219360_s_at,2.8084078753615875,TRPM4
506,219208_at,2.808156485024229,FBXO11
507,220091_at,2.808142697477285,SLC2A6
508,AFFX-HSAC07/X00351_5_at,2.8069534136670513,ACTB
509,217188_s_at,2.8054898370446164,C14orf1
510,220735_s_at,2.8037694126749257,SENP7
511,220361_at,2.8032293204943546,IQCH
512,217321_x_at,2.802923667348408,ATXN3
513,205948_at,2.8023266724504885,PTPRT
514,216373_at,2.8008403583303707,TAPT1
515,206107_at,2.800055340776964,RGS11
516,207679_at,2.7989811981129504,PAX3
517,208161_s_at,2.79757058022847,ABCC3
518,206456_at,2.793675088696905,GABRA5
519,216834_at,2.7932839821463666,RGS1
520,209924_at,2.792264440186204,CCL18
521,219667_s_at,2.792153610954205,BANK1
522,216997_x_at,2.791949629262331,TLE4
523,219612_s_at,2.790204628932803,FGG
524,217712_at,2.7901421050473005,
525,221057_at,2.7900046000442096,SPATA1
526,219759_at,2.7895822208720427,ERAP2
527,205357_s_at,2.7833580410516876,AGTR1
528,209612_s_at,2.7821435423657204,ADH1B
529,210262_at,2.7818720053867914,CRISP2
530,217268_at,2.7816478456870817,RAB7A
531,219408_at,2.7795191243912165,PRMT7
532,214164_x_at,2.777884914325058,CA12
533,206622_at,2.775515637976159,TRH
534,215457_at,2.773897891976239,
535,217428_s_at,2.773268970515653,COL10A1
536,206307_s_at,2.772338691547943,FOXD1
537,209587_at,2.7716865873639094,PITX1
538,209792_s_at,2.771504886857652,KLK10
539,220190_s_at,2.7704242785844406,STON1-GTF2A1L|GTF2A1L
540,211574_s_at,2.769929353593515,CD46
541,211300_s_at,2.7692636817716085,TP53
542,205485_at,2.767422904828829,RYR1
543,205334_at,2.766041127533838,S100A1
544,207981_s_at,2.7657723504598173,ESRRG
545,207406_at,2.7652861071444317,CYP7A1
546,206730_at,2.763881179785679,GRIA3
547,206785_s_at,2.7613858435314214,KLRC2|KLRC1
548,221872_at,2.760121097691988,RARRES1
549,210881_s_at,2.760011837129544,INS-IGF2|IGF2
550,211571_s_at,2.755817095543131,VCAN
551,212935_at,2.7487400605746086,MCF2L
552,207885_at,2.7474059935556374,S100G
553,215468_at,2.7469711979984774,LOC647070
554,204584_at,2.743372332405041,L1CAM
555,204126_s_at,2.7433119082876134,CDC45
556,209301_at,2.737527840344962,CA2
557,218000_s_at,2.7372345850276405,PHLDA1
558,216775_at,2.7343333903291107,USP53
559,203963_at,2.732807499066767,CA12
560,AFFX-r2-Bs-dap-3_at,2.732335152086274,
561,206091_at,2.7316175517991597,MATN3
562,205966_at,2.7289122906150753,TAF13
563,212236_x_at,2.728024360380417,KRT17|JUP
564,215312_at,2.7272463471903614,
565,220038_at,2.727131400041727,C8orf44-SGK3|SGK3
566,210383_at,2.7267962675729183,SCN1A
567,213880_at,2.7260862036878946,LGR5
568,202407_s_at,2.7251481341024086,PRPF31
569,207912_s_at,2.724847686322283,DAZ4|DAZ2|DAZ3|DAZ1
570,222379_at,2.7242246098769622,KCNE4
571,210000_s_at,2.7222576154366642,SOCS1
572,214981_at,2.719164160579983,POSTN
573,208529_at,2.716847884431657,BTF3P11
574,215779_s_at,2.7161330489242643,HIST1H2BJ|HIST1H2BG
575,214455_at,2.715620543375976,HIST1H2BC|HIST1H2BI|HIST1H2BE|HIST1H2BF|HIST1H2BG
576,207744_at,2.7154025669246815,
577,205439_at,2.7116559567597,GSTT2
578,210445_at,2.711482804180777,FABP6
579,222062_at,2.7114006608078927,IL27RA
580,205792_at,2.710976329697926,WISP2
581,205403_at,2.7105426818604297,IL1R2
582,207928_s_at,2.7099244690108035,GLRA3
583,213817_at,2.707375596535403,IRAK3
584,87100_at,2.705918739045521,ABHD2
585,209114_at,2.703160368163299,TSPAN1
586,219608_s_at,2.702408995092852,FBXO38
587,205751_at,2.702293336083689,SH3GL2
588,200796_s_at,2.702269828748831,MCL1
589,206898_at,2.702184306827152,CDH19
590,207109_at,2.6975162722250876,POU2F3
591,209260_at,2.6959238375150116,SFN
592,216598_s_at,2.693561175106641,CCL2
593,39248_at,2.6919201683866008,AQP3
594,206500_s_at,2.691267518826518,MIS18BP1
595,216109_at,2.6911546558405073,MED13L
596,219262_at,2.6905735623420233,SUV39H2
597,214829_at,2.689882688888002,AASS
598,204915_s_at,2.6876237554476035,SOX11
599,203726_s_at,2.6868638903178548,LAMA3
600,210246_s_at,2.6866712191324402,ABCC8
601,209462_at,2.6802354817747696,APLP1
602,207461_at,2.6802304084429363,
603,206276_at,2.6786830438171916,LY6D
604,211116_at,2.678176474548823,SLC9A2
605,204836_at,2.677564472283575,GLDC
606,220005_at,2.677318818752326,P2RY13
607,213998_s_at,2.676319472501435,DDX17
608,208451_s_at,2.6736298448185005,C4B_2|C4B|C4A
609,219532_at,2.6726260292063246,ELOVL4
610,211655_at,2.672326887467582,IGLC1
611,214973_x_at,2.6703141448509764,IGHD
612,216207_x_at,2.669098968410989,IGKC
613,222313_at,2.668660251795463,
614,204988_at,2.667714989290916,FGB
615,215086_at,2.666578664032746,IBTK
616,215554_at,2.664771034116247,GPLD1
617,201123_s_at,2.6600131970539924,EIF5A
618,216740_at,2.659662993043373,
619,208650_s_at,2.6593655582201494,CD24
620,219730_at,2.6554477678722472,LOC100996782|MED18
621,203892_at,2.6546724872776193,WFDC2
622,204268_at,2.6543809064803243,S100A2
623,201467_s_at,2.651485841794296,NQO1
624,215703_at,2.649927399537359,CFTR
625,207651_at,2.6484309351419504,GPR171
626,204750_s_at,2.647676599256648,DSC2
627,209131_s_at,2.6471747789101974,SNAP23
628,210073_at,2.64381039023421,ST8SIA1
629,220649_at,2.64335684307765,AGBL3
630,219962_at,2.6398290695779316,ACE2
631,215555_at,2.639244571448361,
632,217235_x_at,2.6385212406499936,IGLL5
633,209368_at,2.637475976859082,EPHX2
634,202601_s_at,2.6370888800407575,HTATSF1
635,205154_at,2.6369527225880893,LRRN2
636,221950_at,2.635871844347125,EMX2
637,206645_s_at,2.6357404256870565,NR0B1
638,218806_s_at,2.63463713215883,VAV3
639,220022_at,2.6335100381837977,ZNF334
640,205309_at,2.632571661526632,SMPDL3B
641,222348_at,2.630477405015474,MAST4
642,211369_at,2.6287810805717604,
643,217206_at,2.627611771592529,
644,214156_at,2.621476966173534,MYRIP
645,221946_at,2.6212945777459957,C9orf116
646,221520_s_at,2.620443222414155,CDCA8
647,219878_s_at,2.62014429024022,KLF13
648,209988_s_at,2.6179764148247844,ASCL1
649,201130_s_at,2.6162829676341373,CDH1
650,215117_at,2.614579590698971,RAG2
651,209167_at,2.6143045810678824,GPM6B
652,204259_at,2.6125007255670916,MMP7
653,208428_at,2.6121172789732467,TAP2
654,35974_at,2.611798684098327,LRMP
655,207824_s_at,2.610905886450401,MAZ
656,213412_at,2.6103552342923035,TJP3
657,206482_at,2.609057162216257,PTK6
658,203798_s_at,2.6087778100749692,VSNL1
659,211797_s_at,2.6085372871972012,NFYC
660,206440_at,2.60419931371959,LIN7A
661,217698_at,2.603899195047321,
662,208016_s_at,2.6037187749382986,AGTR1
663,214757_at,2.6035373443346117,PMS2P2
664,206685_at,2.602727905187221,HCG4
665,204389_at,2.6015282156399757,MAOA
666,203649_s_at,2.601264790874168,PLA2G2A
667,222308_x_at,2.5997200678586867,
668,204823_at,2.5987138330337,NAV3
669,215913_s_at,2.5981278469414604,GULP1
670,34478_at,2.5980481494480396,RAB11B
671,216805_at,2.5973942618825117,
672,204487_s_at,2.5938392246719757,KCNQ1
673,217085_at,2.5927947270471967,
674,203109_at,2.592481712986553,UBE2M
675,216686_at,2.5901498521960877,ANKRD36BP2
676,202833_s_at,2.5900662773821352,SERPINA1
677,220225_at,2.5898886988179983,IRX4
678,220615_s_at,2.5895296146389124,FAR2
679,220921_at,2.5888133597686998,SPANXB1
680,205234_at,2.5870543488389615,SLC16A4
681,214078_at,2.5857830101047323,PAK3
682,206666_at,2.585161454464965,GZMK
683,207816_at,2.585060435914368,LALBA
684,203381_s_at,2.584635658768626,APOE
685,215949_x_at,2.583071586228241,IGHM
686,215465_at,2.5829760096491614,ABCA12
687,207815_at,2.58293935390147,PF4V1
688,AFFX-r2-Bs-dap-M_at,2.5815273835146826,
689,211680_at,2.579891218672637,PDLIM5
690,222315_at,2.5755385010177414,LOC100996756
691,201048_x_at,2.5751928343586097,WTH3DI|RAB6A
692,203691_at,2.575137089682846,PI3
693,211298_s_at,2.5748226914706978,ALB
694,207107_at,2.5728704582366735,RPE65
695,216307_at,2.5717801476275373,DGKB
696,206142_at,2.569872123227428,ZNF135
697,207302_at,2.569287120576099,SGCG
698,211122_s_at,2.5692059426059335,CXCL11
699,220959_s_at,2.5691878868100515,OBP2A|OBP2B
700,215565_at,2.568366891890586,LOC101929272
701,206198_s_at,2.5681363666801897,CEACAM7
702,203108_at,2.566150527117463,GPRC5A
703,206496_at,2.565778735632584,FMO3
704,221441_at,2.5656027482681005,GSC2
705,220393_at,2.565304226014535,LGSN
706,220638_s_at,2.5643421518083445,CBLC
707,37145_at,2.5635679769979745,GNLY
708,211756_at,2.5632385391700634,PTHLH
709,203032_s_at,2.562985056470639,FH
710,215570_s_at,2.5628814952408514,ZNF780A|ZNF780B
711,217210_at,2.5626444021587123,
712,214188_at,2.5613417856838168,
713,215101_s_at,2.561209955672535,CXCL5
714,201942_s_at,2.5608198999217393,CPD
715,206827_s_at,2.559492465928135,TRPV6
716,220084_at,2.5574683346033273,C14orf105
717,211155_s_at,2.5564578073389357,THPO
718,203440_at,2.55613060228393,CDH2
719,201755_at,2.5552284315860816,MCM5
720,207254_at,2.5542233105513934,SLC15A1
721,215559_at,2.5539986705603233,LOC101930322|ABCC6
722,206526_at,2.5535687554454474,RIBC2
723,204288_s_at,2.5534729773015616,SORBS2
724,211639_x_at,2.5526339527108486,IGHV4-31|IGHM|IGHG4|IGHG3|IGHG1|IGHD|IGHA2|IGHA1|IGH
725,204439_at,2.5518396185908725,IFI44L
726,214219_x_at,2.5513279052379625,MAP4K1
727,205804_s_at,2.5509890893452503,TRAF3IP3
728,208350_at,2.5500881386375114,CSN1S1
729,222347_at,2.54983014535865,
730,213040_s_at,2.5488106699204223,NPTXR
731,203942_s_at,2.5482004739576163,MARK2
732,209113_s_at,2.5468376233625714,HMG20B
733,214914_at,2.5462535603451126,FAM13C
734,219587_at,2.5455861347086346,TTC12
735,218885_s_at,2.5447226406689882,GALNT12
736,205680_at,2.539801052255624,MMP10
737,AFFX-HUMGAPDH/M33197_5_at,2.5390349027677175,GAPDH
738,210690_at,2.5378414392929485,KLRC4
739,209396_s_at,2.536672079296508,CHI3L1
740,210480_s_at,2.5362927671687543,MYO6
741,206370_at,2.535609219221127,PIK3CG
742,204667_at,2.5352205676695485,FOXA1
743,213714_at,2.534283963181218,CACNB2
744,216814_at,2.532915455004752,
745,215647_at,2.532790562565266,
746,208586_s_at,2.532080399583012,SSX4B|SSX4
747,216752_at,2.5300973562772486,PIK3R4
748,219497_s_at,2.5285487098282666,BCL11A
749,205372_at,2.527019926467473,PLAG1
750,210997_at,2.5259626596376514,HGF
751,211649_x_at,2.524437014406083,IGHM|IGHG1|IGHA1
752,219152_at,2.520684589225546,PODXL2
753,207750_at,2.519458015410729,
754,206787_at,2.5144364366047594,BRDT
755,219995_s_at,2.5137064572734196,ZNF750
756,222196_at,2.511775614866514,LOC389906
757,214046_at,2.5107126784777303,FUT9
758,205819_at,2.510280769859704,MARCO
759,206112_at,2.5097548851843006,ANKRD7
760,205568_at,2.509080706998343,AQP9
761,218211_s_at,2.5069237992486997,MLPH
762,217345_at,2.5062417375477697,SMNP
763,216097_at,2.5038150291357932,
764,214389_at,2.5022918034240105,SLC5A12
765,209170_s_at,2.502004773037109,GPM6B
766,208710_s_at,2.500871349049376,AP3D1
767,205714_s_at,2.5000192183787546,ZMYND10
768,204874_x_at,2.497792115980616,BAIAP3
769,215200_x_at,2.4976764833610203,
770,216687_x_at,2.4956337335266165,UGT2B15
771,222351_at,2.4954492498349246,PPP2R1B
772,210503_at,2.4948082408140606,MAGEA11
773,211169_s_at,2.493591896790782,PPP1R3A
774,200841_s_at,2.493064382312386,EPRS
775,207080_s_at,2.4929257435288763,PYY
776,33767_at,2.492429178254003,NEFH
777,216987_at,2.492427684342195,IRF4
778,217621_at,2.4924097320382765,SLC6A2
779,207737_at,2.4922393150029527,
780,206664_at,2.489925214600756,SI
781,218720_x_at,2.4882773942849905,SEZ6L2
782,207056_s_at,2.4882151864831537,SLC4A8
783,211522_s_at,2.488147889250813,GNRHR
784,210815_s_at,2.487322632844175,CALCRL
785,204922_at,2.485532000146559,C11orf80
786,205769_at,2.483980017216268,SLC27A2
787,215962_at,2.4809179097056644,
788,206457_s_at,2.4802941703683077,DIO1
789,220004_at,2.4787707209074736,DDX43
790,210738_s_at,2.4776065845685693,SLC4A4
791,215784_at,2.4774188811333206,CD1E
792,206831_s_at,2.4768674400234696,ARSD
793,204961_s_at,2.4735237431994426,NCF1C|NCF1B|NCF1
794,208496_x_at,2.4712071720801965,HIST1H3G
795,206326_at,2.4710606807318465,GRP
796,217110_s_at,2.469086082041371,MUC4
797,201645_at,2.4672670049122085,TNC
798,220177_s_at,2.466075201545704,TMPRSS3
799,205471_s_at,2.464761832693688,DACH1
800,221037_s_at,2.46239834597369,SLC25A31
801,203824_at,2.462044706098833,TSPAN8
802,207174_at,2.461206146627843,GPC5
803,211032_at,2.459619803700628,COBLL1
804,206060_s_at,2.458684248408351,PTPN22
805,222330_at,2.458267634685795,
806,207414_s_at,2.457831611895951,LOC100507472|PCSK6
807,211549_s_at,2.456772844863866,HPGD
808,210600_s_at,2.4554233913317147,GRK4
809,207793_s_at,2.4553611306873844,EPB41
810,208960_s_at,2.4536645717698833,KLF6
811,210802_s_at,2.453362642505349,DIMT1
812,220483_s_at,2.4511943702945476,RNF19A
813,207326_at,2.45112096487007,BTC
814,216319_at,2.4504937848747463,
815,210435_at,2.450136555407634,ARL17B|ARL17A
816,216435_at,2.4459013211098246,MAP2K5
817,206977_at,2.4447270130746026,PTH
818,206069_s_at,2.443483059112709,ACADL
819,209922_at,2.440762306276997,BRAP
820,205728_at,2.4400851884905843,TENM1
821,208245_at,2.439148230963653,RAB9BP1
822,207286_at,2.4386259492001643,CEP135
823,204409_s_at,2.438013588093874,EIF1AY
824,204913_s_at,2.437741815080811,SOX11
825,210919_at,2.4371483057655143,PHLPP1
826,219682_s_at,2.4371049347870275,TBX3
827,220014_at,2.4366063604599306,PRR16
828,210971_s_at,2.4359838875246065,ARNTL
829,206434_at,2.435819816829796,SPOCK3
830,220117_at,2.4352841955253894,ZNF385D
831,1438_at,2.435090271412228,EPHB3
832,205017_s_at,2.4341781800279585,MBNL2
833,206962_x_at,2.4340734721851724,
834,207803_s_at,2.4337045257999574,CSN3
835,220744_s_at,2.433383724287094,LOC101927266|IFT122
836,211643_x_at,2.4333571296217595,IGK|IGKC
837,204719_at,2.431966907660707,ABCA8
838,202859_x_at,2.4312504178869614,CXCL8
839,204748_at,2.4300770256333175,PTGS2
840,211450_s_at,2.429431854286453,MSH6
841,204882_at,2.428075140759086,ARHGAP25
842,206810_at,2.4274111382842407,LOC101060181|ZNF44
843,211748_x_at,2.427202803847563,PTGDS
844,220787_at,2.4270423459985464,
845,215591_at,2.4250218903537037,SATB2
846,212444_at,2.424028727767042,GPRC5A
847,205951_at,2.420961474197963,MYH1
848,217059_at,2.4207333786898553,MUC7
849,220884_at,2.420614262935527,
850,203021_at,2.4196663696309892,SLPI
851,211646_at,2.418309982694486,LOC102725526|IGHM|IGHG3|IGHG2|IGHG1|IGHA1|IGH
852,214023_x_at,2.4177841349300997,TUBB2B
853,218541_s_at,2.4168840496993043,C8orf4
854,207879_at,2.4157136362496336,
855,215294_s_at,2.4105270400190117,SMARCA1
856,41577_at,2.4075791628401495,PPP1R16B
857,222145_at,2.4072980423027333,
858,219782_s_at,2.406959087023388,ZNF771
859,218796_at,2.406953399035324,FERMT1
860,209638_x_at,2.40681989720492,RGS12
861,220675_s_at,2.406623795145465,PNPLA3
862,217388_s_at,2.4057336384661063,KYNU
863,208010_s_at,2.4049452992522142,PTPN22
864,215241_at,2.4047682928912084,ANO3
865,205493_s_at,2.4041147237790526,DPYSL4
866,217360_x_at,2.404066481333244,IGHV4-31|IGHM|IGHG3|IGHG1|IGHA1
867,AFFX-r2-Bs-phe-5_at,2.40308970811021,
868,205671_s_at,2.402229078684335,HLA-DOB
869,212750_at,2.4021107119936063,PPP1R16B
870,205267_at,2.4013082228734706,POU2AF1
871,215713_at,2.400385847026044,
872,214712_at,2.400126229200172,SNX29P2
873,204591_at,2.3983024468148937,CHL1
874,208206_s_at,2.3975397152252564,RASGRP2
875,202067_s_at,2.3973665429376925,LDLR
876,213589_s_at,2.3964247259228943,B3GNTL1
877,214405_at,2.396394405676095,
878,217564_s_at,2.3962120717755306,CPS1
879,206655_s_at,2.3943313586763573,SEPT5-GP1BB|SEPT5|GP1BB
880,219115_s_at,2.3941512816339214,IL20RA
881,219858_s_at,2.3931100390290685,MFSD6
882,204766_s_at,2.391524390336985,NUDT1
883,209807_s_at,2.391208538375602,NFIX
884,207723_s_at,2.390309212767337,KLRC3
885,214822_at,2.3900046244380606,BRINP2
886,204044_at,2.3885677794340614,QPRT
887,217126_at,2.384538161510596,
888,205364_at,2.3842942412567814,ACOX2
889,208019_at,2.3842186083790207,ZNF157
890,220123_at,2.3833082084426267,SLC35F5
891,205462_s_at,2.3824397582363397,HPCAL1
892,216625_at,2.3824280320653415,
893,212224_at,2.3817620449456345,ALDH1A1
894,207977_s_at,2.3812325094917046,DPT
895,210138_at,2.379880881134958,RGS20
896,221566_s_at,2.3791562845436762,NOL3
897,211736_at,2.3788040899806524,SP2
898,217111_at,2.378374485182382,AMACR
899,205549_at,2.377940207205672,PCP4
900,207989_at,2.3754534471635536,OPRM1
901,202966_at,2.371705026018456,CAPN6
902,209000_s_at,2.3710866107458437,SEPT8
903,215655_at,2.3705677374360428,GRIK2
904,208343_s_at,2.37023453943054,NR5A2
905,210982_s_at,2.3674640689891446,HLA-DRA
906,210525_x_at,2.365486866143358,EFCAB11
907,206669_at,2.36510779150608,GAD1
908,207276_at,2.3641859836112453,CDR1
909,219455_at,2.363752376362439,CFAP69
910,200835_s_at,2.3627273591406417,MAP4
911,206612_at,2.3625500746733747,CACNG1
912,215920_s_at,2.3622788369075813,NPIPA5|NPIPB6|NPIPB15|PDXDC2P|NPIPB3|NPIPA1
913,215558_at,2.3612897886675355,UBR2
914,221491_x_at,2.3604602649292588,LOC101060835|LOC100996809|HLA-DRB6|HLA-DRB5|HLA-DRB4|HLA-DRB3|HLA-DRB1|HLA-DQB1
915,210321_at,2.3592885603633422,GZMH
916,206433_s_at,2.358013610190646,SPOCK3
917,217198_x_at,2.3566980627106004,IGHG1|IGHD|IGHA2|IGH
918,204669_s_at,2.356502266302718,RNF24
919,210893_at,2.3555435845618886,
920,205732_s_at,2.354020782796328,NCOA2
921,205613_at,2.3509939608662336,SYT17
922,219875_s_at,2.350715358929401,DESI2
923,205104_at,2.3481277652208394,SNPH
924,205829_at,2.3475591812086547,HSD17B1
925,220448_at,2.3472162504322416,KCNK12
926,210491_at,2.3465633015951695,
927,209774_x_at,2.3456497066086053,CXCL2
928,207164_s_at,2.3451300643767485,ZBTB18
929,216758_at,2.3450426901552577,
930,204210_s_at,2.34427012363937,PCYT1A
931,221667_s_at,2.344104866230509,HSPB8
932,201869_s_at,2.3440317056976854,TBL1X
933,220700_at,2.343802053250961,
934,211470_s_at,2.3427768085604344,SULT1C2
935,205837_s_at,2.3421110282263973,GYPA
936,222068_s_at,2.341883035764784,DNAAF1
937,213695_at,2.3406582752408855,PON3
938,217513_at,2.338957607599225,MILR1
939,206884_s_at,2.338728509218445,SCEL
940,216171_at,2.338520407845049,
941,205824_at,2.337705889372158,HSPB2
942,217402_at,2.337230472624141,
943,215634_at,2.3355090189816083,
944,221195_at,2.335476250631085,RNFT1
945,213964_x_at,2.3336996227946427,RPARP-AS1
946,201465_s_at,2.332576111513704,JUN
947,212218_s_at,2.3314256200320522,FASN
948,202357_s_at,2.3311499334198253,CFB
949,220798_x_at,2.3303990518862054,PLPPR3
950,220782_x_at,2.330244233363588,KLK12
951,222202_at,2.3298352944857643,
952,217023_x_at,2.328398742976492,TPSB2|TPSAB1
953,213493_at,2.327853081742061,SNED1
954,205081_at,2.3270738301063765,CRIP1
955,220972_s_at,2.327042958171616,KRTAP9-9
956,213247_at,2.326697795951312,SVEP1
957,217320_at,2.326225339946254,LOC100293211
958,204363_at,2.325368948381303,F3
959,217014_s_at,2.3219412891204176,AZGP1P1|AZGP1
960,213662_at,2.319977304849142,FAM134B
961,214428_x_at,2.3196298374036606,C4B_2|C4B|C4A
962,208262_x_at,2.3187510080704863,MEFV
963,216710_x_at,2.31858737875474,ZNF287
964,209126_x_at,2.3183413138482343,KRT6B
965,219274_at,2.318016547820993,TSPAN12
966,216613_at,2.317131259488655,
967,210379_s_at,2.3163040360407274,TLK1
968,215201_at,2.315732081885614,REPS1
969,213994_s_at,2.314390082135396,SPON1
970,221815_at,2.314118851523671,ABHD2
971,208450_at,2.314101203052381,LGALS2
972,215763_at,2.313584359248999,
973,202554_s_at,2.3133941047848916,GSTM3
974,220012_at,2.313384767526378,ERO1B
975,220039_s_at,2.312653196666969,CDKAL1
976,211700_s_at,2.3114515054691895,TRO
977,207247_s_at,2.3106872967543453,ZFY|ZFX
978,211861_x_at,2.3101643472630107,CD28
979,209757_s_at,2.3086812863702155,MYCN
980,217138_x_at,2.3085050168193364,IGLC1
981,217105_at,2.3082792713765232,
982,207465_at,2.3082614097515504,LOC100127886
983,214071_at,2.307898609480001,GNAL
984,206999_at,2.307595456875253,IL12RB2
985,221098_x_at,2.3073683742631377,UTP14A
986,203928_x_at,2.3069745892491094,MAPT
987,219087_at,2.3067102301888527,ASPN
988,210355_at,2.3060648029158584,PTHLH
989,216719_s_at,2.3058912741917195,RAB11FIP4
990,202508_s_at,2.303850505352192,SNAP25
991,220503_at,2.3028712340283795,SLC13A1
992,205321_at,2.3028162267157297,EIF2S3
993,219984_s_at,2.302017291515955,HRASLS
994,202628_s_at,2.3011843462734087,SERPINE1
995,213764_s_at,2.3010077264909548,MFAP5
996,215942_s_at,2.3003846461657984,GTSE1
997,203153_at,2.2998306278689244,IFIT1
998,215867_x_at,2.2993656572716517,CA12
999,212774_at,2.299326058105829,ZBTB18
1000,216948_at,2.2986188277545385,
1001,216684_s_at,2.2984095170690626,SS18
1002,205593_s_at,2.295184682887748,PDE9A
1003,216619_at,2.2946559260829558,LOC101927446|GTPBP10
1004,203896_s_at,2.2939519947778146,PLCB4
1005,214692_s_at,2.292242545973939,JRK
1006,207522_s_at,2.292144762978946,ATP2A3
1007,211868_x_at,2.2916436474363313,IGHV4-31|IGHM|IGHG3|IGHG2|IGHG1|IGHD|IGHA2|IGHA1|IGH
1008,202855_s_at,2.2911656223752037,MIR6787|SLC16A3
1009,205941_s_at,2.2904165443554603,COL10A1
1010,216974_at,2.288346551438819,KITLG
1011,211506_s_at,2.2882915855186576,CXCL8
1012,213381_at,2.286272914246175,VSTM4
1013,205848_at,2.286258498967954,GAS2
1014,AFFX-r2-Bs-lys-M_at,2.2845317602896653,
1015,208510_s_at,2.284335545112656,PPARG
1016,206277_at,2.2842812884499946,P2RY2
1017,204430_s_at,2.283951178985239,SLC2A5
1018,213789_at,2.2836745357748143,EBP
1019,205212_s_at,2.2833202767666254,ACAP1
1020,204388_s_at,2.2831271898627454,MAOA
1021,220978_at,2.2816878517168178,KRTAP1-3
1022,216992_s_at,2.2809179594507447,GRM8
1023,216777_at,2.279873004346128,
1024,211081_s_at,2.278650220464655,MAP4K5
1025,220233_at,2.2782202899560575,FBXO17
1026,205857_at,2.2780562343365656,SLC18A2
1027,203872_at,2.27780150844971,ACTA1
1028,215733_x_at,2.2764531404300237,CTAG2
1029,216276_s_at,2.2745098903837326,ADAM3A
1030,206624_at,2.2740445750015277,USP9Y
1031,214422_at,2.2733949582522555,RAD23B
1032,215469_at,2.272973176464031,SLITRK5
1033,214540_at,2.2726110539015414,HIST1H2BO
1034,214747_at,2.272498786423055,ZBED4
1035,216190_x_at,2.2722052726744284,ITGB1
1036,211092_s_at,2.2719606110908375,NF2
1037,205430_at,2.270125380980288,BMP5
1038,210305_at,2.270084406338551,PDE4DIP
1039,210244_at,2.270030526572278,CAMP
1040,210640_s_at,2.2698443891295756,GPER1
1041,221410_x_at,2.2673455090891976,PCDHB3
1042,207588_at,2.2672600360499415,
1043,215599_at,2.266903945165778,GUSBP9|GUSBP3
1044,209834_at,2.266892352487274,CHST3
1045,220797_at,2.2665411218544573,LOC284009|METTL16
1046,208564_at,2.2661645578049887,KCNA2
1047,220609_at,2.265910052172489,LOC202181
1048,203424_s_at,2.26515921017158,IGFBP5
1049,210035_s_at,2.2647622137954877,SNORA66|RPL5|SNORD21
1050,216151_at,2.2645776785943834,
1051,213548_s_at,2.2640395459606433,CDV3
1052,210432_s_at,2.2632735804344746,SCN3A
1053,214984_at,2.2628140698109487,LOC101060604|SMG1P3|SLC7A5P1
1054,220192_x_at,2.262542188727853,SPDEF
1055,205833_s_at,2.2625319941868205,PART1
1056,204775_at,2.2621222953665208,CHAF1B
1057,217470_at,2.2616076426033818,
1058,215921_at,2.2601205994773164,NPIPA5|NPIPB6|NPIPB8|NPIPB3
1059,207120_at,2.259971526138563,ZNF667
1060,219412_at,2.2597728044923087,RAB38
1061,214488_at,2.259731513351236,RAP2B
1062,210496_at,2.2593854160523006,NAG18
1063,203849_s_at,2.2591978303457054,KIF1A
1064,221796_at,2.2591023590847796,NTRK2
1065,217400_at,2.2586960779975036,
1066,206202_at,2.257601813924794,MEOX2
1067,219389_at,2.257449897692929,SUSD4
1068,221076_at,2.256978980932505,PELO
1069,215212_at,2.256848411562312,
1070,221682_s_at,2.2565298426286673,PCDHGB6
1071,205429_s_at,2.2545693923013737,MPP6
1072,214580_x_at,2.254329201079576,KRT6C|KRT6B|KRT6A
1073,213747_at,2.2540922856125136,AZIN1
1074,215300_s_at,2.252623937822994,FMO5
1075,215686_x_at,2.2521752863389692,TFAP2B
1076,207331_at,2.251009569062132,CENPF
1077,202134_s_at,2.250804698702217,WWTR1
1078,216298_at,2.2503817036609517,TARP
1079,211027_s_at,2.2500002978830156,IKBKB
1080,208083_s_at,2.2497290060148036,LOC100505984|ITGB6
1081,217155_at,2.2495345430846183,
1082,212092_at,2.249208032047658,PEG10
1083,219932_at,2.2485355836586627,SLC27A6
1084,203355_s_at,2.2473877627711323,PSD3
1085,204755_x_at,2.2465742749340585,HLF
1086,208576_s_at,2.24655716959294,HIST1H3B
1087,208399_s_at,2.2461325783524826,EDN3
1088,206504_at,2.2456253824300445,CYP24A1
1089,201951_at,2.2454458815484557,ALCAM
1090,201203_s_at,2.2445108413940327,RRBP1
1091,215793_at,2.243487646922282,MTMR7
1092,AFFX-r2-Bs-lys-5_at,2.243368118943789,
1093,217577_at,2.2420478223331246,
1094,216258_s_at,2.241096742699133,SERPINB13
1095,210194_at,2.240223648436127,PLA2R1
1096,219825_at,2.2398220876135775,CYP26B1
1097,204422_s_at,2.2386993753202264,FGF2
1098,220786_s_at,2.238444313130303,SLC38A4
1099,204879_at,2.2379913510717566,PDPN
1100,209909_s_at,2.23786403660204,TGFB2
1101,205817_at,2.2371941711620043,SIX1
1102,211712_s_at,2.236766060223855,ANXA9
1103,219597_s_at,2.235770792887757,DUOX1
1104,213472_at,2.235272873726387,HNRNPH1
1105,220154_at,2.2347246591830197,DST
1106,217594_at,2.2343861222950805,ZCCHC11
1107,215663_at,2.2327649949395534,MBNL1
1108,211144_x_at,2.2321348009239843,TARP|TRGV9|TRGC2
1109,221182_at,2.23211522868768,MROH9
1110,209953_s_at,2.2317148398941615,CDC37
1111,204890_s_at,2.2315846148367537,LCK
1112,217132_at,2.231545594382837,
1113,214450_at,2.231189185369754,CTSW
1114,216454_at,2.23111340806143,TRMT1
1115,220837_at,2.2306099716784735,LOC100996325
1116,211530_x_at,2.230221163733921,HLA-G
1117,205960_at,2.2286734377137654,PDK4
1118,210734_x_at,2.2286629525982122,MAX
1119,213938_at,2.2286442921565914,ERC2
1120,215392_at,2.228378707780832,
1121,211635_x_at,2.227687643017471,IGHV4-31|IGHM|IGHG4|IGHG3|IGHG1|IGHD|IGHA2|IGHA1
1122,215665_at,2.2259446921079724,
1123,203352_at,2.224635359567761,ORC4
1124,204414_at,2.2245419910154336,LARGE1
1125,215925_s_at,2.2235045777946447,CD72
1126,209604_s_at,2.2226083866892457,GATA3
1127,216050_at,2.2220003864768905,
1128,210164_at,2.221747256710158,GZMB
1129,215616_s_at,2.2212352115781178,KDM4B
1130,206348_s_at,2.219915856087478,PDK3
1131,214269_at,2.219864852960392,MFSD7
1132,216238_s_at,2.2186792413963916,FGB
1133,217705_at,2.2177184540139,PRKD1
1134,208368_s_at,2.217015547865242,BRCA2
1135,211150_s_at,2.216633741185333,DLAT
1136,201884_at,2.2160545952669763,CEACAM5
1137,214631_at,2.2157279859488903,ZBTB33
1138,209990_s_at,2.2148307184799796,GABBR2
1139,215586_at,2.2147340195687826,
1140,221272_s_at,2.2137253072044905,C1orf21
1141,206486_at,2.2137163695017614,LAG3
1142,217179_x_at,2.21369700899775,BMS1P20
1143,214596_at,2.2135386009851006,CHRM3
1144,207712_at,2.213193600789872,BAGE
1145,221754_s_at,2.212640286675493,CORO1B
1146,219334_s_at,2.2123401026420204,NABP1
1147,212009_s_at,2.211520683533683,STIP1
1148,219552_at,2.211509123816107,SVEP1
1149,206366_x_at,2.2111731795261425,XCL1
1150,220145_at,2.2108839239903397,MAP9
1151,220076_at,2.2106034546726665,ANKH
1152,216406_at,2.2094000282472197,
1153,210299_s_at,2.2085765052626973,FHL1
1154,210337_s_at,2.207993610948385,ACLY
1155,219523_s_at,2.207918966867978,TENM3
1156,214834_at,2.207314717472613,PWAR5
1157,216068_at,2.2066638647788777,
1158,211002_s_at,2.206291770877553,TRIM29
1159,204941_s_at,2.205649372118236,ALDH3B2
1160,215224_at,2.204813438015985,SNORA21
1161,218954_s_at,2.2047231224259995,BRF2
1162,213652_at,2.2045536419265335,PCSK5
1163,208664_s_at,2.203872671454585,TTC3P1|TTC3
1164,207017_at,2.2025589803817383,RAB27B
1165,212746_s_at,2.2024370019662283,CEP170P1|CEP170
1166,211598_x_at,2.2019921228899806,VIPR2
1167,203806_s_at,2.201773564711597,FANCA
1168,205535_s_at,2.2009135032973672,PCDH7
1169,219978_s_at,2.2003838569865044,NUSAP1
1170,217583_at,2.200039436208177,LOC101929036|PAH
1171,219468_s_at,2.199648959375288,CUEDC1
1172,210279_at,2.199364098954372,GPR18
1173,206864_s_at,2.198821035169186,HRK
1174,221870_at,2.1986399330770037,EHD2
1175,216844_at,2.1983130993918842,ZC3H7B
1176,215355_at,2.1977773815126054,POU2F3
1177,222298_at,2.197148790792923,
1178,221920_s_at,2.1969623950265857,SLC25A37
1179,209720_s_at,2.1967417836720817,SERPINB3
1180,216057_at,2.196452461722306,RAB3GAP2
1181,AFFX-HUMISGF3A/M97935_MA_at,2.1959940870032946,STAT1
1182,219961_s_at,2.195477714823779,KIZ
1183,211088_s_at,2.1953765985976204,PLK4
1184,214916_x_at,2.1946219254669264,IGHV3-23|IGHV4-31|IGHM|IGHG3|IGHG1|IGHA2|IGHA1
1185,207238_s_at,2.194060638717366,PTPRC
1186,210643_at,2.1932409413583054,TNFSF11
1187,204935_at,2.19322766215584,PTPN2
1188,204942_s_at,2.190286781924551,ALDH3B2
1189,218207_s_at,2.190283633103003,STMN3
1190,215666_at,2.1890182654855543,HLA-DRB4
1191,222161_at,2.1868083408443773,NAALAD2
1192,221029_s_at,2.1856337058133812,WNT5B
1193,210767_at,2.185084309503978,NF2
1194,206439_at,2.1847198328625788,EPYC
1195,210121_at,2.1842163278844535,B3GALT2
1196,205112_at,2.184054435768264,PLCE1
1197,203439_s_at,2.183680910355011,STC2
1198,219654_at,2.1831881889229963,HACD1
1199,207706_at,2.1820976673472625,USH2A
1200,214414_x_at,2.181781962264442,HBA2|HBA1
1201,206479_at,2.181059939807935,TRPM1
1202,203811_s_at,2.1802163390949314,DNAJB4
1203,219430_at,2.17992433065148,GPR137
1204,216020_at,2.178680722483116,IFIH1
1205,209599_s_at,2.1770023249851236,PRUNE1
1206,219300_s_at,2.175739427974903,CNTNAP2
1207,202089_s_at,2.1757216589053803,SLC39A6
1208,209291_at,2.175497869802641,ID4
1209,207623_at,2.1753180637771936,ABCF2
1210,210196_s_at,2.1742849937050077,PSG1
1211,215290_at,2.173761148827697,
1212,208063_s_at,2.1735536976896936,CAPN9
1213,215846_at,2.171780373940367,
1214,212695_at,2.170928015247941,CRY2
1215,210258_at,2.1708878980811064,RGS13
1216,220302_at,2.170362576534119,MAK
1217,202411_at,2.169677437715894,IFI27
1218,201043_s_at,2.1690360014988146,ANP32A
1219,214133_at,2.168340933195441,MUC6
1220,212613_at,2.167081847153741,BTN3A2
1221,219651_at,2.1665184355426943,DPPA4
1222,211699_x_at,2.1663953431237166,HBA2|HBA1
1223,206795_at,2.1652959553803135,F2RL2
1224,221212_x_at,2.164935722165174,PBRM1
1225,220955_x_at,2.1649011793536017,RAB23
1226,210464_at,2.164279277430471,LINC00588
1227,216027_at,2.1642059637365327,TMX4
1228,218657_at,2.1641881293197867,RAPGEFL1
1229,205910_s_at,2.163374113962991,CEL
1230,AFFX-HUMISGF3A/M97935_5_at,2.1630524672121676,STAT1
1231,211273_s_at,2.1620021932899425,TBX1
1232,219415_at,2.161682920045477,TTYH1
1233,203304_at,2.1610182546897176,BAMBI
1234,216141_at,2.160823692157453,
1235,201291_s_at,2.1603897916344845,TOP2A
1236,204156_at,2.160188368536828,SIK3
1237,214725_at,2.1592214035493633,SBSPON
1238,214890_s_at,2.159212847149431,FAM149A
1239,214551_s_at,2.157949882770269,CD7
1240,210233_at,2.157880171296399,IL1RAP
1241,205476_at,2.157436525734982,CCL20
1242,205856_at,2.15720290841708,SLC14A1
1243,205730_s_at,2.1569392280399278,ABLIM3
1244,207371_at,2.15693141251321,
1245,215474_at,2.1560857019179696,
1246,216080_s_at,2.1557105512043435,FADS3
1247,216474_x_at,2.1532379343719716,TPSB2|TPSAB1
1248,221225_at,2.1522267355605313,DCAKD
1249,215248_at,2.1521373749833668,GRB10
1250,219387_at,2.151896812854438,CCDC88A
1251,218952_at,2.1509827272931874,PCSK1N
1252,207119_at,2.1506130387742086,PRKG1
1253,211881_x_at,2.1504116928035923,IGLJ3
1254,216836_s_at,2.1476662105944486,ERBB2
1255,207104_x_at,2.147223561547927,LILRB1
1256,221524_s_at,2.1464512262955506,RRAGD
1257,210747_at,2.1463671268856888,HLA-DQB1
1258,217339_x_at,2.146017682780687,CTAG1A|CTAG1B
1259,216468_s_at,2.1454431336999167,ZNF682
1260,216813_at,2.145420839028249,
1261,220435_at,2.145125959476659,SLC30A10
1262,203766_s_at,2.144743078045679,LMOD1
1263,210974_s_at,2.144015429937505,AP3D1
1264,200865_at,2.142778373917008,EIF3F
1265,207739_s_at,2.1425637434829228,GAGE12D|GAGE8|GAGE12F|GAGE2A|GAGE12H|GAGE12E|GAGE12B|GAGE12C|GAGE2D|GAGE12J|GAGE12G|GAGE13|GAGE2B|GAGE2E|GAGE12I|GAGE7|GAGE6|GAGE5|GAGE4|GAGE3|GAGE2C|GAGE1
1266,201983_s_at,2.1420986213182793,EGFR
1267,218944_at,2.1410557313223597,PYCRL
1268,213707_s_at,2.1406441007256225,DLX5
1269,221759_at,2.140367963116153,G6PC3
1270,205908_s_at,2.14002018693522,OMD
1271,209618_at,2.13933340048363,CTNND2
1272,201789_at,2.1384114276414077,PCNX4
1273,214592_s_at,2.1382865401891604,SNAPC5
1274,204013_s_at,2.138117138565006,LCMT2
1275,211054_at,2.138112319608207,INVS
1276,205779_at,2.138057669425943,RAMP2
1277,204938_s_at,2.1375606399611278,PLN
1278,202278_s_at,2.1359217597796682,SPTLC1
1279,216883_x_at,2.135651959419718,PDE6D
1280,205311_at,2.134109251178825,DDC
1281,210717_at,2.131751803131898,
1282,219841_at,2.13129591578425,AICDA
1283,219359_at,2.128604722745787,PGGHG
1284,217239_x_at,2.1284286603101177,LOC101930405
1285,220034_at,2.127928995146261,IRAK3
1286,221583_s_at,2.1277685104518076,KCNMA1
1287,216314_at,2.127535747432025,CRISP1
1288,202504_at,2.127521383507109,TRIM29
1289,220311_at,2.1262798300516095,N6AMT1
1290,215330_at,2.1253367346930747,
1291,206852_at,2.122918766697527,EPHA7
1292,210387_at,2.1223347003806787,HIST1H2BJ|HIST1H2BG
1293,203994_s_at,2.1218082687282713,C21orf2
1294,216999_at,2.121674044554133,EPOR
1295,210450_at,2.121417823973825,IGHV5-78
1296,215760_s_at,2.1210667212191967,SBNO2
1297,203772_at,2.1208284361741363,BLVRA
1298,216803_at,2.1202428803993163,PDLIM5
1299,202986_at,2.1196962760362994,ARNT2
1300,203434_s_at,2.119565649238311,MME
1301,213245_at,2.119143604360852,ADCY1
1302,218959_at,2.118748693652015,HOXC10
1303,207038_at,2.1158369727962025,SLC16A6
1304,215627_at,2.1152082369454437,LOC101926913
1305,208580_x_at,2.115065491088208,HIST2H4B|HIST4H4|HIST2H4A|HIST1H4L|HIST1H4E|HIST1H4B|HIST1H4H|HIST1H4C|HIST1H4J|HIST1H4K|HIST1H4F|HIST1H4D|HIST1H4A|HIST1H4I
1306,203924_at,2.11449860597614,GSTA1
1307,207768_at,2.1143691394424655,EGR4
1308,205860_x_at,2.114061771442596,FOLH1B|FOLH1
1309,216659_at,2.1127344814684643,LOC1720
1310,209151_x_at,2.112653334579981,TCF3
1311,204515_at,2.1113099760089553,HSD3B1
1312,209242_at,2.1103087003410166,PEG3
1313,214877_at,2.110303891858488,CDKAL1
1314,217664_at,2.1100927298580667,
1315,214664_at,2.1100786754749423,PAICS
1316,219937_at,2.1094942958431266,TRHDE
1317,202718_at,2.1094581489493978,IGFBP2
1318,209208_at,2.109104753231144,MPDU1
1319,215589_at,2.1087316705453323,
1320,215072_x_at,2.1068957204418286,EDRF1
1321,206569_at,2.1065756858012614,IL24
1322,203435_s_at,2.106214657618361,MME
1323,211523_at,2.106089382633228,GNRHR
1324,210935_s_at,2.106021021494244,WDR1
1325,204463_s_at,2.104998817197424,EDNRA
1326,221338_at,2.104949221167402,LY6G6E
1327,209125_at,2.1038967761190346,KRT6A
1328,222121_at,2.1037347529888164,ARHGEF26
1329,206140_at,2.1033863450806516,LHX2
1330,208475_at,2.1031914196573256,FRMD4A
1331,215957_at,2.102935584591454,UBE2D1
1332,216765_at,2.1024316191586085,MAP2K5
1333,215195_at,2.101540222804313,PRKCA
1334,201971_s_at,2.101194080989978,ATP6V1A
1335,220280_s_at,2.1010921980421426,ANKMY1
1336,221279_at,2.1010842874153224,GDAP1
1337,217401_at,2.1001840780840233,
1338,210941_at,2.1000377489708577,PCDH7
1339,206329_at,2.099188800120037,EXTL1
1340,206638_at,2.0991330510838013,HTR2B
1341,206343_s_at,2.0990271581888815,NRG1
1342,206134_at,2.0988198452510227,ADAMDEC1
1343,206552_s_at,2.0985367310379766,TAC1
1344,204798_at,2.0984454639877486,MYB
1345,217380_s_at,2.0971301618943343,ADD3-AS1
1346,218876_at,2.0969256331853234,TPPP3
1347,222317_at,2.096512706776713,PDE3B
1348,216575_at,2.0950700475003905,
1349,207479_at,2.095055312633051,
1350,208213_s_at,2.094973677795343,KCNAB1
1351,217384_x_at,2.0949707474979364,LOC100293211
1352,220619_at,2.0948979478819063,CHD7
1353,220425_x_at,2.0946129655251555,ROPN1B
1354,217229_at,2.094608724032177,ASB4
1355,211110_s_at,2.093541445411247,AR
1356,211627_x_at,2.0930594844599457,ESR1
1357,202235_at,2.092490950163662,SLC16A1
1358,216136_at,2.0920241078437147,
1359,205731_s_at,2.091841256885362,NCOA2
1360,214234_s_at,2.0916797227160435,CYP3A5
1361,219250_s_at,2.0915673093184113,FLRT3
1362,210992_x_at,2.0907619758386575,FCGR2C
1363,207307_at,2.089687883828793,HTR2C
1364,207460_at,2.0896021702389875,GZMM
1365,203628_at,2.0888763043852583,IGF1R
1366,208495_at,2.0887194494460606,TLX3
1367,215360_at,2.0885261366456342,
1368,205852_at,2.088433488022651,CDK5R2
1369,212865_s_at,2.0875752676252635,COL14A1
1370,204364_s_at,2.086555456912453,REEP1
1371,210932_s_at,2.0864006517612967,RNF6
1372,219847_at,2.086096834439836,HDAC11
1373,220220_at,2.0860942553310124,LRRC37A2|LRRC37A4P
1374,214978_s_at,2.0850221743716193,PPFIA4
1375,211492_s_at,2.084406891940366,ADRA1A
1376,201062_at,2.0837805878207387,STOM
1377,214111_at,2.0837135021698536,OPCML
1378,204006_s_at,2.0835445654529625,FCGR3B|FCGR3A
1379,219463_at,2.083432698568228,LAMP5
1380,220828_s_at,2.0831870384210336,LOC55338
1381,210215_at,2.083003361584354,TFR2
1382,204621_s_at,2.082533221681096,NR4A2
1383,220473_s_at,2.0824824907781028,ZCCHC4
1384,210313_at,2.0823657740745922,LILRA4
1385,213663_s_at,2.0822946453140982,FAM134B
1386,213872_at,2.082067480907204,
1387,222287_at,2.0808140405550777,TRDN
1388,212956_at,2.0804990793316938,TBC1D9
1389,203047_at,2.080459378610807,STK10
1390,204581_at,2.0803793654719183,CD22
1391,217067_s_at,2.0802067653334704,DMP1
1392,203676_at,2.0796585520162805,GNS
1393,220006_at,2.0795536207629697,EFCC1
1394,220552_at,2.078725931922559,TRPC5
1395,217694_at,2.078528664878285,
1396,213856_at,2.0779147230218538,CD47
1397,205898_at,2.077081196641883,CX3CR1
1398,210814_at,2.076744109658866,TRPC3
1399,209160_at,2.0759901745662908,AKR1C3
1400,220066_at,2.0754222808253666,NOD2
1401,203469_s_at,2.074923789163517,CDK10
1402,205355_at,2.074662170788068,ACADSB
1403,216573_at,2.0731058311194905,IGLV1-44
1404,207256_at,2.0728477793628555,MBL2
1405,209739_s_at,2.0723646639441333,PNPLA4
1406,217440_at,2.071537205613217,
1407,217709_at,2.0714978814762626,
1408,209677_at,2.071429937745533,PRKCI
1409,220799_at,2.0714238567292402,GCM2
1410,220301_at,2.0704598056147425,CCDC102B
1411,221040_at,2.0704334615402864,CAPN10
1412,204695_at,2.0692121796032796,CDC25A
1413,219728_at,2.06919266097743,MYOT
1414,209830_s_at,2.068811439253956,SLC9A3R2
1415,206984_s_at,2.068617394525414,RIT2
1416,206126_at,2.066863816941255,CXCR5
1417,206300_s_at,2.066834770971552,PTHLH
1418,215575_at,2.0655504599260412,PDE4DIP
1419,204597_x_at,2.0651788503292683,STC1
1420,215213_at,2.065064507163954,NUP54
1421,211556_at,2.064894563313575,MAPRE2
1422,207470_at,2.064815133928749,
1423,212091_s_at,2.0642088874423252,COL6A1
1424,211205_x_at,2.0639550792094523,PIP5K1A
1425,215164_at,2.0633787089158235,
1426,217382_at,2.063023541524912,CLIC1P1
1427,207110_at,2.0627242962332475,LOC100996843|KCNJ18|KCNJ12
1428,205046_at,2.0617725397785134,CENPE
1429,213067_at,2.0616754950221154,MYH10
1430,214331_at,2.0612186621503747,TSFM
1431,217131_at,2.060136677212379,
1432,205940_at,2.05987051243944,MYH3
1433,210906_x_at,2.059717030468516,AQP4
1434,211689_s_at,2.0587892554304226,TMPRSS2
1435,216653_at,2.057923656550312,DR1
1436,207925_at,2.0576668089068906,CST5
1437,201905_s_at,2.0569867628467486,CTDSPL
1438,215494_at,2.0569041859710406,
1439,209372_x_at,2.056859719111382,TUBB2B|TUBB2A
1440,AFFX-r2-Bs-phe-M_at,2.0567297142966585,
1441,207149_at,2.0565497765171212,CDH12
1442,202188_at,2.056019657086141,NUP93
1443,208442_s_at,2.055875197878421,ATM
1444,205655_at,2.0550053206691583,MDM4
1445,206546_at,2.0547990942906376,SYCP2
1446,210147_at,2.0540399603225103,ART3
1447,219619_at,2.053685900734666,DIRAS2
1448,214655_at,2.053583882628818,GPR6
1449,216463_at,2.052470071090544,
1450,216030_s_at,2.0522937093553506,SEMG2
1451,219973_at,2.0499621160664576,ARSJ
1452,206045_s_at,2.048971705310782,NOL4
1453,215929_at,2.048793769496939,LINC00837
1454,211766_s_at,2.0473595759719587,PNLIPRP2
1455,210066_s_at,2.047295293590266,AQP4
1456,219263_at,2.0470327202989704,RNF128
1457,220268_at,2.046692848948247,AAMDC
1458,215723_s_at,2.0459857554772864,PLD1
1459,215564_at,2.0454027644704325,AREG
1460,203886_s_at,2.0443643620303473,FBLN2
1461,204971_at,2.0441933773240604,CSTA
1462,215659_at,2.0440488274535396,GSDMB
1463,213036_x_at,2.043855751221318,ATP2A3
1464,222359_x_at,2.0430488195402874,KDSR
1465,204851_s_at,2.0423470579526555,DCX
1466,215578_at,2.041670339602031,
1467,211620_x_at,2.041630099136969,LOC101928269|LOC100506403|RUNX1
1468,220854_at,2.0416170891981094,
1469,220254_at,2.0412225392727765,LRP12
1470,217267_s_at,2.0411148173990976,RAB7A
1471,211841_s_at,2.0405200306579627,TNFRSF25
1472,203400_s_at,2.0394254775682743,TF
1473,220312_at,2.0382500475039977,FAM83E
1474,210630_s_at,2.0381703851804116,RAD52
1475,216279_at,2.0376012522046283,ZNF460
1476,222071_s_at,2.0373737146979107,SLCO4C1
1477,215879_at,2.036531361050675,ITGB1
1478,206676_at,2.035797277548577,CEACAM8
1479,214547_at,2.0352421847066733,ADCY10
1480,216541_x_at,2.0348426416013896,IGHM|IGHG1
1481,217257_at,2.0340949868752585,SH3BP2
1482,212831_at,2.03374702756947,MEGF9
1483,221795_at,2.03285284613774,NTRK2
1484,214974_x_at,2.0327991376789103,CXCL5
1485,208791_at,2.032317896060289,CLU
1486,220426_at,2.0315536835200247,FNDC11
1487,206574_s_at,2.031212906643274,PTP4A3
1488,215188_at,2.031118526221412,STK24
1489,220729_at,2.0310823924706147,
1490,215704_at,2.030929911060318,FLG
1491,217292_at,2.0307445219278444,MTMR7
1492,213802_at,2.0300854050396935,PRSS12
1493,211565_at,2.029904367332378,SH3GL3
1494,214831_at,2.0298033002534956,ELK4
1495,208065_at,2.0290979331198185,ST8SIA3
1496,204410_at,2.0288941882808462,EIF1AY
1497,207462_at,2.028205694467243,GLRA2
1498,210861_s_at,2.0276130726421275,WISP3
1499,201295_s_at,2.027503814576064,WSB1
1500,211149_at,2.027448136863489,UTY
1501,220850_at,2.0272572377988536,MORC1
1502,209930_s_at,2.026703478371419,NFE2
1503,215561_s_at,2.0263343592820657,IL1R1
1504,208192_at,2.0252562245077814,
1505,222135_at,2.0252312959038408,ZNF814
1506,204803_s_at,2.02508588528275,RRAD
1507,219436_s_at,2.024977932585969,EMCN
1508,202827_s_at,2.024576771787929,MMP14
1509,214121_x_at,2.0238628343681313,PDLIM7
1510,215897_at,2.023584708580201,MED25
1511,207447_s_at,2.022999549916615,MGAT4C
1512,215635_at,2.0228565027982053,
1513,201169_s_at,2.0225032414903366,BHLHE40
1514,216665_s_at,2.0216937168345672,LOC101929148
1515,217519_at,2.0216559802887475,
1516,205681_at,2.0216400810682535,BCL2A1
1517,215058_at,2.020694764782656,DENND5B
1518,206757_at,2.0203944294357497,PDE5A
1519,208548_at,2.020249662842272,IFNA6|IFNA5
1520,211436_at,2.0193332039906546,
1521,216045_at,2.018547575047922,CCDC144A
1522,210571_s_at,2.0182662426152107,CMAHP
1523,222074_at,2.017819582069823,UROD
1524,207888_at,2.0174934990238405,
1525,206912_at,2.016756342800844,FOXE1
1526,217632_at,2.0166525330374303,GNL3L
1527,200917_s_at,2.015027832787619,SRPRA
1528,215508_at,2.014715050851874,BUB1
1529,215169_at,2.0139903445823713,SLC35E2B|SLC35E2
1530,220360_at,2.0138948794348135,THAP9
1531,217445_s_at,2.013850007069467,GART
1532,204163_at,2.012881488101459,EMILIN1
1533,205028_at,2.012690713274775,TRO
1534,213954_at,2.0120799119522568,FAM169A
1535,217306_at,2.0114449864511093,
1536,34210_at,2.010350864038941,CD52
1537,211336_x_at,2.0099351420266185,LILRB1
1538,205727_at,2.0096636610019543,TEP1
1539,208233_at,2.0087316714928773,PDPN
1540,217556_at,2.0081435962319403,CLCN4
1541,216333_x_at,2.007337662457086,TNXB|TNXA
1542,220238_s_at,2.0072060123443807,KLHL7
1543,215842_s_at,2.006066243368589,ATP11A
1544,203271_s_at,2.0057244678574833,UNC119
1545,207647_at,2.003805450070535,CDY1
1546,219264_s_at,2.003364402062316,PPP2R3B
1547,220241_at,2.003277039494927,TMCO3
1548,202316_x_at,2.0028337161845915,UBE4B
1549,211429_s_at,2.0027596282633287,SERPINA1
1550,217143_s_at,2.0026825243751945,YME1L1
1551,214307_at,2.0017682857642862,HGD
1552,219738_s_at,2.001753911355375,PCDH9
1553,214786_at,2.0012904774105498,MAP3K1
