nprobes,center_genes,resolution,bins,gain,nodes,edges,components,graph_cycle_rank,covered_patients,largest_component_patients,largest_nonrelapse_component_patients,largest_relapse_component_patients,singleton_nodes,all_nodes_outcome_pure
500,false,20,5,3.0,40,74,2,36,286,179,179,107,0,true
500,false,20,10,3.0,90,159,5,74,286,179,179,104,47,true
500,false,20,20,3.0,188,297,15,124,286,179,179,42,135,true
500,false,35,5,3.0,80,156,3,79,286,178,178,107,6,true
500,false,35,10,3.0,157,268,10,121,286,178,178,58,76,true
500,false,35,20,3.0,372,491,74,193,286,161,161,30,281,true
500,false,70,5,3.0,204,350,14,160,286,178,178,30,51,true
500,false,70,10,3.0,384,561,49,226,286,81,81,16,218,true
500,false,70,20,3.0,538,692,101,255,286,30,30,16,377,true
1553,false,20,5,3.0,40,74,2,36,286,179,179,107,0,true
1553,false,20,10,3.0,104,184,8,88,286,179,179,101,60,true
1553,false,20,20,3.0,256,373,36,153,286,173,173,79,203,true
1553,false,35,5,3.0,77,149,2,74,286,179,179,107,3,true
1553,false,35,10,3.0,160,269,11,120,286,174,174,97,74,true
1553,false,35,20,3.0,436,591,70,225,286,115,115,29,341,true
1553,false,70,5,3.0,198,352,7,161,286,177,177,46,44,true
1553,false,70,10,3.0,371,559,37,225,286,112,112,20,215,true
1553,false,70,20,3.0,540,679,112,251,286,25,25,10,385,true
3212,false,20,5,3.0,40,74,2,36,286,179,179,107,0,true
3212,false,20,10,3.0,57,105,2,50,286,179,179,107,15,true
3212,false,20,20,3.0,232,317,38,123,286,179,179,39,185,true
3212,false,35,5,3.0,75,143,2,70,286,179,179,107,2,true
3212,false,35,10,3.0,182,311,9,138,286,179,179,61,97,true
3212,false,35,20,3.0,443,580,80,217,286,108,108,18,353,true
3212,false,70,5,3.0,239,399,16,176,286,140,140,33,87,true
3212,false,70,10,3.0,424,611,53,240,286,96,96,21,258,true
3212,false,70,20,3.0,579,726,115,262,286,47,47,9,424,true
500,true,20,5,3.0,42,80,2,40,286,179,179,107,1,true
500,true,20,10,3.0,93,154,8,69,286,172,172,107,46,true
500,true,20,20,3.0,330,404,76,150,286,161,161,13,268,true
500,true,35,5,3.0,83,162,2,81,286,179,179,107,5,true
500,true,35,10,3.0,248,391,23,166,286,170,170,44,162,true
500,true,35,20,3.0,509,659,90,240,286,50,50,12,413,true
500,true,70,5,3.0,224,374,16,166,286,174,174,43,67,true
500,true,70,10,3.0,419,591,59,231,286,56,56,13,255,true
500,true,70,20,3.0,573,710,118,255,286,15,15,13,419,true
1553,true,20,5,3.0,41,76,2,37,286,179,179,107,0,true
1553,true,20,10,3.0,140,238,10,108,286,170,170,107,92,true
1553,true,20,20,3.0,382,513,69,200,286,115,115,27,310,true
1553,true,35,5,3.0,86,163,3,80,286,179,179,105,12,true
1553,true,35,10,3.0,241,383,24,166,286,174,174,37,151,true
1553,true,35,20,3.0,556,662,131,237,286,60,60,14,448,true
1553,true,70,5,3.0,213,379,12,178,286,116,116,51,62,true
1553,true,70,10,3.0,419,632,40,253,286,47,47,17,248,true
1553,true,70,20,3.0,611,751,128,268,286,18,18,16,443,true
3212,true,20,5,3.0,42,79,2,39,286,179,179,107,1,true
3212,true,20,10,3.0,150,221,25,96,286,154,154,107,104,true
3212,true,20,20,3.0,383,486,73,176,286,142,142,30,323,true
3212,true,35,5,3.0,89,171,2,84,286,179,179,107,16,true
3212,true,35,10,3.0,282,424,30,172,286,151,151,44,191,true
3212,true,35,20,3.0,559,673,120,234,286,42,42,28,451,true
3212,true,70,5,3.0,219,373,16,170,286,155,155,39,73,true
3212,true,70,10,3.0,458,631,68,241,286,59,59,21,286,true
3212,true,70,20,3.0,592,719,131,258,286,14,14,11,413,true
