time,value
0.0,0.6617993055962333
0.041887902047863905,-2.497047642916367
0.08377580409572781,0.37881072107372177
0.12566370614359174,-0.6916777743226536
0.16755160819145562,-0.884233290634557
0.20943951023931953,0.516905502562073
0.25132741228718347,0.21353478261193803
0.2932153143350474,0.9503116738513046
0.33510321638291124,-0.20633674399133017
0.37699111843077515,0.946387185998714
0.41887902047863906,0.8490785601194033
0.4607669225265029,-0.0018666366409204596
0.5026548245743669,1.028744217881303
0.5445427266222308,1.4538478553391159
0.5864306286700948,0.6823165272322471
0.6283185307179586,-1.4808698675306853
0.6702064327658225,1.1090240554578459
0.7120943348136864,0.9997122943748293
0.7539822368615503,0.4726745974924012
0.7958701389094142,0.12287966522198399
0.8377580409572781,0.7386512306987045
0.8796459430051421,-1.5777444872631146
0.9215338450530058,0.8506272858201406
0.9634217471008698,-0.5754827724466821
1.0053096491487339,-0.31396821391249297
1.0471975511965979,-0.4212000665392238
1.0890854532444616,-0.27386211737711574
1.1309733552923256,-0.7655042439812808
1.1728612573401895,-0.4826093396867758
1.2147491593880533,-1.979379168832384
1.2566370614359172,0.9689475957276212
1.2985249634837812,-0.3554862191677809
1.340412865531645,2.312292843763451
1.382300767579509,-1.0417532918903003
1.424188669627373,-3.160541960503258
1.4660765716752366,-0.37515425539900576
1.5079644737231006,-0.28402012034043245
1.5498523757709646,0.5810311327587366
1.5917402778188283,1.1529737659116563
1.6336281798666923,-0.49804129769596217
1.6755160819145563,0.17122900623666604
1.71740398396242,-0.8653804745760325
1.7592918860102842,0.5171712040803024
1.801179788058148,-2.2271506142636133
1.8430676901060117,0.5099071687854231
1.8849555921538759,-0.43650999587302874
1.9268434942017396,1.3858412331467969
1.9687313962496038,-0.8683453583513943
2.0106192982974678,1.3462921572110105
2.0525072003453313,-1.0444197723837894
2.0943951023931957,-0.3358572892605454
2.1362830044410592,0.02780305779870211
2.178170906488923,0.3969015117105952
2.220058808536787,-0.4189621824460222
2.261946710584651,0.040154375236941875
2.303834612632515,1.5074054824780034
2.345722514680379,-1.2407867678450377
2.3876104167282426,0.9482175075496191
2.4294983187761066,1.4349589490850856
2.4713862208239705,-0.4840359550777981
2.5132741228718345,-0.009765083474203498
2.5551620249196985,-0.47069012473113186
2.5970499269675624,-0.12248900817227244
2.6389378290154264,-0.6867816611915526
2.68082573106329,2.4645676582881437
2.722713633111154,-1.1239837363725622
2.764601535159018,-0.696679099513888
2.806489437206882,-0.14980478494476618
2.848377339254746,-1.4933568857823074
2.8902652413026098,0.007334146599452017
2.9321531433504733,-0.7844985649322256
2.9740410453983377,1.5870389202305375
3.015928947446201,-1.1894084328422398
3.057816849494065,-0.659028984763167
3.099704751541929,-2.047843096817382
3.141592653589793,0.8228959683790814
3.1834805556376566,0.12448351774308188
3.225368457685521,1.1685365257723426
3.2672563597333846,1.5664187653870065
3.309144261781249,0.40135320120311807
3.3510321638291125,0.4807941147940798
3.3929200658769765,0.549636806656116
3.43480796792484,-0.6829065232077518
3.476695869972705,0.1067921702705956
3.5185837720205684,-1.274469601511459
3.5604716740684323,-1.2885982486926841
3.602359576116296,-1.0387007125087495
3.64424747816416,0.0037006615349891693
3.6861353802120234,-0.04122383791082379
3.728023282259888,0.10362615903132928
3.7699111843077517,-0.32241295867365516
3.8117990863556157,-0.008690761919264031
3.8536869884034792,0.2736763952786165
3.895574890451343,0.407863439507068
3.9374627924992076,-0.580816127984836
3.9793506945470716,0.8731427916549598
4.0212385965949355,-0.2783298360032315
4.063126498642799,0.16505436866170126
4.105014400690663,-1.3486081922986217
4.1469023027385274,0.6702784452513136
4.188790204786391,-0.7736141773741823
4.2306781068342545,-0.7378427807213364
4.2725660088821185,0.3587789488922986
4.314453910929982,2.3979205976844855
4.356341812977846,-1.6271234988395065
4.39822971502571,0.1567997199721095
4.440117617073574,0.592422728985182
4.482005519121438,-2.0739050530139833
4.523893421169302,0.20171412896984436
4.565781323217165,-0.48702126942506646
4.60766922526503,0.004474817416893215
4.649557127312894,-0.3566262487232556
4.691445029360758,1.2956934401886104
4.733332931408621,-0.05467007059836839
4.775220833456485,0.9439222475165766
4.81710873550435,1.0470528491396274
4.858996637552213,-0.8469412449809376
4.900884539600077,-2.3089581899323024
4.942772441647941,-0.8099838429908175
4.984660343695805,-1.3162101031283209
5.026548245743669,-0.7154782892723144
5.068436147791533,0.001295063727368613
5.110324049839397,-0.454606039488327
5.152211951887261,0.8702384898599524
5.194099853935125,2.6195187885284277
5.235987755982988,0.0757847375122199
5.277875658030853,-0.5829912787989304
5.319763560078717,-0.23471023265577431
5.36165146212658,-0.3291309335262732
5.403539364174444,1.953468350036746
5.445427266222308,-0.7626570241802484
5.487315168270173,0.5179788605316772
5.529203070318036,-1.511657444669768
5.5710909723659,0.847496415676904
5.612978874413764,-1.9562005369922715
5.654866776461628,-0.521422468319679
5.696754678509492,0.0881087577785644
5.7386425805573555,0.8693935168583693
5.7805304826052195,0.3362165072092849
5.8224183846530835,1.3862999167178527
5.864306286700947,-0.2367878745162865
5.9061941887488105,-1.6219876207604762
5.948082090796675,-0.9904667155266493
5.989969992844539,-1.3829015124157227
6.031857894892402,0.4534827929195251
6.073745796940266,0.7003439455496419
6.11563369898813,-0.11445815017764277
6.157521601035995,0.6763377883817476
6.199409503083858,1.0135318369377335
6.241297405131722,-0.8218837625844083
6.283185307179586,1.5116303400275286
6.32507320922745,-0.27894136278314396
6.366961111275313,0.7353071348251954
6.408849013323178,-0.20186781280185445
6.450736915371042,2.1408083856410443
6.492624817418906,1.37297939452687
6.534512719466769,-0.4647657594050471
6.576400621514633,0.6093053688827128
6.618288523562498,0.024278015017555096
6.660176425610362,0.3565570334650507
6.702064327658225,1.329356473136613
6.743952229706089,1.1177583893619898
6.785840131753953,0.0028613873021291108
6.827728033801817,-0.5057227086099407
6.86961593584968,1.407537972963413
6.911503837897544,0.9089085125671409
6.95339173994541,0.8998345192120736
6.995279641993273,-0.5619692734862051
7.037167544041137,0.6082352361707787
7.079055446089001,0.39246449872038247
7.120943348136865,0.6002254489764237
7.162831250184729,-0.9125709498662601
7.204719152232592,-0.008740055694913632
7.246607054280456,-0.6479541521478063
7.28849495632832,-0.4989101392999977
7.330382858376184,-0.600738334068169
7.372270760424047,-1.1371363415331797
7.4141586624719125,2.578602433154449
7.456046564519776,0.5751843506631007
7.4979344665676395,-1.2909688931657715
7.5398223686155035,-0.7002909119145991
7.5817102706633674,1.9567130823912973
7.623598172711231,-1.1338211340843787
7.665486074759095,-0.06849576212087423
7.7073739768069585,-0.18857009286488638
7.749261878854822,-1.4690461885873822
7.791149780902686,-0.29722709326712665
7.833037682950551,-0.03696830565287535
7.874925584998415,-1.6333776755805867
7.916813487046279,1.1648810054917464
7.958701389094143,-0.8696534317420933
8.000589291142006,-0.9104444749782438
8.042477193189871,0.8403812270326336
8.084365095237734,-0.38543439539948887
8.126252997285597,-0.5161674241061012
8.168140899333462,0.7590430992004598
8.210028801381325,0.4735231807940096
8.25191670342919,0.5420648459182543
8.293804605477055,0.9973339899850895
8.335692507524918,2.4810417333544965
8.377580409572783,-0.041990747179782476
8.419468311620646,-0.14243942900885714
8.461356213668509,-0.7597805072256593
8.503244115716374,-1.8486064911585893
8.545132017764237,0.3096625322939448
8.5870199198121,-0.22458782007624414
8.628907821859965,0.9233666866526242
8.670795723907828,-0.38833043005011303
8.712683625955693,-0.5010289585141224
8.754571528003558,0.6544938273891018
8.79645943005142,0.9095569111649608
8.838347332099286,0.5724086069031279
8.880235234147149,-0.773512199331376
8.922123136195012,-1.8581069840561548
8.964011038242877,-0.4316406316823549
9.00589894029074,0.01817627212563863
9.047786842338605,-0.9041349284540882
9.089674744386468,0.6833771549641044
9.13156264643433,-0.7734208764212087
9.173450548482197,1.2928422241836075
9.21533845053006,-1.0223253394769112
9.257226352577923,-1.9509415468616826
9.299114254625788,-0.25638831948132645
9.341002156673651,0.732769094584592
9.382890058721516,-0.08383527657116104
9.42477796076938,0.3782653692018665
9.466665862817242,1.1945571412096065
9.508553764865107,0.4148119071492223
9.55044166691297,-0.7685213842636495
9.592329568960833,0.5773973007227141
9.6342174710087,-1.5307421799400602
9.676105373056563,-1.4906698350799272
9.717993275104426,0.2099080925331677
9.759881177152291,0.5365146041121059
9.801769079200154,0.5026766652256003
9.843656981248019,1.79190586561416
9.885544883295882,1.6846238433592007
9.927432785343745,2.122720230593819
9.96932068739161,0.724416552447313
10.011208589439473,0.9951318380246453
10.053096491487338,-0.686943566403958
10.094984393535203,0.0854783373449944
10.136872295583066,-1.3391061665268869
10.17876019763093,0.6094815279670245
10.220648099678794,1.5446991693376737
10.262536001726657,-2.437763452242015
10.304423903774522,-0.42979169370399667
10.346311805822385,-3.196958523322518
10.38819970787025,-0.2818288724247352
10.430087609918113,-0.7962789877003859
10.471975511965976,0.9082595465794379
10.513863414013843,-0.7011032364316744
10.555751316061706,0.8104788264988462
10.597639218109569,0.8655327378767266
10.639527120157434,-0.255279149927356
10.681415022205297,-0.29319364256854297
10.72330292425316,-1.4019348729085974
10.765190826301025,-0.9898945239233988
10.807078728348888,0.8933227464594603
10.848966630396752,-1.9318601632715102
10.890854532444616,-1.1229176613513434
10.932742434492479,0.4985113716852979
10.974630336540345,-1.405768831114527
11.016518238588208,1.504725630626432
11.058406140636071,-0.3468634618151667
11.100294042683936,2.1621875486355586
11.1421819447318,0.3782849903607367
11.184069846779664,-0.29357106193896804
11.225957748827527,1.0354150634683235
11.26784565087539,0.7841794117213892
11.309733552923255,0.6555422679652343
