node_id,patient_id
1,6
1,8
1,10
1,11
1,12
1,15
1,17
1,18
1,22
1,25
1,26
1,27
1,28
1,30
1,33
1,34
1,37
1,38
1,40
1,42
1,44
1,45
1,50
1,51
1,52
1,53
1,57
1,58
1,60
1,61
1,62
1,63
1,65
1,67
1,68
1,69
1,71
1,75
1,76
1,77
1,79
1,81
1,82
1,83
1,84
1,85
1,86
1,87
1,88
1,89
1,90
1,91
1,92
1,93
1,94
1,95
1,96
1,97
1,98
1,99
1,100
1,101
1,102
1,103
1,104
1,105
1,106
1,107
1,108
1,109
1,111
1,112
1,113
1,114
1,115
1,116
1,117
1,118
1,119
1,120
1,121
1,122
1,123
1,124
1,125
1,126
1,127
1,128
1,129
1,130
1,131
1,132
1,133
1,134
1,135
1,136
1,137
1,138
1,139
1,140
1,141
1,142
1,143
1,144
1,145
2,1
2,4
2,5
2,7
2,8
2,10
2,11
2,12
2,13
2,14
2,15
2,17
2,18
2,19
2,20
2,21
2,22
2,28
2,30
2,31
2,40
2,43
2,44
2,46
2,53
2,54
2,55
2,57
2,58
2,60
2,61
2,62
2,64
2,66
2,67
2,70
2,72
2,75
2,77
2,78
2,79
2,80
2,81
2,85
2,87
2,94
2,96
2,98
2,103
2,105
2,107
2,110
2,112
3,1
3,2
3,3
3,4
3,5
3,7
3,9
3,13
3,14
3,16
3,19
3,20
3,21
3,23
3,24
3,29
3,31
3,32
3,35
3,36
3,39
3,41
3,43
3,46
3,47
3,48
3,49
3,54
3,55
3,56
3,59
3,64
3,66
3,70
3,72
3,73
3,74
3,78
3,80
3,110
