check,value,comparison_threshold,passed
g1_isometry_distance_max_error,1.609823385706477e-15,1.0e-12,true
g1_coordinate_mean_max_error,4.4408920985006264e-17,1.0e-12,true
g1_unit_norm_max_error,2.220446049250313e-16,1.0e-12,true
g1_raw_radius_max_error,6.661338147750939e-16,1.0e-12,true
g1_endpoint_distance,3.9448084808579573e-16,1.0e-12,true
g1_F2_distance_matrix_bottleneck,1.0685896612017132e-15,1.0e-12,true
g1_F3_distance_matrix_bottleneck,1.0685896612017132e-15,1.0e-12,true
g1_F3_theorem_6_8_lower_bound_margin,0.26160473287519337,0.0,true
g1_F3_isometric_bottleneck,4.440892098500626e-16,1.0e-12,true
g2_isometry_distance_max_error,1.3877787807814457e-15,1.0e-12,true
g2_coordinate_mean_max_error,6.661338147750939e-17,1.0e-12,true
g2_unit_norm_max_error,2.220446049250313e-16,1.0e-12,true
g2_raw_radius_max_error,4.440892098500626e-16,1.0e-12,true
g2_endpoint_distance,3.825842074281555e-16,1.0e-12,true
g2_F2_distance_matrix_bottleneck,1.4849232954361469e-15,1.0e-12,true
g2_F3_distance_matrix_bottleneck,1.4849232954361469e-15,1.0e-12,true
g2_F3_theorem_6_8_lower_bound_margin,0.25007193907472014,0.0,true
g2_F3_isometric_bottleneck,4.440892098500626e-16,1.0e-12,true
cosine_n30_exact_regular_polygon_endpoints,1.3877787807814457e-15,1.0e-12,true
cosine_n60_exact_regular_polygon_endpoints,1.5265566588595902e-15,1.0e-12,true
cosine_n150_exact_regular_polygon_endpoints,4.517219931443606e-15,1.0e-12,true
cosine_n300_exact_regular_polygon_endpoints,9.8879238130678e-15,1.0e-12,true
cosine_ratio0.1_ellipse_squared_axes,2.220446049250313e-16,1.0e-12,true
cosine_ratio0.2_ellipse_squared_axes,2.498001805406602e-16,1.0e-12,true
cosine_ratio0.3_ellipse_squared_axes,5.551115123125783e-17,1.0e-12,true
cosine_ratio0.4_ellipse_squared_axes,4.440892098500626e-16,1.0e-12,true
cosine_ratio0.5_ellipse_squared_axes,1.1102230246251565e-16,1.0e-12,true
cosine_ratio0.6_ellipse_squared_axes,2.220446049250313e-16,1.0e-12,true
cosine_ratio0.7_ellipse_squared_axes,2.220446049250313e-16,1.0e-12,true
cosine_ratio0.8_ellipse_squared_axes,2.220446049250313e-16,1.0e-12,true
cosine_ratio0.9_ellipse_squared_axes,2.220446049250313e-16,1.0e-12,true
cosine_ratio1.0_ellipse_squared_axes,2.220446049250313e-16,1.0e-12,true
cosine_ratio1.1_ellipse_squared_axes,2.220446049250313e-16,1.0e-12,true
cosine_ratio1.2_ellipse_squared_axes,3.3306690738754696e-16,1.0e-12,true
cosine_ratio1.3_ellipse_squared_axes,2.220446049250313e-16,1.0e-12,true
cosine_ratio1.4_ellipse_squared_axes,2.220446049250313e-16,1.0e-12,true
cosine_ratio1.5_ellipse_squared_axes,1.1102230246251565e-16,1.0e-12,true
affine_pairwise_distance_max_error,6.661338147750939e-16,1.0e-12,true
affine_H1_bottleneck,2.220446049250313e-16,1.0e-12,true
