1.1242633909030819e-9,3.4751073815603992e-9,1.0115655586085866e-8,2.7749414739434788e-8,7.179927043868963e-8,1.7540379565716095e-7,4.050788719475408e-7,8.856037529969408e-7,1.835890457501128e-6,3.615394929592678e-6,6.776929013880818e-6,1.2116921209549739e-5,2.0708940016981354e-5,3.390125803992436e-5,5.325498576885976e-5,8.039740851302015e-5,0.00011676974216690404,0.00016326639826290878,0.00021979972482279774,0.00028487693654877634,0.00035532588790621435,0.0004263217506040157,0.0004918188491153747,0.0005453781949052239,0.0005812379006855052,0.0005953641095705338,0.0005862008275763625,0.0005549226837637566,0.0005051476376734448,0.00044221996357847015,0.00037226962320742213,0.0003012712882813026,0.0002342809807215116,0.00017495378648279056,0.00012537074511739376,8.614141232675468e-5,5.6705634005836986e-5,3.5736169035575554e-5,2.1544868516562552e-5,1.2417398204245983e-5,6.836909096497861e-6,3.593334925618746e-6,1.801217341904302e-6,8.602584697198972e-7,3.9100974540034597e-7,1.6892200800648204e-7,6.926694988491764e-8,2.692060243663828e-8,9.902348792802685e-9,3.4425525096484967e-9,1.1296417577471788e-9
3.469366440013652e-9,1.0611641257837538e-8,3.0562680867734854e-8,8.293929305287139e-8,2.1224277917363595e-7,5.126543927034112e-7,1.170129265515719e-6,2.5272653636644946e-6,5.173261970122279e-6,1.0054542032219864e-5,1.8591849848469774e-5,3.277892573549995e-5,5.5228771554305424e-5,8.912737838969404e-5,0.00013805116326369077,0.00020560381671978778,0.00029483749426136745,0.00040745726348678167,0.0005428817894055626,0.0006973443994529837,0.0008633279798810319,0.0010296636223936773,0.0011825201127609384,0.00130726102694223,0.0013908292069717905,0.0014240777148475932,0.0014034282436302496,0.001331432152826496,0.0012161478041272718,0.001069579478271358,0.0009056228580646106,0.0007379911638862019,0.0005784978045604063,0.00043592031507639424,0.0003155221833390194,0.0002191857573073284,0.00014601464973593205,9.320393014063443e-5,5.696212756175594e-5,3.330498635010827e-5,1.8613928224513528e-5,9.934935885132692e-6,5.058542898021022e-6,2.454087752440286e-6,1.132842989778126e-6,4.968535008693009e-7,2.0673003451969637e-7,8.147596802438773e-8,3.037097931282135e-8,1.069252993307318e-8,3.55085534663165e-9
1.0088585050117593e-8,3.052344941461898e-8,8.695119725794143e-8,2.333556353524252e-7,5.904442089756624e-7,1.4097498057585982e-6,3.179606011888283e-6,6.78314742344781e-6,1.3708114457780832e-5,2.628956772499677e-5,4.7943102979370614e-5,8.332538570556968e-5,0.0001383485015716622,0.00021997647759161627,0.00033573984845538884,0.0004929101352405603,0.0006972883264204163,0.0009516119985666564,0.001253715431658137,0.0015947916739094076,0.001958331281151745,0.0023203998038867344,0.00265171819913161,0.0029215023045604622,0.003102366080577259,0.0031750996634890578,0.003132061935529699,0.002978335209830211,0.002730484562179892,0.0024134278402397,0.002056303367624909,0.0016882595802469199,0.001334891382881558,0.0010157684999628212,0.0007432409514136948,0.0005224866106010902,0.0003525762941549309,0.00022818519032420434,0.00014151335317088675,8.401975994869296e-5,4.770870216024314e-5,2.5878969570236457e-5,1.3392602145937178e-5,6.602731127246647e-6,3.096311279458246e-6,1.3788600162235386e-6,5.82153433896441e-7,2.326496366795056e-7,8.787381343845739e-8,3.1326090124427136e-8,1.0526915298816093e-8
2.7670166682341098e-8,8.277741234607318e-8,2.3314105570801565e-7,6.185549259515219e-7,1.5469794851074304e-6,3.650007349680227e-6,8.132769495172327e-6,1.7133366545604938e-5,3.417712798250177e-5,6.466390276913889e-5,0.000116275142813395,0.00019915451070186995,0.0003257208175710107,0.000510013951522524,0.0007665242000558719,0.0011084774957120793,0.0015455451654523453,0.0020809855627482486,0.0027084124894899233,0.003408764715970432,0.00414849598588385,0.004880216460011467,0.005546683408033892,0.006088089623293535,0.006451351252411719,0.006599147439678049,0.006516334442948125,0.00621215001440536,0.005717948437381762,0.005081435236611906,0.004359033299598053,0.0036080303484187773,0.0028797765851235617,0.002214730799177592,0.0016397531478714287,0.0011677011034926636,0.0007990450813534491,0.0005249013189136073,0.0003306809715671284,0.0001995649760635229,0.00011522965239995389,6.356862580082532e-5,3.3453941767097676e-5,1.6766823124352063e-5,7.989024041588542e-6,3.6125176666516335e-6,1.5475784356843184e-6,6.270701821942003e-7,2.399671821238445e-7,8.661189355965323e-8,2.9449679579071758e-8
7.165225819978587e-8,2.1185886400061812e-7,5.897090864572791e-7,1.5461044345602e-6,3.820552918293747e-6,8.904949292211467e-6,1.9595499229053995e-5,4.075582695680899e-5,8.022769176869496e-5,0.00014971726937737233,0.0002653836510460191,0.0004478213813643494,0.0007212040922303738,0.0011115232775799956,0.001644020438443093,0.00233995736298947,0.003212775257605665,0.004263608778621,0.0054763090930728935,0.006812746393361236,0.008210011724723146,0.009581646948530271,0.010824564825194678,0.01183168951664984,0.012508117574445653,0.012786878028930252,0.012640132286175113,0.012083081378116048,0.011170195415280948,0.009985488590120883,0.008629610050118367,0.00720644017056021,0.005811192175544398,0.004521298904130303,0.003390844738060701,0.0024488633878866533,0.001701284302261246,0.0011356933515916992,0.0007275973117874703,0.0004467680627044711,0.0002625303792051639,0.00014738680033037004,7.89107430091894e-5,4.02154694965775e-5,1.947163736611255e-5,8.940403264486402e-6,3.885924939461782e-6,1.5962971991295668e-6,6.188521311739552e-7,2.261317944008806e-7,7.779653622991822e-8
1.753651657096938e-7,5.122717758377635e-7,1.4086097865382332e-6,3.647925407254739e-6,8.90290297503005e-6,2.0490861505031567e-5,4.451504396285602e-5,9.13749185002104e-5,0.00017745000661607352,0.00032653352463934114,0.0005704156818103873,0.0009480291118344517,0.0015028539500346564,0.0022787610388620132,0.003314888996215532,0.004640202544545097,0.006267986068412024,0.008190018889154427,0.010370174861822436,0.012738120050200023,0.01518537361663776,0.017567183724485808,0.019713201582046723,0.02144735724458467,0.0226135913719657,0.023101130662106478,0.022862542211928957,0.02192017594603704,0.020360480661372964,0.01831904321344548,0.01596069708947816,0.013458693172722433,0.010975736066702624,0.00864868257798365,0.0065781748438403205,0.004824073409227093,0.0034068290223274165,0.0023138801391806357,0.0015092063883122516,0.0009437630554020456,0.000564804807024418,0.00032285423904394384,0.00017591356336946646,9.117575092488142e-5,4.4861151827370564e-5,2.0914363312390606e-5,9.222360084344069e-6,3.840450943540712e-6,1.508232028002453e-6,5.579363798603788e-7,1.9421932046836409e-7
4.060912142080144e-7,1.171546959741356e-6,3.1810459347038387e-6,8.133721622331787e-6,1.9596539173526203e-5,4.451850788814883e-5,9.543934453084529e-5,0.00019327093486819216,0.00037014954774569094,0.0006714188679516193,0.0011555423098341736,0.0018909428386727212,0.0029495632296790792,0.004398094263395378,0.006288707677221243,0.0086510702952896,0.011486233696455163,0.014761415761338543,0.01840406942166335,0.022294983122412265,0.026263109392973976,0.03008744293222978,0.033511200089359386,0.0362697915859755,0.03812810797601656,0.03891773663518717,0.0385638378081267,0.037095060296903064,0.034635866513818864,0.03138565563255858,0.027591008239339045,0.0235164462768877,0.019417134851124944,0.015515641995061781,0.011984575630277997,0.008936824036221463,0.0064243504943461305,0.004444949587437443,0.00295475401224199,0.0018833747792637372,0.0011486519564678057,0.0006688181295980216,0.0003709505582399535,0.00019554923000430187,9.777436841507971e-5,4.628012917777485e-5,2.0702580626509335e-5,8.739103858368119e-6,3.476674831219878e-6,1.3020919618646878e-6,4.5866896648130336e-7
8.907220112552451e-7,2.537016319599335e-6,6.799747459203221e-6,1.715911755976191e-5,4.079384039451737e-5,9.142980696174288e-5,0.00019333741052512222,0.00038608499636300694,0.0007289145846928543,0.0013028439302783584,0.0022083023313402674,0.003556808695392989,0.0054570625498902865,0.007998237232523898,0.011234893621318924,0.015177402305319082,0.019788809456560304,0.024985247580445544,0.030635026220906837,0.03655352227591296,0.042496406962657475,0.048159175955988,0.053192103168555646,0.057234644381326916,0.05996420762643169,0.061146380886057936,0.06067194381350759,0.058571195914034,0.055004842975715215,0.050237756534490155,0.04460420430648442,0.038471214304866976,0.03220360631372319,0.026132556620509045,0.020529768961374567,0.015589949774097337,0.011423795268154981,0.008061854301404452,0.005467402855887766,0.0035549618992151873,0.0022107195967626925,0.0013116003958630878,0.0007406079434417107,0.0003971028206573081,0.00020176134216087457,9.695808855497432e-5,4.399819065995476e-5,1.8827121464432348e-5,7.587823002151051e-6,2.8774109346363206e-6,1.0258288953448998e-6
1.8524984110809642e-6,5.208216515178832e-6,1.377490901453223e-5,3.429372877968238e-5,8.041574928659582e-5,0.00017773261236272617,0.000370534795613218,0.0007293166551743802,0.0013567236605412276,0.002388447181887405,0.003985433387213168,0.006315575625094657,0.009526894515554931,0.013718714866382842,0.018919906570918438,0.025081425902027256,0.03208395490195931,0.03975349272292367,0.04787346384573406,0.05618507254629917,0.06437737449378483,0.0720789444123753,0.07886672000900735,0.08430106430044328,0.08798262680581123,0.08961443559190196,0.08904927504175339,0.08630929679007608,0.08157683339565744,0.07516494049086621,0.06747875090622019,0.05897532094829026,0.05012487042503615,0.04137406413425708,0.03311277922735903,0.02564747063241732,0.019184548844687534,0.013825695835546638,0.0095748659625692,0.006354980276601374,0.004031270129485104,0.00243755542882984,0.0014013842548781111,0.000764275296630367,0.000394586758858719,0.00019251343120917625,8.862230147734558e-5,3.844400457133063e-5,1.569813405398029e-5,6.028482622016274e-6,2.1755978944234328e-6
3.6568413039556004e-6,1.0147091613747609e-5,2.64780657941503e-5,6.501496048247345e-5,0.00015031776347025952,0.00032748062261736956,0.0006727877225669682,0.0013045805589730593,0.002390069057700661,0.004142188749574095,0.006801083347661073,0.010598694187999374,0.015712017376632754,0.02221810233439726,0.03006719372346695,0.03908569120092838,0.04900806725968166,0.05952238858857347,0.07030654382045211,0.08103785696503207,0.09137568503221362,0.10093499393367286,0.10927683328809693,0.11593339006743333,0.12046583103484249,0.12253480362189778,0.12195738829410388,0.11873283641069156,0.11303534890087495,0.10518476112471611,0.0956089893026898,0.08480694603070739,0.07331367505813385,0.061666010522321145,0.050367927494665,0.03985726653010581,0.030477076907115024,0.022454965302618094,0.015893445070748382,0.01077369402119481,0.006973617918962724,0.004298137931891474,0.0025160590807101818,0.0013957094769766049,0.0007322329629688581,0.000362707099476454,0.0001693958294159231,7.450352701199523e-5,3.082837273587545e-5,1.1991284944802697e-5,4.38146950616911e-6
6.857950044344465e-6,1.878206888713118e-5,4.835053840345833e-5,0.0001170726682260663,0.00026681379435784146,0.0005727706916224385,0.0011590987851458688,0.0022131566681465415,0.00399111695787021,0.006805835790769849,0.010989832764135793,0.016833682862632985,0.024511950397358595,0.03401999999015905,0.045148197567125556,0.057509766315177846,0.07061652306156356,0.08397311027357013,0.09714927759865631,0.10980011798532557,0.12163214545747682,0.13234297784174168,0.1415760714584596,0.1489212299215613,0.1539639171970308,0.15635960483342565,0.15589928932573477,0.15254235796861565,0.14641343811736235,0.13777639454944896,0.1270027439487331,0.11454510399027526,0.10091675674274118,0.0866726286749352,0.07238628633859577,0.05861955679695075,0.0458841414449333,0.03459816990702343,0.025045220723318294,0.017346965654853823,0.011459930948766614,0.007200419264229255,0.0042919365694904475,0.002421703606362238,0.0012910911400359393,0.0006493619980142474,0.00030771533826001713,0.00013723855406860532,5.7554204131470555e-5,2.2678925235485967e-5,8.391336769402209e-6
1.2229397623957902e-5,3.3062342783708403e-5,8.397143558532719e-5,0.00020049192681431533,0.0004503440991433936,0.0009523768103994589,0.0018977935915575693,0.0035666228992467077,0.006328081234168149,0.010612007859310815,0.01684338256253819,0.025344755373780798,0.03622937549491984,0.04932259781912039,0.06415001413725918,0.08001127652278597,0.09612335245673997,0.11178247824239207,0.12648077885637438,0.1399324737671124,0.15200815231498727,0.1626200553334159,0.1716212561928392,0.17876667026603754,0.1837451935934547,0.1862546963270085,0.1860762799551204,0.18311566670989,0.17740530910964103,0.16908249241184273,0.15836535229662557,0.145541678613327,0.13097328562775296,0.11510899872330663,0.09849399792966343,0.08176162254836813,0.06559637203074199,0.05066565469340888,0.03753195101066559,0.02657011657043638,0.01791791746347089,0.011477557306327685,0.006966577274310299,0.003998553999062067,0.002166474650405641,0.0011065020330126366,0.0005320901785728128,0.0002406715046210782,0.00010230817773610742,4.084464887862643e-5,1.530499136737985e-5
2.0754431505929537e-5,5.540347952182656e-5,0.0001388545709377955,0.0003269507248595075,0.0007238123047587865,0.0015077725789065586,0.0029578909394203925,0.005469741801030643,0.009544071661482858,0.015732013078041954,0.024530183227853244,0.0362390976740044,0.05082309455490907,0.06782677563343842,0.08639778047233274,0.10543252913603714,0.12381023208198873,0.1406355049592263,0.15539809590859485,0.16799100559469513,0.17859158695044627,0.1874705711558118,0.19481865611346985,0.20065807698043847,0.20485420884755143,0.20719224069207817,0.2074628915775137,0.20551421067446624,0.20125822671227245,0.19464949032145173,0.1856638805719734,0.1743007488567096,0.16061768336653212,0.1447918344027222,0.12718759321196296,0.10839996360772985,0.08924210773161462,0.07066035735562175,0.05358875232629759,0.0387848730074687,0.026701859443401844,0.017438750400100157,0.010779063207150646,0.006293708740336832,0.003465818636905417,0.0017976778743285604,0.0008773120892369664,0.00040247381596686285,0.00017343088299353023,7.015038765948204e-5,2.6619093237338467e-5
3.355065546892806e-5,8.846812220532257e-5,0.00021886315984647386,0.0005083431170351215,0.0011093344264833552,0.00227634445035598,0.004396027971709984,0.00799723367500534,0.013719126736534559,0.022218977289614514,0.0340179737776322,0.04931234827512285,0.06780795133740015,0.08865165925430382,0.11051642349723258,0.13184548848074848,0.1511930989372271,0.1675473549630478,0.1805170765831064,0.19031702677411025,0.19757117219646417,0.20302797415748086,0.2073067469809769,0.21076056024112927,0.21347299452299415,0.21534356125854445,0.21619055375156634,0.21581538894205396,0.21401070187837581,0.2105304661135668,0.2050587924382392,0.19721356462828557,0.18660761858254948,0.17296836164555388,0.15628929492125182,0.13696094050961038,0.11581850264349483,0.09406274012425984,0.07305795900417084,0.0540655411066035,0.03800270188556337,0.025305520506745748,0.015929025029629312,0.009461735616068955,0.0052958022150598714,0.0027896692813188175,0.0013816553279243054,0.0006428429339503095,0.00028077041298525034,0.00011504340489363197,4.4196662118843174e-5
5.1715499945870864e-5,0.00013475985437851905,0.00032922216937205555,0.0007545587205609741,0.0016236300004377716,0.0032825809616683133,0.006241005238239322,0.011169057158392637,0.018834553375543756,0.02996240575963039,0.045024991082359724,0.0640103845614096,0.08624962486181127,0.11039209633350552,0.13458384107832988,0.156831136590962,0.17544935713157675,0.1894466676028524,0.1987053235271602,0.20390070049405268,0.2062042729761295,0.2068987369677945,0.2070516233244027,0.20734449392452808,0.208070660120387,0.20924182516711187,0.2107155317927652,0.2122737726346249,0.2136275504999559,0.21436601986916698,0.21389605119360286,0.21142575148371134,0.20603570441942934,0.1968543894524369,0.18331047256709218,0.16538639300552244,0.14377018663431593,0.11982071134784955,0.09532824000907748,0.0721387663147056,0.05177009126432231,0.035147622615569474,0.02252999299652923,0.013613646119502745,0.007743932102854386,0.004142331555548818,0.002081717958836844,0.0009820820975819462,0.00043463273647589644,0.00018033529562352701,7.011091897621859e-5
7.61059668956882e-5,0.00019607768582115596,0.00047327152970982596,0.0010708611721657651,0.002272974641682924,0.00452924022415175,0.008479919695940426,0.014931357418780001,0.024751310232009285,0.038671540447104996,0.05702271027178729,0.07947338994193352,0.10487775483315163,0.13132968257474348,0.156462834646088,0.17794220020444632,0.19400316851086724,0.20385651346853706,0.20781783890372715,0.20712484709126813,0.20352670763136796,0.19880883984243958,0.19441859582525245,0.19128911732526316,0.18986117598350885,0.190225572391744,0.19228181413441192,0.19583145934516627,0.2005737314970998,0.20602105860186,0.2113884930511401,0.21552968328613983,0.2169903448625524,0.21422093402725453,0.20593023181647546,0.19148608513730797,0.17121580332967523,0.1464667403067564,0.11936922865269206,0.09236578175897321,0.0676691081544878,0.046833991573109024,0.030566160008959155,0.018784194613848528,0.0108565317490717,0.005895178651096835,0.003004944402541679,0.0014367682485378194,0.0006439691363742116,0.0002704087717802576,0.00010632357391201365
0.00010710193430712527,0.00027296417996518555,0.0006512898563913336,0.0014556154329735298,0.003049277499511325,0.005991474017042342,0.011051040305459203,0.019151105586459036,0.031213452142004848,0.04790030309829705,0.06930120904369078,0.09466520466886207,0.12230302778445594,0.14975453385093762,0.17422994846304354,0.19322104589223763,0.20509279456142807,0.20945470404197183,0.2071868042391832,0.2001259501158563,0.19054322089116923,0.18060580814481478,0.17199401885027785,0.16575608936185154,0.16237864138009206,0.16197645382881085,0.1644851314938014,0.16976769811590225,0.17759732528967265,0.18753104160837128,0.19873280785165398,0.20983548445273023,0.21894219082998723,0.22384252918552466,0.22244729642864478,0.21334163476008938,0.19626857459295308,0.17234035036352918,0.1438607987143866,0.11379709704625576,0.08508492869389242,0.06001077414311034,0.03986156072525129,0.0249029726230418,0.014616452347766182,0.008052376900041514,0.004160573427467383,0.0020147937113404947,0.0009138905542444565,0.00038807160420954533,0.00015419723163592026
0.00014442885701660695,0.00036433692573393974,0.0008598245413036416,0.0018992804192024344,0.0039290370096054525,0.007616931102367361,0.013848038418814913,0.023630431734063997,0.03788266368900568,0.05711659211910988,0.08109091142586335,0.10856461782062346,0.13728859528166637,0.1643140093616159,0.18657979596429414,0.20161747120611287,0.20814318738512955,0.20633500484118988,0.19770952560840754,0.18466246194689587,0.1698529734868687,0.15564405169359408,0.14375696201406934,0.13519275900423683,0.13037017580162796,0.12936697532577443,0.1321434296955516,0.13865858997989894,0.1488391929615617,0.16241108720372935,0.17864993194958245,0.1961509003894615,0.21274471198824002,0.22567434586705323,0.23207158061335212,0.22964453229891574,0.2173601629622849,0.19585514210052313,0.16738314795547016,0.13528624318161295,0.10317488749230304,0.07411216642449138,0.05006903437470227,0.03177580692938461,0.018925251759852935,0.010569170344606277,0.005530731545843091,0.0027101686281501966,0.0012429261671558622,0.000533237647183063,0.0002139131876794647
0.00018711023563120136,0.0004674669995938665,0.0010918737738523322,0.002385322112307843,0.0048762671177584324,0.009333369991189848,0.016737151898740168,0.028141080879895575,0.04440065955365714,0.06580490224958208,0.091716206075075,0.1203744429897181,0.14900729335974236,0.1742948467558428,0.193092252136139,0.2031884384391366,0.20384132800918997,0.19590702925442396,0.18153698227129975,0.1635767609042503,0.1448908963251687,0.12782918249328004,0.11396174896285145,0.10409408674203252,0.09848034202251826,0.09711104897517325,0.09995825894262811,0.10709636555884432,0.11865971553705075,0.13463982727960527,0.15457006153034342,0.17719784878126868,0.20029102700748908,0.22073176368892924,0.2349840220436303,0.23987671772907632,0.23347783980490003,0.2157366584546474,0.1886169461346776,0.15563436148661866,0.12095736141602932,0.08840461354090548,0.06068480773742891,0.039083489386412415,0.023595880370740067,0.013344060571866765,0.00706438299322351,0.003499108427537951,0.0016208039726036546,0.0007017978060786653,0.00028395013664846527
0.00023357114791373146,0.0005783353775859728,0.0013379365528738175,0.002892950664705459,0.005848912640085991,0.011062295057296214,0.01958358852109359,0.03247107207537835,0.05046440675881221,0.0735766307520638,0.10074157813549184,0.12969400302306283,0.157217661795047,0.17976667220793666,0.19429869345281736,0.1990419090101571,0.19392194927003215,0.18050551566342032,0.16150898980844108,0.1400768734039698,0.11908823972671395,0.1006927547727547,0.08615798009359907,0.07599055268315212,0.07022068096164165,0.06872302952514196,0.07147044589334324,0.0786537125305938,0.09063301839734451,0.10771535046101512,0.1297899633283471,0.15591171873446716,0.18398738731690417,0.21075279486022705,0.23217995071063616,0.24430484215249523,0.24426431998075376,0.23117777669492706,0.20651020693720848,0.17373768914384186,0.1374244415765162,0.10206236404692381,0.07109290807878282,0.0464042495836093,0.028361964617269385,0.016221404174409593,0.00867722026298613,0.004339220607379976,0.0020277173686920652,0.0008851477069130179,0.0003608309207615538
0.00028183770790422044,0.0006922039376131778,0.0015874920913248952,0.0034006078428538405,0.006806348972359894,0.012733678959289266,0.022277875049927665,0.03646753721048106,0.05588893927636792,0.08025199705933019,0.10806391503918954,0.13660265697131574,0.16230916193361683,0.1815530563191292,0.19154452673249447,0.19106745802884723,0.1807616223860646,0.16286496348095714,0.14054476820563278,0.11708803143492079,0.0952289819593522,0.07678659149643899,0.0626392783189535,0.05295018819514578,0.047509276705204384,0.04607016756888344,0.048598908181323716,0.05538766194629445,0.06700607736547445,0.08407530017354402,0.10687646491872856,0.13486422453487004,0.16623784378145168,0.1977837651854887,0.22518206282871336,0.24382739014827487,0.24998539261497302,0.24189735635052492,0.22039108968984922,0.1887194086484719,0.1516662486692578,0.11426900302088315,0.08063905777606221,0.05326233064818182,0.032906850836721936,0.019007261896597967,0.010259566757644178,0.005173102658204526,0.002435816937896605,0.0010707480815248147,0.0004393114736485907
0.00032971911377936095,0.0008040965770808573,0.0018301572104505446,0.003888500230738265,0.007714412510128121,0.014294971263674515,0.024750237457285242,0.04005670738831539,0.06063025193197493,0.08587805528313212,0.11391108813808633,0.14161772785133986,0.16519451580521693,0.1810356307265505,0.18669249066671806,0.18154302646645906,0.1669130357453828,0.14562262346299937,0.12116496250413022,0.09684240453208434,0.07514417780735491,0.057500223470651764,0.04438189577546228,0.035618221941499766,0.03077789766203099,0.029506059644169864,0.03175734898443004,0.03790007208751955,0.04867244549239462,0.06496718812937574,0.08743448645811426,0.11594951417000894,0.14908558380508413,0.1838229777169896,0.2157332862904928,0.2397526651627536,0.2514101682918075,0.2481188656392692,0.23002384463020908,0.20003274808077856,0.16299093361253925,0.12433084956448168,0.08872375410173243,0.05919624574411418,0.036908966890410996,0.02149694479677717,0.011691739955018394,0.005936237993672993,0.0028129586352062834,0.0012437707674813278,0.0005130502781098722
0.00037486941325258195,0.0009089213246420264,0.0020558769317047146,0.004338763717311665,0.00854512507205265,0.015709208773482145,0.026964425423769367,0.04322828513025091,0.06475156543729804,0.09066426898557954,0.11873117856267487,0.1455213900426008,0.16706255943386608,0.1798310316325662,0.1817361983139539,0.172713474161827,0.15469004250341303,0.13095769384561853,0.10522975391212172,0.0807495652864111,0.05973147623949984,0.04322809120447552,0.03134241895171372,0.023616548958088637,0.019437439386707663,0.018362832483989008,0.0203330144806802,0.025763886359444862,0.0355105836746328,0.05067080258060613,0.07219784196273163,0.10034466808297648,0.13406377547824092,0.1705999009407971,0.2055526203348573,0.23357923347182066,0.2496527551161179,0.2504911409084729,0.23560630619277578,0.2075172404371887,0.17101429455469744,0.13177540752317968,0.09489159618446959,0.06382955291503303,0.040092014486126704,0.023507296216392706,0.012863028637684962,0.006567243553923305,0.0031278040435510127,0.0013894438607737055,0.0005756063129248591
0.00041471969862293476,0.0010012083813080283,0.002254093906852239,0.004733169189010495,0.009271027941376356,0.016942336236474877,0.028891798852025394,0.0459868398664581,0.06833940515241464,0.09484888569057333,0.12299611791496712,0.14909446671781978,0.16904587096520246,0.17941017284580127,0.1784030847337822,0.16641941301133373,0.14586736039903173,0.12040101649189167,0.09388471478726704,0.06948816614824985,0.0491864330179036,0.033722334060007596,0.022907112560889096,0.016062565853630317,0.012439822587682907,0.011530938013776353,0.013259519471253884,0.01806300461258095,0.026863155106524213,0.04088918294664011,0.06130800307885025,0.08866191337399645,0.12222194784871351,0.15949424428934436,0.19618125713550594,0.22681225399117697,0.2460007109659657,0.2499600379077621,0.23769929958690278,0.21138384079320766,0.17568672616761372,0.13640146947405937,0.09888743043336083,0.06692125864189764,0.04226398831841492,0.02490354528466078,0.013688381542777604,0.007017321057182269,0.003354726111404483,0.001495394559959032,0.0006214712990741454
0.00044640012963080984,0.001074770396904416,0.0024126311501880045,0.005050014664896387,0.009857566400907897,0.017946451248918128,0.030477886635559212,0.04829089990681624,0.07140202582105756,0.0985435854604954,0.12698377656107446,0.15283655566486026,0.17189298655965177,0.18075104953729426,0.17782731972089638,0.1638333021690766,0.14151716311949092,0.11479575437116797,0.08765153178526443,0.06321618894088772,0.04331048193272306,0.02847228822107629,0.018318469378125937,0.01202368127001489,0.008747484410552755,0.007935018619792745,0.009491637506073685,0.013856183590310822,0.021975215532111337,0.03514061430420107,0.054635824560768334,0.08117722685142437,0.11424625182690136,0.1515461384208087,0.1888971995216743,0.22081134372577493,0.2417327378489435,0.2475914221692081,0.23708129875216344,0.21211422172537006,0.17723708556647372,0.13825844762992287,0.10065837995809877,0.06837867376947517,0.04333240452837003,0.025612340507678917,0.014117718007863725,0.0072560830064186625,0.003477074247358406,0.001553308064957859,0.0006468394236281953
0.0004668430946433943,0.0011227821098935987,0.0025174856368061723,0.0052628782931166615,0.010259060413167317,0.018649588275842253,0.031620259987393345,0.0500106645044749,0.07379701812962682,0.10162168164581072,0.13062185526218875,0.15676929974093143,0.17574620670712332,0.1841174243108887,0.1803625801140728,0.1653388680856337,0.14197887629091988,0.11436665831900518,0.0865899369114671,0.061806300524926555,0.04179455316338785,0.027012233558334403,0.016989106011341387,0.010827722723191982,0.0076383373197660845,0.0068364477755067385,0.008309722857528675,0.012485035973489043,0.02030161634841112,0.03305352648166834,0.05204463268132619,0.07803796318622153,0.11058915315822032,0.14749321253488773,0.18465830457794205,0.21665345417685544,0.23792793656410702,0.2443594903129625,0.2345465753013491,0.21029094949551028,0.17604545581432454,0.13756150867563133,0.10030393125536048,0.0682321592230468,0.04329398958704865,0.02561907550604167,0.01413634296111752,0.007272729124892421,0.0034881926207739576,0.0015595814403072438,0.0006499604964795381
0.0004732009213157804,0.001138645482365263,0.002554451778868399,0.005343347940883649,0.01042273613112725,0.01896074221038033,0.032173271242202504,0.0509298628936013,0.07522650235509502,0.10370264531411644,0.13345941137536982,0.16039659294328143,0.18009789796605882,0.18902432133268715,0.18557304021792126,0.17056270187150468,0.1469405601932964,0.11885137570172549,0.09046990892005424,0.0650435841860861,0.044425214159294145,0.029121570536826624,0.018687332193623805,0.012231852893595482,0.008861580195167031,0.007982969882113533,0.009470762159653645,0.01373193243880217,0.021672549685609183,0.03453404188284219,0.05354722963328127,0.07939132307822556,0.11154954853891393,0.1477859245198509,0.1840450561548231,0.21500735469716406,0.23528823565449536,0.24094156996504368,0.2306988246193142,0.2064121788559296,0.1724927869148931,0.13458066513026318,0.0980013781820853,0.06658944694506215,0.042209227594213014,0.024955053715697083,0.013759142800672594,0.007073733573227486,0.0033906376554438816,0.001515120334019257,0.0006311161298217883
0.0004635334663858274,0.0011175736892800703,0.002512513513595987,0.0052677739862611,0.010301224476494921,0.018791383259456486,0.03198251934908572,0.050797188797763106,0.0753087579122881,0.1042454414056381,0.13478110425934767,0.16283667014183578,0.18393580639238474,0.19439145564994117,0.19239023724371257,0.17853067308183493,0.15559155607920871,0.12764612086858254,0.09890702089036839,0.07274732062889498,0.05119039152067884,0.034913452998500724,0.023609537104161523,0.016481347637683115,0.012686777098666103,0.011652460148368267,0.013250767184664386,0.01786365738668621,0.026338953263894196,0.039810827583929245,0.05934485422034923,0.08540949375602656,0.11727493545742691,0.15255860749366362,0.18719588891740851,0.21603420544929863,0.23401135224161151,0.23757552725162606,0.225807231657351,0.2007594354735698,0.16684962956174373,0.1295546525538329,0.09394435699880564,0.06359512977622837,0.04017768104318552,0.023683584115357745,0.013023339672700468,0.006679352961856393,0.003194622283109137,0.0014246987060912723,0.0005923765887583569
0.0004375242795939028,0.0010583371335208288,0.002387809104874201,0.005025654190736941,0.009869074077513529,0.018085735790869403,0.030936533319746506,0.049408399100523,0.07369953935831358,0.10271519493514518,0.13381989261995436,0.1630739478444153,0.18601919751918047,0.19882281616451633,0.19937322527355153,0.18788863236665818,0.16679068137781886,0.13991730788669068,0.1114219374195241,0.08478869234823766,0.06226806241570152,0.04480648278337865,0.03234399902666107,0.02427086267735924,0.01986434069063327,0.018611647111564652,0.02039917518761354,0.025578582778630364,0.03491039151947926,0.04936340777303061,0.06974792799872205,0.09620690794843793,0.12768039386889435,0.1615550766946898,0.19374262177280685,0.2193335626781162,0.23374587427370444,0.23402123800856048,0.21977178273866158,0.19336533944090445,0.15924621045071666,0.12266423459326259,0.08832045545873647,0.05941321744310009,0.03732543669619623,0.02189165039601705,0.011983394629211016,0.006120749588587403,0.0029165166153171797,0.0012962365546470692,0.0005372788911146043
0.000396899206132207,0.0009643841997280079,0.0021864004703869224,0.004625956889373035,0.009136103696555818,0.01684686754308699,0.029013947369133757,0.04668524421241246,0.0702142014617809,0.09875773876444469,0.12998705022884188,0.16023763665306082,0.18518748794068154,0.20091661194545093,0.20498622758187648,0.19711680490672365,0.1791963927404777,0.15464102604683339,0.1273974427189682,0.1009844053473046,0.07788009461749584,0.05936074644208581,0.0457050335327729,0.03658470936856021,0.031472567222294544,0.0299652501006438,0.03198302220071966,0.03783948247569187,0.04817365824678591,0.06372944216598679,0.0849815398061423,0.11165908654908989,0.14229839797164515,0.17402478607120137,0.20276136610845047,0.22394756306795946,0.23363759067019846,0.2296316612243442,0.2122005555036071,0.18408227812382005,0.14972410760687163,0.11406507907163367,0.08132819147263391,0.05423321551586617,0.03380519089526674,0.019687618852201747,0.010708416836254916,0.005437969700877298,0.002577548409000214,0.0011400728654412727,0.0004704639209147825
0.0003453146073064159,0.0008437458625303133,0.00192445760707311,0.004098355681456211,0.008151486949936138,0.015147181411062804,0.02630645483660349,0.04271975045815657,0.06490424808027069,0.09231911335915842,0.12304114160341574,0.15381799187637882,0.1806094084833783,0.1995205262087992,0.20782468162727616,0.20469049516687143,0.1913340761941669,0.17056377995905866,0.1459367739949554,0.12087120967907648,0.09800945836270536,0.07896454726596563,0.0644103352414628,0.054377094638909634,0.0486043533913475,0.04684650884229924,0.049076131633585256,0.05555779833016886,0.06677368464537747,0.08319131155022845,0.10489449489621142,0.13115630967474476,0.16009965995760958,0.18862735044786308,0.21276544134811592,0.22843247479136097,0.23245723702229262,0.22350748070153892,0.20256274175600417,0.1727126091168019,0.13833297628914495,0.10395032492433641,0.07321147564712162,0.0482852470561807,0.02980028553423086,0.017200251413616908,0.009279740685734702,0.004677734118657875,0.00220228718130328,0.0009680876253822978,0.00039722898867525306
0.00028770656571039334,0.0007076528091180998,0.0016255868650112582,0.0034885830146592833,0.006996605129759949,0.013119029921504287,0.02300920418160441,0.03776922041856034,0.058065079751859705,0.08367670527439472,0.11315295221971607,0.143770725297163,0.17192300984456793,0.1938907557764212,0.20676479176928106,0.20918486930522515,0.20162233537067129,0.18612658762559042,0.16567727214800496,0.1434167807603591,0.12202783341217277,0.10340341737072827,0.08861482577485821,0.07808884722668669,0.07187841893178978,0.06992976582921086,0.0722784366683755,0.07912718512297578,0.09077361595370789,0.10738076662450159,0.12863075443493133,0.15336415761684322,0.1793593554529743,0.20340950443545588,0.22178304796726783,0.23101255062948584,0.22879647737718836,0.2146995604240411,0.19036831252952124,0.15914792899510874,0.12522455172193264,0.09260449557610545,0.0642840034124609,0.04184635487743388,0.025522217653683923,0.01457346526483617,0.007786013315314831,0.0038899060412987186,0.0018164861626618271,0.0007925378556405498,0.0003229632436091701
0.00022931975123199772,0.000568337618789091,0.001316239583586298,0.0028495977053015387,0.005769453095581363,0.01092956896215063,0.019384034278358334,0.03220807687400596,0.050180677991863064,0.0733859646822178,0.10086751548277471,0.13050834315729237,0.159265652303796,0.18375968737163473,0.20105422560030242,0.20936116990457557,0.20841982564227896,0.19943838054563365,0.18466513555358904,0.1667843777131743,0.1483530580218849,0.1314244692710344,0.11740244509098913,0.10708929976069884,0.10085363499776687,0.09883904935840605,0.10114124940227516,0.10788984849733164,0.11918874868509043,0.13490732293516872,0.15437549465681935,0.17610144982082815,0.19766714796421445,0.2159307921028125,0.22756699847060982,0.22983272388005405,0.2213216497061343,0.20242968278619178,0.17533543836745397,0.14347799927729823,0.11071013459665835,0.08042342748276837,0.05492678469029081,0.03522813582130947,0.021196563715435244,0.01195462605532597,0.006315029174908043,0.0031224869059914566,0.0014443292119550668,0.000624681913825892,0.00025251889082077475
0.00017474474319680868,0.0004367756586834836,0.001020799503083245,0.002231698788751767,0.0045662606680077255,0.00874927310188269,0.015709944472014178,0.026456681693432828,0.041830909020982486,0.062172508889845456,0.08699472456729403,0.11480905135991254,0.14322262882356057,0.16934054317568864,0.19037709596013921,0.20428017047303532,0.2101596661053754,0.20839362647514617,0.20041676350046364,0.18830530544835225,0.17431313698457582,0.160487800238868,0.1484352375556859,0.1392448362501849,0.13354698455035788,0.1316508123848812,0.13369338487098184,0.1397256028733067,0.149675687690054,0.16317750909293458,0.17932153456418218,0.19645294361719914,0.21216495609941832,0.22358717989714216,0.2279541170368943,0.22330335587956823,0.20906357939402925,0.18630249194008597,0.15752069893423748,0.12605080575414865,0.09527064987890595,0.06789581400632412,0.045558755035931,0.028747809252893556,0.017039968978481486,0.009478684284397005,0.004943970290198026,0.0024161777397772263,0.0011056620237477133,0.000473484771832728,0.00018965309930873086
0.00012724619815753142,0.0003210360010134759,0.0007578270746311265,0.001674596691572139,0.003465995315700669,0.0067239414704583335,0.012236478428731597,0.02091004736729652,0.033591994597740656,0.05080649629218781,0.07246849748174128,0.0976816068902853,0.12472660926358058,0.1512925646084153,0.17490984256712186,0.19345908999628397,0.2055978534712363,0.21098307013853912,0.21024897597917136,0.2047818826205247,0.19638180220658844,0.18690918271242715,0.1779964623879538,0.17087438543363645,0.1663289348380641,0.1647673987890688,0.16633612523190616,0.1710110024037229,0.1785912547323777,0.1885756738982417,0.1999751888934383,0.21118164987264143,0.22002718003837973,0.2241076625797003,0.22132470592621087,0.2104789378710249,0.19169069937346234,0.16647009923647382,0.13739082756757656,0.10747796071026784,0.07952427441115976,0.05555682994046093,0.036592064696913396,0.022692787580222282,0.0132356781470426,0.007253069978830741,0.0037309626386584373,0.001800073429920559,0.0008139800613874387,0.00034475397985921975,0.00013668645273627757
8.851225442755016e-5,0.00022557820274463674,0.0005382575711195738,0.0012031834129691394,0.002521249416047704,0.004956669246455221,0.009150990492946463,0.015883401210289808,0.025953927750106895,0.03998916018259482,0.05820749459480434,0.080216739110551,0.10492900690797129,0.13065143793891706,0.15535232294155146,0.1770371322493152,0.19412929262571096,0.2057527997550209,0.211851011549993,0.2131270061380433,0.2108363997234386,0.20649470719197915,0.2015764258146375,0.19728017239588722,0.19441048219569376,0.1933841343815673,0.19431931615927325,0.19713096353385878,0.20155667754268133,0.20708285041143806,0.21281427513586698,0.21739400735066425,0.2190902798777296,0.21610401163722617,0.20703732939943922,0.19136032281312176,0.16968208125999296,0.14369747886425213,0.11581277752851499,0.08858336711160118,0.06416176541476858,0.043928494523238264,0.028386111910581113,0.017289763033759738,0.009915077408738699,0.005347845402115287,0.002710385676565768,0.0012896839808287442,0.0005757038479502265,0.00024092014864981424,9.445585105798025e-5
5.8790218715687107e-5,0.00015145183503436805,0.00036554856456854945,0.0008271833953980003,0.0017562274339077294,0.003501702987485437,0.00656398487732792,0.011582444451291985,0.019267608571307163,0.030269575776283652,0.04499909256851381,0.06344574990028184,0.0850546789584931,0.10871665886594228,0.13289556497480506,0.15587363229240728,0.17605713221972935,0.19226618188794928,0.20393603011832226,0.21117965666069802,0.2146972085372771,0.21555980847736442,0.21493282832479746,0.21382239572969397,0.21291726766095392,0.21255660376441202,0.2127983113977373,0.21351857788617443,0.2144656096798108,0.21522872296408185,0.2151519431331015,0.21328087569083576,0.20844119703808256,0.19948971299063234,0.18567967908998087,0.16699819924873288,0.1443191822814163,0.11928496355717239,0.09394706114926708,0.07029798443862427,0.04986057418697174,0.03345930653328614,0.02121068225283386,0.012685383147624409,0.007149374055441603,0.0037931823552235177,0.0018928051348346127,0.000887568935589896,0.0003907942955355134,0.0001614457266986218,6.253809041868398e-5
3.7267514867084453e-5,9.710161824911635e-5,0.00023721108798802017,0.000543725313302911,0.0011704176321948494,0.0023684624775385686,0.004511082317078175,0.008098285279017937,0.013724751519976701,0.021999370958547065,0.033419358338196446,0.04822166218412938,0.06625135464524352,0.08689203116775514,0.1090925909435993,0.1315005048964065,0.15268111067883836,0.1713742958359092,0.18672239596913204,0.19840373558388777,0.20662955741494027,0.21200485408980604,0.2153015304193898,0.2172242412578493,0.21824826274972223,0.2185728320793865,0.2181782158500818,0.21692722625603364,0.214637566291803,0.21108075342334684,0.20592279208360512,0.19867626423517445,0.18874510019105398,0.17559691802353777,0.1590164662070339,0.13932766677564384,0.11746593347774972,0.09484477775230807,0.07305603621356993,0.05351700439369267,0.03719232961643836,0.02447328651972546,0.015223752550146298,0.008940676766688142,0.004951626392224242,0.0025835682174649047,0.0012687976617017482,0.000586004455673369,0.0002543347011088623,0.00010365446268421267,3.9641490789701064e-5
2.253222552091871e-5,5.940745297809509e-5,0.00014696450384251526,0.00034141529825565186,0.0007455532385003741,0.0015321294348631111,0.0029669183533938895,0.005422023289402477,0.009366882734979926,0.01532548545585114,0.023795376388778933,0.035136507257902815,0.049452206526775074,0.06649508409764902,0.0856325118020725,0.10589651837584102,0.1261216401727298,0.14514558974701908,0.1620205691002512,0.17617027862606244,0.1874396104423293,0.196020878125246,0.20228834888829075,0.20660929510537024,0.20920598839489485,0.21011494164723993,0.2092405900069033,0.20645501183812384,0.2016773806114778,0.1948877846158637,0.18607952972809944,0.17520237249769913,0.1621633014696681,0.14691782862359012,0.1296218486796863,0.11076308890178269,0.09118769328509017,0.07198616494733909,0.05427398867661886,0.03895306230447602,0.026543730794694933,0.01713764993999158,0.010466213429512839,0.006037968092270713,0.0032867288619500635,0.0016864886631192092,0.0008150213448322532,0.0003706560477038222,0.0001585122345842254,6.369934163687955e-5,2.4037769522140796e-5
1.298372939668719e-5,3.465468814526621e-5,8.685484768023923e-5,0.00020459813373318407,0.00045347644076649873,0.0009468732778698131,0.0018651863903266118,0.003471550383195736,0.006115540532506297,0.010215186507462662,0.01621007486271352,0.024485186747036716,0.035275536000409044,0.04857289222018038,0.06406359920407849,0.08112581202291805,0.09890175909923409,0.11643661754883294,0.132847861325519,0.14747073721796441,0.15992911588529937,0.17010889209528804,0.17805209766828536,0.18382387615346396,0.18741390033288785,0.18871355902056466,0.18757025757028153,0.18388064684017605,0.17766644099250917,0.1690906062057911,0.15841121364642252,0.14591156646215958,0.13186100177738003,0.1165387371008014,0.10030677478471663,0.08367876908606735,0.06732728569679935,0.05200538331324297,0.03840743494317737,0.027027374540213433,0.01807190594077436,0.01145644134688442,0.0068734355304029444,0.003897279334171462,0.0020859788423389894,0.0010529194824456887,0.000500780673086635,0.0002242505064133074,9.44807187226228e-5,3.742690280348504e-5,1.3930774187451284e-5
7.124505860257023e-6,1.925784772749982e-5,4.8919167229887575e-5,0.00011690007592363432,0.0002631015032696098,0.0005584389041578255,0.0011194425716568952,0.0021226708562371113,0.0038136218660816696,0.006502946715415622,0.010542762659149009,0.01627899300106052,0.023982438209063178,0.03377072557843287,0.04554233585212796,0.05894769711094012,0.0734161060463756,0.0882398040226312,0.10269328820230604,0.1161480888408742,0.12814201614886186,0.13838074755389865,0.14668057488721714,0.15288849193186205,0.1568252180410002,0.15828312250544888,0.15708097943723037,0.15314620226363052,0.14657937283159597,0.1376651791435272,0.1268242598720276,0.11453426023675553,0.10126411052336487,0.08745248820764714,0.07352852973173409,0.059943067869959045,0.04717235331769473,0.03567644375263821,0.025825798989709627,0.017830714182050265,0.011707046775916732,0.007292116219888987,0.004300916223132493,0.002398347345791177,0.0012629282482378235,0.0006273749685059091,0.0002937585343344755,0.00012955267641213644,5.3777668839816095e-5,2.0998246934253855e-5,7.707747775409933e-6
3.719581832723661e-6,1.01857044782541e-5,2.623422722602931e-5,6.36219417112553e-5,0.00014546019464331148,0.000313955744665142,0.0006406344801817504,0.0012377401849118367,0.0022677729661105756,0.003946334001539845,0.006532454954005547,0.010301571394167958,0.015500218233156815,0.022288349625775753,0.030683036178402717,0.04052232142504629,0.05146588319894272,0.06303798719364051,0.0747013613671541,0.08593625934351395,0.09629584750078848,0.10542046644858373,0.11301420334473192,0.11880663615232674,0.12253010380846936,0.12393413085695691,0.12283767977340329,0.1191971907466389,0.11315620394910775,0.10504858531856234,0.09534990555169565,0.08459782140512855,0.07331629087880581,0.06197140765596144,0.05096396690663104,0.04064146973261506,0.03130481175974045,0.023195383396532286,0.01646708074451419,0.011160917500666421,0.007199721463245843,0.004409190745902038,0.002558215018256432,0.0014039076874677306,0.0007277741122553979,0.0003560039950208578,0.00016418660816202297,7.133883505712337e-5,2.9183561099179846e-5,1.1233552774821771e-5,4.066489883320181e-6
1.846069800417024e-6,5.1231544578819356e-6,1.3383761113255604e-5,3.295166705899618e-5,7.655737196260231e-5,0.00016807150377211538,0.0003491461671361969,0.0006872921554332507,0.0012838156564437145,0.002278657679838476,0.003848040878975857,0.006190793146592933,0.009501207733656921,0.013930660602291296,0.01954593428079829,0.02629667904330387,0.034004408918291304,0.04237912092540707,0.05105882867332967,0.0596573225780147,0.06780226925930354,0.0751519335963977,0.08139145031784274,0.08622181313150794,0.08935972476356731,0.09056102665411288,0.08966677655564592,0.0866558588801074,0.0816797025361582,0.07505903769943972,0.06723870013346966,0.0587158319285584,0.049968046580940347,0.041404587206517386,0.03334825581863506,0.026039467620410154,0.01964638956873085,0.014269512657173924,0.009939617710964023,0.0066163537789330675,0.0041955006358333664,0.0025275453046549167,0.0014434602233134959,0.0007800607060590274,0.00039833950760201597,0.0001919943015920003,8.72643748093053e-5,3.737424646334538e-5,1.5073575712134012e-5,5.721660889568374e-6,2.042976796693448e-6
8.703003607399788e-7,2.448477855982744e-6,6.490036700207647e-6,1.6227134007495397e-5,3.832033393417794e-5,8.558040591491792e-5,0.00018098471197050892,0.00036289592570134236,0.0006907485605038618,0.0012495494591400367,0.0021506142197776214,0.0035255854991770863,0.005511638276044292,0.008228268712747663,0.011749731439220739,0.016080465177867244,0.021141592349488897,0.02677346405798278,0.03275307740584736,0.03881908920351156,0.044694710387187274,0.05010171723310847,0.05476566124490736,0.05841918643075842,0.06081311496162233,0.061741622213062924,0.06107948131182754,0.058819994774178624,0.055097176460746,0.05017891332677918,0.04442883235882723,0.03824798151250033,0.03201559949976877,0.026046514540163695,0.020572709459171445,0.015745022576070494,0.011644622474146481,0.008295082376738216,0.005671614108743093,0.0037092194230999857,0.0023129403155745143,0.0013713249842231844,0.0007712395432496569,0.0004106525474056565,0.00020669170530647485,9.821960886929923e-5,4.402219001014795e-5,1.85950579193373e-5,7.397589698426175e-6,2.7701675562486383e-6,9.759526140513492e-7
3.894391489375247e-7,1.1110754662624222e-6,2.989055519873353e-6,7.591484777957207e-6,1.8224205118903247e-5,4.1402048474117055e-5,8.911468142124425e-5,0.00018192966152890864,0.00035263372400847046,0.0006495662297325797,0.001138173279672129,0.0018989225702547353,0.0030200054905160966,0.004584527846400037,0.006653988340757952,0.009251923338961908,0.012352417802760352,0.01587688572202674,0.019699428272245502,0.02365777812837181,0.02756529925625527,0.031220735074923543,0.03441567846180126,0.03694305839940155,0.038611142773938865,0.03926549908644782,0.03881655378123123,0.037265059460234506,0.03471505910390437,0.03136624560749745,0.027484782695901752,0.02336033835781353,0.019262501501545754,0.015408854146059048,0.011950611777721918,0.008974011597076776,0.006510840180166486,0.004551344431313185,0.003055777291410819,0.001964086453513621,0.0012047305319014114,0.0007031883859078619,0.0003896134376879507,0.00020449346196549587,0.00010150220704612482,4.758096278488296e-5,2.1041802104718674e-5,8.771005547564428e-6,3.443732147286674e-6,1.2728354412037324e-6,4.4265366885793265e-7
1.6529966865041568e-7,4.783861691072675e-7,1.3065018395425103e-6,3.371008883550555e-6,8.226474124848266e-6,1.900789997818468e-5,4.162456854372658e-5,8.646715729748813e-5,0.00017052836628228277,0.0003195422451467193,0.0005693756143611148,0.0009656180687152853,0.0015603619558735055,0.0024057443908211836,0.0035449025540816477,0.005002168260967973,0.006774953780712475,0.008829369670836652,0.011100256970883047,0.013494748748372216,0.015897649455920575,0.018177339764646566,0.020192272393721802,0.021799482990698296,0.022866872521945202,0.02328975423928961,0.023009545095957106,0.022029676449197573,0.020422525850693277,0.018322799092877404,0.015907219140350915,0.013365650954559587,0.010872083372186904,0.008563365585926727,0.006529710528493215,0.004816115185323889,0.0034306016592161753,0.0023546876905876308,0.0015530475825688613,0.0009813201715245907,0.0005922317318036606,0.0003403982944477883,0.00018586202930158125,9.619481796972248e-5,4.710635313992064e-5,2.1793636356006927e-5,9.514471519875898e-6,3.915897169797004e-6,1.5182359349018794e-6,5.541682015521588e-7,1.9033451965747382e-7
6.651238681450596e-8,1.9530503834173186e-7,5.415617644945672e-7,1.4195798760515623e-6,3.5210899676077696e-6,8.27163448651274e-6,1.8418425193450516e-5,3.890212015030702e-5,7.79907693081612e-5,0.00014850890750972234,0.00026879614399667496,0.0004628524011525629,0.0007590963121339342,0.0011873947136276026,0.0017745212093888383,0.002538798944384869,0.0034850765609331685,0.0046011300547412395,0.005856084367889342,0.007200808593971759,0.008569861556698708,0.009884667684605589,0.011058060018515102,0.012000746452927447,0.012630205589252371,0.012881757581282542,0.012720206235661814,0.012149085074124056,0.01121404352126866,0.009997988731067867,0.00860817657322779,0.007158434194779176,0.005751532204495185,0.004466388776267379,0.003352528318980029,0.0024313585959122486,0.0017018375685787924,0.0011476629135663944,0.0007439114622801412,0.00046222979294379904,0.00027452379701608956,0.00015540694786188164,8.363849795165101e-5,4.269696220859163e-5,2.063475203958432e-5,9.42569897677278e-6,4.064160675217018e-6,1.6523957231471664e-6,6.32962699714454e-7,2.2828166193324358e-7,7.747411586606945e-8
2.5355966090781164e-8,7.555459390148005e-8,2.127210061347293e-7,5.664050997070433e-7,1.4274834674927635e-6,3.4076745034460348e-6,7.71015366478449e-6,1.6543669817695108e-5,3.368239985581903e-5,6.510823312382008e-5,0.00011957567973939099,0.0002088433696747397,0.00034727754415741883,0.0005506103978601433,0.0008338439673895871,0.0012085647545677142,0.0016801502036591575,0.002245394333622554,0.002890944171004131,0.003592726711805671,0.004316404977680845,0.0050189072664354375,0.005651174409753987,0.006162321050865043,0.006505253406796046,0.006643344823951791,0.006557108444088914,0.006249194170383719,0.005745895275755308,0.005094014165496177,0.004353345837709202,0.0035866179818840995,0.002849668052344011,0.002184419106626143,0.0016159751000125557,0.001153590322959884,0.0007941526481516239,0.0005265360230439026,0.0003355797039504126,0.00020510505802669672,0.0001199017558936961,6.686129616795401e-5,3.547372442694336e-5,1.7865131432317076e-5,8.52288257117418e-6,3.845006256887619e-6,1.6380122423752292e-6,6.581763467176922e-7,2.4921090524200657e-7,8.885205636429113e-8,2.981153044056061e-8
9.152788802591074e-9,2.7677211091730156e-8,7.911161654818539e-8,2.1391444234265064e-7,5.475314081264995e-7,1.3273647502753207e-6,3.0492544025521204e-6,6.6407125811642605e-6,1.3717044894377682e-5,2.68893444711337e-5,5.0060430374899576e-5,8.859780682799015e-5,0.00014924554748670628,0.0002396562777458891,0.00036750107436347626,0.0005392292922912267,0.0007586559701565636,0.001025607043524981,0.00133484110927898,0.0016754203876127862,0.0020306653630615457,0.0023788151900153926,0.0026945074744742048,0.0029511402584630605,0.003124041594788776,0.003194129953582717,0.003151439742413835,0.002997632695156783,0.0027466049938134523,0.0024226767462051835,0.002056570969271659,0.0016801680228800875,0.0013214661440100759,0.0010010434224223899,0.0007306767707822531,0.0005139758271004371,0.0003483181684232264,0.00022721832214754782,0.00014246217994609396,8.56790436316134e-5,4.931093367817794e-5,2.709000530679663e-5,1.41704234183045e-5,7.0411268530418656e-6,3.3164229597294035e-6,1.4779902149068031e-6,6.222680036772683e-7,2.471923307341471e-7,9.255397383596088e-8,3.263598007061957e-8,1.0830561726239271e-8
3.126498768089532e-9,9.593528170395366e-9,2.7832764520434827e-8,7.639325668848914e-8,1.9846830690466554e-7,4.882525354401086e-7,1.1378233519104946e-6,2.5127298296068955e-6,5.260812329718479e-6,1.0448455065303064e-5,1.9700933207795085e-5,3.530262817168859e-5,6.0197686028886185e-5,9.783321596611725e-5,0.00015181160609646898,0.00022536140807085853,0.00032068291999650745,0.00043825944909189,0.0005762419545344538,0.0007300182309944735,0.0008920752333534068,0.0010522538832432031,0.001198469820531362,0.0013179190003516997,0.0013986964695136923,0.0014316322212414628,0.0014120109583782127,0.0013407458704257106,0.0012245980309120597,0.0010752296220110438,0.0009072231048480493,0.0007355559329264681,0.0005732140970157011,0.00042955057356662486,0.0003096865383520018,0.00021487588034090746,0.00014348422139355985,9.216094720834344e-5,5.687782541425969e-5,3.367320100861755e-5,1.908441817440239e-5,1.0330523818482724e-5,5.328129290099216e-6,2.61231848126937e-6,1.2149081982169373e-6,5.349317343092001e-7,2.2262697484765124e-7,8.745462156993423e-8,3.23906433694501e-8,1.1300222171638096e-8,3.7107536594129905e-9
1.0099696292959932e-9,3.144006546254681e-9,9.254499942836256e-9,2.576982180130738e-8,6.79068366274721e-8,1.6939058841233431e-7,4.000975751782146e-7,8.951457070549297e-7,1.8979013594213282e-6,3.815776417227509e-6,7.281083922130334e-6,1.3200711733609388e-5,2.2771050879013695e-5,3.743264614124831e-5,5.8745421125055456e-5,8.817975247978543e-5,0.0001268374188912201,0.00017513486520059842,0.00023249642419251456,0.00029711617974572616,0.000365852487920104,0.0004343148462433848,0.0004971841043711709,0.0005487718045087631,0.0005837744651988016,0.0005981191605252343,0.000589739043459158,0.0005590835498973218,0.0005091881932403359,0.0004452232214303444,0.00037359337484150747,0.00030081377487435834,0.0002324648015101137,0.00017248863462157197,0.00012295177727560266,8.423216380231453e-5,5.547248271979802e-5,3.5110794227098186e-5,2.1342684522442987e-5,1.2443787150242915e-5,6.947027777958963e-6,3.7058847218913102e-6,1.884777847409786e-6,9.118538551334632e-7,4.1874984526203396e-7,1.821789969206039e-7,7.49562235313425e-8,2.912337985530031e-8,1.0672429987525034e-8,3.684934218653764e-9,1.1977914144071514e-9
