seed,grid_size,method,radius,component_height,significant_component,significant_finite_H0,significant_H1,longest_H1
2014,31,KDE_bootstrap,0.06366982352623382,0.25198818284327434,true,0,1,0.1735095596597439
2014,31,finite_grid_Hoeffding,0.18169579523074642,0.25198818284327434,false,0,0,0.1735095596597439
2014,51,KDE_bootstrap,0.06416604664271802,0.2514101682918075,true,0,1,0.17257372507029453
2014,51,finite_grid_Hoeffding,0.1900711438092789,0.2514101682918075,false,0,0,0.17257372507029453
2014,71,KDE_bootstrap,0.06440271041230572,0.252294515222478,true,0,1,0.17325101645136468
2014,71,finite_grid_Hoeffding,0.19543882041882427,0.252294515222478,false,0,0,0.17325101645136468
2015,31,KDE_bootstrap,0.06361428495698424,0.2487228095464825,true,0,1,0.18147349660398707
2015,31,finite_grid_Hoeffding,0.18169579523074642,0.2487228095464825,false,0,0,0.18147349660398707
2015,51,KDE_bootstrap,0.06460717792611478,0.249387890332395,true,0,1,0.18380525943615622
2015,51,finite_grid_Hoeffding,0.1900711438092789,0.249387890332395,false,0,0,0.18380525943615622
2015,71,KDE_bootstrap,0.06468677710187803,0.24919307269921886,true,0,1,0.1848611101751843
2015,71,finite_grid_Hoeffding,0.19543882041882427,0.24919307269921886,false,0,0,0.1848611101751843
2016,31,KDE_bootstrap,0.06367638652219634,0.2801993994643301,true,0,1,0.17343572719003794
2016,31,finite_grid_Hoeffding,0.18169579523074642,0.2801993994643301,false,0,0,0.17343572719003794
2016,51,KDE_bootstrap,0.06465827243078895,0.28215380614482805,true,0,1,0.1728493075833915
2016,51,finite_grid_Hoeffding,0.1900711438092789,0.28215380614482805,false,0,0,0.1728493075833915
2016,71,KDE_bootstrap,0.06483921333607182,0.28173510939301694,true,0,1,0.17242656364122866
2016,71,finite_grid_Hoeffding,0.19543882041882427,0.28173510939301694,false,0,0,0.17242656364122866
2017,31,KDE_bootstrap,0.06200119997221826,0.23919571259490816,true,0,1,0.15478861128695093
2017,31,finite_grid_Hoeffding,0.18169579523074642,0.23919571259490816,false,0,0,0.15478861128695093
2017,51,KDE_bootstrap,0.062468823440247456,0.23970010179180812,true,0,1,0.15597158489767396
2017,51,finite_grid_Hoeffding,0.1900711438092789,0.23970010179180812,false,0,0,0.15597158489767396
2017,71,KDE_bootstrap,0.0625717388295044,0.23934595416688853,true,0,1,0.155216751610436
2017,71,finite_grid_Hoeffding,0.19543882041882427,0.23934595416688853,false,0,0,0.155216751610436
2018,31,KDE_bootstrap,0.0627766394373,0.2716992329968119,true,0,1,0.171915497260532
2018,31,finite_grid_Hoeffding,0.18169579523074642,0.2716992329968119,false,0,0,0.171915497260532
2018,51,KDE_bootstrap,0.06389071069182942,0.27325975276143377,true,0,1,0.1719174218146985
2018,51,finite_grid_Hoeffding,0.1900711438092789,0.27325975276143377,false,0,0,0.1719174218146985
2018,71,KDE_bootstrap,0.0638816591474432,0.27308489568280475,true,0,1,0.1714933894129395
2018,71,finite_grid_Hoeffding,0.19543882041882427,0.27308489568280475,false,0,0,0.1714933894129395
