source,target,shared_patients
1,14,19
1,16,10
3,15,1
3,17,1
4,15,1
7,15,1
8,15,1
8,17,1
9,15,1
11,15,1
12,15,1
12,17,1
14,16,19
14,18,9
15,17,7
15,19,1
15,20,1
15,25,1
15,29,1
16,18,19
16,31,10
17,19,2
17,20,1
17,22,1
17,25,1
17,26,1
17,29,1
17,32,3
18,31,16
18,34,6
19,32,2
19,36,1
21,32,1
21,37,1
22,32,1
23,32,1
23,39,1
24,32,1
24,40,1
26,32,1
27,32,1
27,43,1
28,33,1
28,47,1
30,32,1
30,48,1
31,34,14
31,49,8
32,36,1
32,37,1
32,38,1
32,39,1
32,40,1
32,42,1
32,43,1
32,44,1
32,45,1
32,46,1
32,48,1
32,50,5
33,47,1
34,49,18
34,51,10
35,50,1
35,52,1
36,50,1
36,52,1
38,50,1
41,50,1
41,52,1
42,50,1
44,50,1
45,50,1
46,50,1
49,51,16
49,53,6
50,52,10
50,54,7
51,53,15
51,55,9
52,54,11
52,56,4
53,55,15
53,57,6
54,56,11
54,59,1
54,60,1
54,61,1
54,62,1
54,63,1
54,66,1
54,67,1
55,57,18
55,69,12
56,59,1
56,60,1
56,61,2
56,62,1
56,63,1
56,66,1
56,67,1
56,70,1
57,69,20
57,71,8
58,70,1
58,72,1
61,70,1
63,70,1
63,72,1
64,70,1
64,72,1
65,70,1
65,72,1
68,70,1
68,72,1
69,71,15
69,73,7
70,72,11
70,74,6
71,73,16
71,75,9
72,74,10
72,77,1
72,79,1
72,80,1
72,82,1
73,75,16
73,76,1
73,92,8
74,77,1
74,79,1
74,80,1
74,81,1
74,82,1
74,84,1
74,86,1
74,89,1
74,90,1
74,93,5
75,92,13
75,94,6
76,92,1
78,93,1
78,95,1
81,93,1
82,93,1
82,95,1
83,93,1
83,95,1
84,93,1
85,93,1
85,95,1
86,93,1
87,93,1
87,95,1
88,93,1
88,95,1
89,93,1
90,93,1
91,93,1
91,95,1
92,94,12
92,96,4
92,97,2
93,95,14
93,98,7
94,96,7
94,97,6
94,99,3
94,100,4
95,98,13
95,101,5
95,102,1
96,99,6
96,103,3
97,100,10
97,103,6
98,101,7
98,102,3
98,104,4
99,103,5
100,103,14
101,104,3
102,104,4
