hks_index,repetition,sigma,cost,correct,total
2,1,0.000244140625,0.03125,61,210
2,1,0.000244140625,0.125,61,210
2,1,0.000244140625,0.5,61,210
2,1,0.000244140625,2.0,119,210
2,1,0.000244140625,8.0,119,210
2,1,0.000244140625,32.0,119,210
2,1,0.000244140625,128.0,119,210
2,1,0.000244140625,512.0,119,210
2,1,0.000244140625,2048.0,119,210
2,1,0.000244140625,8192.0,119,210
2,1,0.000244140625,32768.0,119,210
2,1,0.0009765625,0.03125,63,210
2,1,0.0009765625,0.125,63,210
2,1,0.0009765625,0.5,73,210
2,1,0.0009765625,2.0,141,210
2,1,0.0009765625,8.0,140,210
2,1,0.0009765625,32.0,140,210
2,1,0.0009765625,128.0,140,210
2,1,0.0009765625,512.0,140,210
2,1,0.0009765625,2048.0,140,210
2,1,0.0009765625,8192.0,140,210
2,1,0.0009765625,32768.0,140,210
2,1,0.00390625,0.03125,72,210
2,1,0.00390625,0.125,72,210
2,1,0.00390625,0.5,88,210
2,1,0.00390625,2.0,168,210
2,1,0.00390625,8.0,169,210
2,1,0.00390625,32.0,169,210
2,1,0.00390625,128.0,169,210
2,1,0.00390625,512.0,169,210
2,1,0.00390625,2048.0,169,210
2,1,0.00390625,8192.0,169,210
2,1,0.00390625,32768.0,169,210
2,1,0.015625,0.03125,80,210
2,1,0.015625,0.125,81,210
2,1,0.015625,0.5,142,210
2,1,0.015625,2.0,191,210
2,1,0.015625,8.0,196,210
2,1,0.015625,32.0,196,210
2,1,0.015625,128.0,196,210
2,1,0.015625,512.0,196,210
2,1,0.015625,2048.0,196,210
2,1,0.015625,8192.0,196,210
2,1,0.015625,32768.0,196,210
2,1,0.0625,0.03125,83,210
2,1,0.0625,0.125,85,210
2,1,0.0625,0.5,155,210
2,1,0.0625,2.0,199,210
2,1,0.0625,8.0,202,210
2,1,0.0625,32.0,202,210
2,1,0.0625,128.0,202,210
2,1,0.0625,512.0,202,210
2,1,0.0625,2048.0,202,210
2,1,0.0625,8192.0,202,210
2,1,0.0625,32768.0,202,210
2,1,0.25,0.03125,85,210
2,1,0.25,0.125,86,210
2,1,0.25,0.5,138,210
2,1,0.25,2.0,199,210
2,1,0.25,8.0,203,210
2,1,0.25,32.0,203,210
2,1,0.25,128.0,203,210
2,1,0.25,512.0,203,210
2,1,0.25,2048.0,203,210
2,1,0.25,8192.0,203,210
2,1,0.25,32768.0,203,210
2,1,1.0,0.03125,83,210
2,1,1.0,0.125,83,210
2,1,1.0,0.5,119,210
2,1,1.0,2.0,183,210
2,1,1.0,8.0,198,210
2,1,1.0,32.0,197,210
2,1,1.0,128.0,197,210
2,1,1.0,512.0,197,210
2,1,1.0,2048.0,197,210
2,1,1.0,8192.0,197,210
2,1,1.0,32768.0,197,210
2,1,4.0,0.03125,77,210
2,1,4.0,0.125,79,210
2,1,4.0,0.5,112,210
2,1,4.0,2.0,152,210
2,1,4.0,8.0,181,210
2,1,4.0,32.0,189,210
2,1,4.0,128.0,192,210
2,1,4.0,512.0,192,210
2,1,4.0,2048.0,192,210
2,1,4.0,8192.0,192,210
2,1,4.0,32768.0,192,210
2,1,16.0,0.03125,69,210
2,1,16.0,0.125,69,210
2,1,16.0,0.5,87,210
2,1,16.0,2.0,118,210
2,1,16.0,8.0,120,210
2,1,16.0,32.0,149,210
2,1,16.0,128.0,163,210
2,1,16.0,512.0,163,210
2,1,16.0,2048.0,162,210
2,1,16.0,8192.0,162,210
2,1,16.0,32768.0,162,210
2,1,64.0,0.03125,64,210
2,1,64.0,0.125,64,210
2,1,64.0,0.5,79,210
2,1,64.0,2.0,87,210
2,1,64.0,8.0,125,210
2,1,64.0,32.0,140,210
2,1,64.0,128.0,153,210
2,1,64.0,512.0,150,210
2,1,64.0,2048.0,146,210
2,1,64.0,8192.0,148,210
2,1,64.0,32768.0,148,210
2,1,256.0,0.03125,51,210
2,1,256.0,0.125,51,210
2,1,256.0,0.5,52,210
2,1,256.0,2.0,65,210
2,1,256.0,8.0,89,210
2,1,256.0,32.0,119,210
2,1,256.0,128.0,143,210
2,1,256.0,512.0,152,210
2,1,256.0,2048.0,154,210
2,1,256.0,8192.0,152,210
2,1,256.0,32768.0,150,210
2,1,1024.0,0.03125,39,210
2,1,1024.0,0.125,39,210
2,1,1024.0,0.5,39,210
2,1,1024.0,2.0,47,210
2,1,1024.0,8.0,57,210
2,1,1024.0,32.0,72,210
2,1,1024.0,128.0,84,210
2,1,1024.0,512.0,116,210
2,1,1024.0,2048.0,137,210
2,1,1024.0,8192.0,154,210
2,1,1024.0,32768.0,152,210
2,1,4096.0,0.03125,41,210
2,1,4096.0,0.125,41,210
2,1,4096.0,0.5,41,210
2,1,4096.0,2.0,41,210
2,1,4096.0,8.0,44,210
2,1,4096.0,32.0,59,210
2,1,4096.0,128.0,67,210
2,1,4096.0,512.0,69,210
2,1,4096.0,2048.0,87,210
2,1,4096.0,8192.0,98,210
2,1,4096.0,32768.0,114,210
2,1,16384.0,0.03125,32,210
2,1,16384.0,0.125,32,210
2,1,16384.0,0.5,32,210
2,1,16384.0,2.0,32,210
2,1,16384.0,8.0,32,210
2,1,16384.0,32.0,33,210
2,1,16384.0,128.0,50,210
2,1,16384.0,512.0,60,210
2,1,16384.0,2048.0,64,210
2,1,16384.0,8192.0,69,210
2,1,16384.0,32768.0,83,210
2,1,65536.0,0.03125,30,210
2,1,65536.0,0.125,30,210
2,1,65536.0,0.5,30,210
2,1,65536.0,2.0,30,210
2,1,65536.0,8.0,30,210
2,1,65536.0,32.0,30,210
2,1,65536.0,128.0,31,210
2,1,65536.0,512.0,46,210
2,1,65536.0,2048.0,54,210
2,1,65536.0,8192.0,57,210
2,1,65536.0,32768.0,61,210
2,2,0.000244140625,0.03125,65,210
2,2,0.000244140625,0.125,65,210
2,2,0.000244140625,0.5,67,210
2,2,0.000244140625,2.0,137,210
2,2,0.000244140625,8.0,137,210
2,2,0.000244140625,32.0,137,210
2,2,0.000244140625,128.0,137,210
2,2,0.000244140625,512.0,137,210
2,2,0.000244140625,2048.0,137,210
2,2,0.000244140625,8192.0,137,210
2,2,0.000244140625,32768.0,137,210
2,2,0.0009765625,0.03125,68,210
2,2,0.0009765625,0.125,68,210
2,2,0.0009765625,0.5,73,210
2,2,0.0009765625,2.0,150,210
2,2,0.0009765625,8.0,150,210
2,2,0.0009765625,32.0,150,210
2,2,0.0009765625,128.0,150,210
2,2,0.0009765625,512.0,150,210
2,2,0.0009765625,2048.0,150,210
2,2,0.0009765625,8192.0,150,210
2,2,0.0009765625,32768.0,150,210
2,2,0.00390625,0.03125,77,210
2,2,0.00390625,0.125,77,210
2,2,0.00390625,0.5,93,210
2,2,0.00390625,2.0,174,210
2,2,0.00390625,8.0,174,210
2,2,0.00390625,32.0,174,210
2,2,0.00390625,128.0,174,210
2,2,0.00390625,512.0,174,210
2,2,0.00390625,2048.0,174,210
2,2,0.00390625,8192.0,174,210
2,2,0.00390625,32768.0,174,210
2,2,0.015625,0.03125,80,210
2,2,0.015625,0.125,80,210
2,2,0.015625,0.5,134,210
2,2,0.015625,2.0,191,210
2,2,0.015625,8.0,192,210
2,2,0.015625,32.0,192,210
2,2,0.015625,128.0,192,210
2,2,0.015625,512.0,192,210
2,2,0.015625,2048.0,192,210
2,2,0.015625,8192.0,192,210
2,2,0.015625,32768.0,192,210
2,2,0.0625,0.03125,81,210
2,2,0.0625,0.125,81,210
2,2,0.0625,0.5,159,210
2,2,0.0625,2.0,195,210
2,2,0.0625,8.0,199,210
2,2,0.0625,32.0,199,210
2,2,0.0625,128.0,199,210
2,2,0.0625,512.0,199,210
2,2,0.0625,2048.0,199,210
2,2,0.0625,8192.0,199,210
2,2,0.0625,32768.0,199,210
2,2,0.25,0.03125,83,210
2,2,0.25,0.125,83,210
2,2,0.25,0.5,134,210
2,2,0.25,2.0,191,210
2,2,0.25,8.0,198,210
2,2,0.25,32.0,198,210
2,2,0.25,128.0,198,210
2,2,0.25,512.0,198,210
2,2,0.25,2048.0,198,210
2,2,0.25,8192.0,198,210
2,2,0.25,32768.0,198,210
2,2,1.0,0.03125,80,210
2,2,1.0,0.125,82,210
2,2,1.0,0.5,117,210
2,2,1.0,2.0,179,210
2,2,1.0,8.0,193,210
2,2,1.0,32.0,197,210
2,2,1.0,128.0,197,210
2,2,1.0,512.0,197,210
2,2,1.0,2048.0,197,210
2,2,1.0,8192.0,197,210
2,2,1.0,32768.0,197,210
2,2,4.0,0.03125,74,210
2,2,4.0,0.125,77,210
2,2,4.0,0.5,109,210
2,2,4.0,2.0,151,210
2,2,4.0,8.0,182,210
2,2,4.0,32.0,190,210
2,2,4.0,128.0,187,210
2,2,4.0,512.0,188,210
2,2,4.0,2048.0,188,210
2,2,4.0,8192.0,188,210
2,2,4.0,32768.0,188,210
2,2,16.0,0.03125,67,210
2,2,16.0,0.125,67,210
2,2,16.0,0.5,84,210
2,2,16.0,2.0,113,210
2,2,16.0,8.0,126,210
2,2,16.0,32.0,142,210
2,2,16.0,128.0,170,210
2,2,16.0,512.0,172,210
2,2,16.0,2048.0,169,210
2,2,16.0,8192.0,169,210
2,2,16.0,32768.0,169,210
2,2,64.0,0.03125,66,210
2,2,64.0,0.125,66,210
2,2,64.0,0.5,79,210
2,2,64.0,2.0,87,210
2,2,64.0,8.0,121,210
2,2,64.0,32.0,137,210
2,2,64.0,128.0,152,210
2,2,64.0,512.0,158,210
2,2,64.0,2048.0,160,210
2,2,64.0,8192.0,158,210
2,2,64.0,32768.0,158,210
2,2,256.0,0.03125,51,210
2,2,256.0,0.125,51,210
2,2,256.0,0.5,54,210
2,2,256.0,2.0,67,210
2,2,256.0,8.0,84,210
2,2,256.0,32.0,127,210
2,2,256.0,128.0,138,210
2,2,256.0,512.0,147,210
2,2,256.0,2048.0,156,210
2,2,256.0,8192.0,160,210
2,2,256.0,32768.0,160,210
2,2,1024.0,0.03125,41,210
2,2,1024.0,0.125,41,210
2,2,1024.0,0.5,41,210
2,2,1024.0,2.0,53,210
2,2,1024.0,8.0,55,210
2,2,1024.0,32.0,62,210
2,2,1024.0,128.0,83,210
2,2,1024.0,512.0,116,210
2,2,1024.0,2048.0,130,210
2,2,1024.0,8192.0,134,210
2,2,1024.0,32768.0,140,210
2,2,4096.0,0.03125,41,210
2,2,4096.0,0.125,41,210
2,2,4096.0,0.5,41,210
2,2,4096.0,2.0,41,210
2,2,4096.0,8.0,42,210
2,2,4096.0,32.0,51,210
2,2,4096.0,128.0,59,210
2,2,4096.0,512.0,69,210
2,2,4096.0,2048.0,81,210
2,2,4096.0,8192.0,111,210
2,2,4096.0,32768.0,113,210
2,2,16384.0,0.03125,43,210
2,2,16384.0,0.125,43,210
2,2,16384.0,0.5,43,210
2,2,16384.0,2.0,43,210
2,2,16384.0,8.0,43,210
2,2,16384.0,32.0,44,210
2,2,16384.0,128.0,52,210
2,2,16384.0,512.0,54,210
2,2,16384.0,2048.0,58,210
2,2,16384.0,8192.0,67,210
2,2,16384.0,32768.0,81,210
2,2,65536.0,0.03125,40,210
2,2,65536.0,0.125,40,210
2,2,65536.0,0.5,40,210
2,2,65536.0,2.0,40,210
2,2,65536.0,8.0,40,210
2,2,65536.0,32.0,40,210
2,2,65536.0,128.0,41,210
2,2,65536.0,512.0,48,210
2,2,65536.0,2048.0,47,210
2,2,65536.0,8192.0,56,210
2,2,65536.0,32768.0,61,210
2,3,0.000244140625,0.03125,66,210
2,3,0.000244140625,0.125,66,210
2,3,0.000244140625,0.5,75,210
2,3,0.000244140625,2.0,133,210
2,3,0.000244140625,8.0,133,210
2,3,0.000244140625,32.0,133,210
2,3,0.000244140625,128.0,133,210
2,3,0.000244140625,512.0,133,210
2,3,0.000244140625,2048.0,133,210
2,3,0.000244140625,8192.0,133,210
2,3,0.000244140625,32768.0,133,210
2,3,0.0009765625,0.03125,70,210
2,3,0.0009765625,0.125,70,210
2,3,0.0009765625,0.5,83,210
2,3,0.0009765625,2.0,142,210
2,3,0.0009765625,8.0,144,210
2,3,0.0009765625,32.0,144,210
2,3,0.0009765625,128.0,144,210
2,3,0.0009765625,512.0,144,210
2,3,0.0009765625,2048.0,144,210
2,3,0.0009765625,8192.0,144,210
2,3,0.0009765625,32768.0,144,210
2,3,0.00390625,0.03125,75,210
2,3,0.00390625,0.125,75,210
2,3,0.00390625,0.5,95,210
2,3,0.00390625,2.0,174,210
2,3,0.00390625,8.0,173,210
2,3,0.00390625,32.0,173,210
2,3,0.00390625,128.0,173,210
2,3,0.00390625,512.0,173,210
2,3,0.00390625,2048.0,173,210
2,3,0.00390625,8192.0,173,210
2,3,0.00390625,32768.0,173,210
2,3,0.015625,0.03125,85,210
2,3,0.015625,0.125,89,210
2,3,0.015625,0.5,139,210
2,3,0.015625,2.0,194,210
2,3,0.015625,8.0,196,210
2,3,0.015625,32.0,196,210
2,3,0.015625,128.0,196,210
2,3,0.015625,512.0,196,210
2,3,0.015625,2048.0,196,210
2,3,0.015625,8192.0,196,210
2,3,0.015625,32768.0,196,210
2,3,0.0625,0.03125,86,210
2,3,0.0625,0.125,97,210
2,3,0.0625,0.5,156,210
2,3,0.0625,2.0,199,210
2,3,0.0625,8.0,199,210
2,3,0.0625,32.0,199,210
2,3,0.0625,128.0,199,210
2,3,0.0625,512.0,199,210
2,3,0.0625,2048.0,199,210
2,3,0.0625,8192.0,199,210
2,3,0.0625,32768.0,199,210
2,3,0.25,0.03125,86,210
2,3,0.25,0.125,97,210
2,3,0.25,0.5,150,210
2,3,0.25,2.0,203,210
2,3,0.25,8.0,205,210
2,3,0.25,32.0,204,210
2,3,0.25,128.0,204,210
2,3,0.25,512.0,204,210
2,3,0.25,2048.0,204,210
2,3,0.25,8192.0,204,210
2,3,0.25,32768.0,204,210
2,3,1.0,0.03125,81,210
2,3,1.0,0.125,90,210
2,3,1.0,0.5,127,210
2,3,1.0,2.0,184,210
2,3,1.0,8.0,201,210
2,3,1.0,32.0,203,210
2,3,1.0,128.0,203,210
2,3,1.0,512.0,203,210
2,3,1.0,2048.0,203,210
2,3,1.0,8192.0,203,210
2,3,1.0,32768.0,203,210
2,3,4.0,0.03125,78,210
2,3,4.0,0.125,87,210
2,3,4.0,0.5,111,210
2,3,4.0,2.0,156,210
2,3,4.0,8.0,183,210
2,3,4.0,32.0,187,210
2,3,4.0,128.0,187,210
2,3,4.0,512.0,187,210
2,3,4.0,2048.0,187,210
2,3,4.0,8192.0,187,210
2,3,4.0,32768.0,187,210
2,3,16.0,0.03125,68,210
2,3,16.0,0.125,77,210
2,3,16.0,0.5,89,210
2,3,16.0,2.0,121,210
2,3,16.0,8.0,130,210
2,3,16.0,32.0,156,210
2,3,16.0,128.0,168,210
2,3,16.0,512.0,169,210
2,3,16.0,2048.0,170,210
2,3,16.0,8192.0,170,210
2,3,16.0,32768.0,170,210
2,3,64.0,0.03125,62,210
2,3,64.0,0.125,71,210
2,3,64.0,0.5,80,210
2,3,64.0,2.0,90,210
2,3,64.0,8.0,119,210
2,3,64.0,32.0,143,210
2,3,64.0,128.0,164,210
2,3,64.0,512.0,166,210
2,3,64.0,2048.0,166,210
2,3,64.0,8192.0,166,210
2,3,64.0,32768.0,166,210
2,3,256.0,0.03125,49,210
2,3,256.0,0.125,55,210
2,3,256.0,0.5,57,210
2,3,256.0,2.0,64,210
2,3,256.0,8.0,91,210
2,3,256.0,32.0,118,210
2,3,256.0,128.0,156,210
2,3,256.0,512.0,155,210
2,3,256.0,2048.0,155,210
2,3,256.0,8192.0,161,210
2,3,256.0,32768.0,156,210
2,3,1024.0,0.03125,40,210
2,3,1024.0,0.125,40,210
2,3,1024.0,0.5,40,210
2,3,1024.0,2.0,51,210
2,3,1024.0,8.0,55,210
2,3,1024.0,32.0,68,210
2,3,1024.0,128.0,84,210
2,3,1024.0,512.0,108,210
2,3,1024.0,2048.0,136,210
2,3,1024.0,8192.0,156,210
2,3,1024.0,32768.0,148,210
2,3,4096.0,0.03125,37,210
2,3,4096.0,0.125,37,210
2,3,4096.0,0.5,37,210
2,3,4096.0,2.0,37,210
2,3,4096.0,8.0,40,210
2,3,4096.0,32.0,50,210
2,3,4096.0,128.0,56,210
2,3,4096.0,512.0,67,210
2,3,4096.0,2048.0,80,210
2,3,4096.0,8192.0,96,210
2,3,4096.0,32768.0,103,210
2,3,16384.0,0.03125,33,210
2,3,16384.0,0.125,33,210
2,3,16384.0,0.5,33,210
2,3,16384.0,2.0,33,210
2,3,16384.0,8.0,33,210
2,3,16384.0,32.0,34,210
2,3,16384.0,128.0,50,210
2,3,16384.0,512.0,57,210
2,3,16384.0,2048.0,58,210
2,3,16384.0,8192.0,66,210
2,3,16384.0,32768.0,81,210
2,3,65536.0,0.03125,30,210
2,3,65536.0,0.125,30,210
2,3,65536.0,0.5,30,210
2,3,65536.0,2.0,30,210
2,3,65536.0,8.0,30,210
2,3,65536.0,32.0,30,210
2,3,65536.0,128.0,31,210
2,3,65536.0,512.0,40,210
2,3,65536.0,2048.0,49,210
2,3,65536.0,8192.0,54,210
2,3,65536.0,32768.0,56,210
2,4,0.000244140625,0.03125,67,210
2,4,0.000244140625,0.125,67,210
2,4,0.000244140625,0.5,68,210
2,4,0.000244140625,2.0,136,210
2,4,0.000244140625,8.0,136,210
2,4,0.000244140625,32.0,136,210
2,4,0.000244140625,128.0,136,210
2,4,0.000244140625,512.0,136,210
2,4,0.000244140625,2048.0,136,210
2,4,0.000244140625,8192.0,136,210
2,4,0.000244140625,32768.0,136,210
2,4,0.0009765625,0.03125,65,210
2,4,0.0009765625,0.125,65,210
2,4,0.0009765625,0.5,72,210
2,4,0.0009765625,2.0,155,210
2,4,0.0009765625,8.0,155,210
2,4,0.0009765625,32.0,155,210
2,4,0.0009765625,128.0,155,210
2,4,0.0009765625,512.0,155,210
2,4,0.0009765625,2048.0,155,210
2,4,0.0009765625,8192.0,155,210
2,4,0.0009765625,32768.0,155,210
2,4,0.00390625,0.03125,75,210
2,4,0.00390625,0.125,75,210
2,4,0.00390625,0.5,102,210
2,4,0.00390625,2.0,175,210
2,4,0.00390625,8.0,178,210
2,4,0.00390625,32.0,178,210
2,4,0.00390625,128.0,178,210
2,4,0.00390625,512.0,178,210
2,4,0.00390625,2048.0,178,210
2,4,0.00390625,8192.0,178,210
2,4,0.00390625,32768.0,178,210
2,4,0.015625,0.03125,81,210
2,4,0.015625,0.125,81,210
2,4,0.015625,0.5,137,210
2,4,0.015625,2.0,195,210
2,4,0.015625,8.0,196,210
2,4,0.015625,32.0,196,210
2,4,0.015625,128.0,196,210
2,4,0.015625,512.0,196,210
2,4,0.015625,2048.0,196,210
2,4,0.015625,8192.0,196,210
2,4,0.015625,32768.0,196,210
2,4,0.0625,0.03125,86,210
2,4,0.0625,0.125,86,210
2,4,0.0625,0.5,161,210
2,4,0.0625,2.0,203,210
2,4,0.0625,8.0,202,210
2,4,0.0625,32.0,202,210
2,4,0.0625,128.0,202,210
2,4,0.0625,512.0,202,210
2,4,0.0625,2048.0,202,210
2,4,0.0625,8192.0,202,210
2,4,0.0625,32768.0,202,210
2,4,0.25,0.03125,87,210
2,4,0.25,0.125,87,210
2,4,0.25,0.5,143,210
2,4,0.25,2.0,202,210
2,4,0.25,8.0,205,210
2,4,0.25,32.0,205,210
2,4,0.25,128.0,205,210
2,4,0.25,512.0,205,210
2,4,0.25,2048.0,205,210
2,4,0.25,8192.0,205,210
2,4,0.25,32768.0,205,210
2,4,1.0,0.03125,81,210
2,4,1.0,0.125,84,210
2,4,1.0,0.5,127,210
2,4,1.0,2.0,185,210
2,4,1.0,8.0,200,210
2,4,1.0,32.0,202,210
2,4,1.0,128.0,202,210
2,4,1.0,512.0,202,210
2,4,1.0,2048.0,202,210
2,4,1.0,8192.0,202,210
2,4,1.0,32768.0,202,210
2,4,4.0,0.03125,79,210
2,4,4.0,0.125,84,210
2,4,4.0,0.5,114,210
2,4,4.0,2.0,152,210
2,4,4.0,8.0,188,210
2,4,4.0,32.0,198,210
2,4,4.0,128.0,198,210
2,4,4.0,512.0,198,210
2,4,4.0,2048.0,198,210
2,4,4.0,8192.0,198,210
2,4,4.0,32768.0,198,210
2,4,16.0,0.03125,69,210
2,4,16.0,0.125,71,210
2,4,16.0,0.5,88,210
2,4,16.0,2.0,114,210
2,4,16.0,8.0,131,210
2,4,16.0,32.0,160,210
2,4,16.0,128.0,175,210
2,4,16.0,512.0,177,210
2,4,16.0,2048.0,174,210
2,4,16.0,8192.0,174,210
2,4,16.0,32768.0,174,210
2,4,64.0,0.03125,64,210
2,4,64.0,0.125,64,210
2,4,64.0,0.5,75,210
2,4,64.0,2.0,91,210
2,4,64.0,8.0,123,210
2,4,64.0,32.0,134,210
2,4,64.0,128.0,152,210
2,4,64.0,512.0,161,210
2,4,64.0,2048.0,155,210
2,4,64.0,8192.0,155,210
2,4,64.0,32768.0,155,210
2,4,256.0,0.03125,54,210
2,4,256.0,0.125,54,210
2,4,256.0,0.5,56,210
2,4,256.0,2.0,70,210
2,4,256.0,8.0,91,210
2,4,256.0,32.0,130,210
2,4,256.0,128.0,147,210
2,4,256.0,512.0,145,210
2,4,256.0,2048.0,159,210
2,4,256.0,8192.0,158,210
2,4,256.0,32768.0,164,210
2,4,1024.0,0.03125,43,210
2,4,1024.0,0.125,43,210
2,4,1024.0,0.5,43,210
2,4,1024.0,2.0,50,210
2,4,1024.0,8.0,58,210
2,4,1024.0,32.0,70,210
2,4,1024.0,128.0,90,210
2,4,1024.0,512.0,110,210
2,4,1024.0,2048.0,128,210
2,4,1024.0,8192.0,147,210
2,4,1024.0,32768.0,143,210
2,4,4096.0,0.03125,37,210
2,4,4096.0,0.125,37,210
2,4,4096.0,0.5,37,210
2,4,4096.0,2.0,37,210
2,4,4096.0,8.0,41,210
2,4,4096.0,32.0,55,210
2,4,4096.0,128.0,64,210
2,4,4096.0,512.0,72,210
2,4,4096.0,2048.0,91,210
2,4,4096.0,8192.0,104,210
2,4,4096.0,32768.0,107,210
2,4,16384.0,0.03125,30,210
2,4,16384.0,0.125,30,210
2,4,16384.0,0.5,30,210
2,4,16384.0,2.0,30,210
2,4,16384.0,8.0,30,210
2,4,16384.0,32.0,32,210
2,4,16384.0,128.0,44,210
2,4,16384.0,512.0,59,210
2,4,16384.0,2048.0,72,210
2,4,16384.0,8192.0,79,210
2,4,16384.0,32768.0,89,210
2,4,65536.0,0.03125,30,210
2,4,65536.0,0.125,30,210
2,4,65536.0,0.5,30,210
2,4,65536.0,2.0,30,210
2,4,65536.0,8.0,30,210
2,4,65536.0,32.0,30,210
2,4,65536.0,128.0,32,210
2,4,65536.0,512.0,43,210
2,4,65536.0,2048.0,50,210
2,4,65536.0,8192.0,63,210
2,4,65536.0,32768.0,73,210
2,5,0.000244140625,0.03125,67,210
2,5,0.000244140625,0.125,67,210
2,5,0.000244140625,0.5,76,210
2,5,0.000244140625,2.0,125,210
2,5,0.000244140625,8.0,125,210
2,5,0.000244140625,32.0,125,210
2,5,0.000244140625,128.0,125,210
2,5,0.000244140625,512.0,125,210
2,5,0.000244140625,2048.0,125,210
2,5,0.000244140625,8192.0,125,210
2,5,0.000244140625,32768.0,125,210
2,5,0.0009765625,0.03125,69,210
2,5,0.0009765625,0.125,69,210
2,5,0.0009765625,0.5,81,210
2,5,0.0009765625,2.0,138,210
2,5,0.0009765625,8.0,138,210
2,5,0.0009765625,32.0,138,210
2,5,0.0009765625,128.0,138,210
2,5,0.0009765625,512.0,138,210
2,5,0.0009765625,2048.0,138,210
2,5,0.0009765625,8192.0,138,210
2,5,0.0009765625,32768.0,138,210
2,5,0.00390625,0.03125,73,210
2,5,0.00390625,0.125,73,210
2,5,0.00390625,0.5,94,210
2,5,0.00390625,2.0,178,210
2,5,0.00390625,8.0,174,210
2,5,0.00390625,32.0,174,210
2,5,0.00390625,128.0,174,210
2,5,0.00390625,512.0,174,210
2,5,0.00390625,2048.0,174,210
2,5,0.00390625,8192.0,174,210
2,5,0.00390625,32768.0,174,210
2,5,0.015625,0.03125,78,210
2,5,0.015625,0.125,80,210
2,5,0.015625,0.5,127,210
2,5,0.015625,2.0,191,210
2,5,0.015625,8.0,191,210
2,5,0.015625,32.0,191,210
2,5,0.015625,128.0,191,210
2,5,0.015625,512.0,191,210
2,5,0.015625,2048.0,191,210
2,5,0.015625,8192.0,191,210
2,5,0.015625,32768.0,191,210
2,5,0.0625,0.03125,82,210
2,5,0.0625,0.125,92,210
2,5,0.0625,0.5,159,210
2,5,0.0625,2.0,201,210
2,5,0.0625,8.0,201,210
2,5,0.0625,32.0,201,210
2,5,0.0625,128.0,201,210
2,5,0.0625,512.0,201,210
2,5,0.0625,2048.0,201,210
2,5,0.0625,8192.0,201,210
2,5,0.0625,32768.0,201,210
2,5,0.25,0.03125,83,210
2,5,0.25,0.125,92,210
2,5,0.25,0.5,139,210
2,5,0.25,2.0,198,210
2,5,0.25,8.0,201,210
2,5,0.25,32.0,201,210
2,5,0.25,128.0,201,210
2,5,0.25,512.0,201,210
2,5,0.25,2048.0,201,210
2,5,0.25,8192.0,201,210
2,5,0.25,32768.0,201,210
2,5,1.0,0.03125,81,210
2,5,1.0,0.125,90,210
2,5,1.0,0.5,121,210
2,5,1.0,2.0,180,210
2,5,1.0,8.0,198,210
2,5,1.0,32.0,199,210
2,5,1.0,128.0,199,210
2,5,1.0,512.0,199,210
2,5,1.0,2048.0,199,210
2,5,1.0,8192.0,199,210
2,5,1.0,32768.0,199,210
2,5,4.0,0.03125,81,210
2,5,4.0,0.125,90,210
2,5,4.0,0.5,112,210
2,5,4.0,2.0,158,210
2,5,4.0,8.0,175,210
2,5,4.0,32.0,185,210
2,5,4.0,128.0,190,210
2,5,4.0,512.0,189,210
2,5,4.0,2048.0,189,210
2,5,4.0,8192.0,189,210
2,5,4.0,32768.0,189,210
2,5,16.0,0.03125,70,210
2,5,16.0,0.125,80,210
2,5,16.0,0.5,88,210
2,5,16.0,2.0,113,210
2,5,16.0,8.0,126,210
2,5,16.0,32.0,141,210
2,5,16.0,128.0,164,210
2,5,16.0,512.0,168,210
2,5,16.0,2048.0,168,210
2,5,16.0,8192.0,168,210
2,5,16.0,32768.0,168,210
2,5,64.0,0.03125,65,210
2,5,64.0,0.125,72,210
2,5,64.0,0.5,78,210
2,5,64.0,2.0,82,210
2,5,64.0,8.0,115,210
2,5,64.0,32.0,130,210
2,5,64.0,128.0,149,210
2,5,64.0,512.0,156,210
2,5,64.0,2048.0,154,210
2,5,64.0,8192.0,153,210
2,5,64.0,32768.0,153,210
2,5,256.0,0.03125,56,210
2,5,256.0,0.125,61,210
2,5,256.0,0.5,64,210
2,5,256.0,2.0,70,210
2,5,256.0,8.0,83,210
2,5,256.0,32.0,118,210
2,5,256.0,128.0,151,210
2,5,256.0,512.0,154,210
2,5,256.0,2048.0,155,210
2,5,256.0,8192.0,161,210
2,5,256.0,32768.0,160,210
2,5,1024.0,0.03125,40,210
2,5,1024.0,0.125,40,210
2,5,1024.0,0.5,42,210
2,5,1024.0,2.0,54,210
2,5,1024.0,8.0,55,210
2,5,1024.0,32.0,67,210
2,5,1024.0,128.0,72,210
2,5,1024.0,512.0,101,210
2,5,1024.0,2048.0,130,210
2,5,1024.0,8192.0,147,210
2,5,1024.0,32768.0,148,210
2,5,4096.0,0.03125,39,210
2,5,4096.0,0.125,39,210
2,5,4096.0,0.5,39,210
2,5,4096.0,2.0,39,210
2,5,4096.0,8.0,45,210
2,5,4096.0,32.0,55,210
2,5,4096.0,128.0,58,210
2,5,4096.0,512.0,63,210
2,5,4096.0,2048.0,75,210
2,5,4096.0,8192.0,96,210
2,5,4096.0,32768.0,109,210
2,5,16384.0,0.03125,32,210
2,5,16384.0,0.125,32,210
2,5,16384.0,0.5,32,210
2,5,16384.0,2.0,32,210
2,5,16384.0,8.0,32,210
2,5,16384.0,32.0,34,210
2,5,16384.0,128.0,47,210
2,5,16384.0,512.0,61,210
2,5,16384.0,2048.0,63,210
2,5,16384.0,8192.0,66,210
2,5,16384.0,32768.0,75,210
2,5,65536.0,0.03125,31,210
2,5,65536.0,0.125,31,210
2,5,65536.0,0.5,31,210
2,5,65536.0,2.0,31,210
2,5,65536.0,8.0,31,210
2,5,65536.0,32.0,31,210
2,5,65536.0,128.0,33,210
2,5,65536.0,512.0,44,210
2,5,65536.0,2048.0,52,210
2,5,65536.0,8192.0,59,210
2,5,65536.0,32768.0,62,210
2,6,0.000244140625,0.03125,72,210
2,6,0.000244140625,0.125,72,210
2,6,0.000244140625,0.5,79,210
2,6,0.000244140625,2.0,126,210
2,6,0.000244140625,8.0,126,210
2,6,0.000244140625,32.0,126,210
2,6,0.000244140625,128.0,126,210
2,6,0.000244140625,512.0,126,210
2,6,0.000244140625,2048.0,126,210
2,6,0.000244140625,8192.0,126,210
2,6,0.000244140625,32768.0,126,210
2,6,0.0009765625,0.03125,72,210
2,6,0.0009765625,0.125,72,210
2,6,0.0009765625,0.5,79,210
2,6,0.0009765625,2.0,139,210
2,6,0.0009765625,8.0,140,210
2,6,0.0009765625,32.0,140,210
2,6,0.0009765625,128.0,140,210
2,6,0.0009765625,512.0,140,210
2,6,0.0009765625,2048.0,140,210
2,6,0.0009765625,8192.0,140,210
2,6,0.0009765625,32768.0,140,210
2,6,0.00390625,0.03125,77,210
2,6,0.00390625,0.125,77,210
2,6,0.00390625,0.5,91,210
2,6,0.00390625,2.0,177,210
2,6,0.00390625,8.0,182,210
2,6,0.00390625,32.0,182,210
2,6,0.00390625,128.0,182,210
2,6,0.00390625,512.0,182,210
2,6,0.00390625,2048.0,182,210
2,6,0.00390625,8192.0,182,210
2,6,0.00390625,32768.0,182,210
2,6,0.015625,0.03125,81,210
2,6,0.015625,0.125,84,210
2,6,0.015625,0.5,121,210
2,6,0.015625,2.0,189,210
2,6,0.015625,8.0,193,210
2,6,0.015625,32.0,193,210
2,6,0.015625,128.0,193,210
2,6,0.015625,512.0,193,210
2,6,0.015625,2048.0,193,210
2,6,0.015625,8192.0,193,210
2,6,0.015625,32768.0,193,210
2,6,0.0625,0.03125,85,210
2,6,0.0625,0.125,93,210
2,6,0.0625,0.5,142,210
2,6,0.0625,2.0,200,210
2,6,0.0625,8.0,203,210
2,6,0.0625,32.0,203,210
2,6,0.0625,128.0,203,210
2,6,0.0625,512.0,203,210
2,6,0.0625,2048.0,203,210
2,6,0.0625,8192.0,203,210
2,6,0.0625,32768.0,203,210
2,6,0.25,0.03125,86,210
2,6,0.25,0.125,93,210
2,6,0.25,0.5,126,210
2,6,0.25,2.0,197,210
2,6,0.25,8.0,203,210
2,6,0.25,32.0,203,210
2,6,0.25,128.0,203,210
2,6,0.25,512.0,203,210
2,6,0.25,2048.0,203,210
2,6,0.25,8192.0,203,210
2,6,0.25,32768.0,203,210
2,6,1.0,0.03125,83,210
2,6,1.0,0.125,91,210
2,6,1.0,0.5,114,210
2,6,1.0,2.0,176,210
2,6,1.0,8.0,199,210
2,6,1.0,32.0,200,210
2,6,1.0,128.0,200,210
2,6,1.0,512.0,200,210
2,6,1.0,2048.0,200,210
2,6,1.0,8192.0,200,210
2,6,1.0,32768.0,200,210
2,6,4.0,0.03125,82,210
2,6,4.0,0.125,92,210
2,6,4.0,0.5,108,210
2,6,4.0,2.0,144,210
2,6,4.0,8.0,178,210
2,6,4.0,32.0,192,210
2,6,4.0,128.0,190,210
2,6,4.0,512.0,191,210
2,6,4.0,2048.0,191,210
2,6,4.0,8192.0,191,210
2,6,4.0,32768.0,191,210
2,6,16.0,0.03125,71,210
2,6,16.0,0.125,79,210
2,6,16.0,0.5,90,210
2,6,16.0,2.0,111,210
2,6,16.0,8.0,118,210
2,6,16.0,32.0,135,210
2,6,16.0,128.0,164,210
2,6,16.0,512.0,167,210
2,6,16.0,2048.0,168,210
2,6,16.0,8192.0,168,210
2,6,16.0,32768.0,168,210
2,6,64.0,0.03125,67,210
2,6,64.0,0.125,76,210
2,6,64.0,0.5,82,210
2,6,64.0,2.0,91,210
2,6,64.0,8.0,112,210
2,6,64.0,32.0,127,210
2,6,64.0,128.0,146,210
2,6,64.0,512.0,156,210
2,6,64.0,2048.0,159,210
2,6,64.0,8192.0,160,210
2,6,64.0,32768.0,160,210
2,6,256.0,0.03125,56,210
2,6,256.0,0.125,62,210
2,6,256.0,0.5,64,210
2,6,256.0,2.0,70,210
2,6,256.0,8.0,78,210
2,6,256.0,32.0,107,210
2,6,256.0,128.0,138,210
2,6,256.0,512.0,141,210
2,6,256.0,2048.0,148,210
2,6,256.0,8192.0,159,210
2,6,256.0,32768.0,155,210
2,6,1024.0,0.03125,44,210
2,6,1024.0,0.125,44,210
2,6,1024.0,0.5,44,210
2,6,1024.0,2.0,53,210
2,6,1024.0,8.0,53,210
2,6,1024.0,32.0,58,210
2,6,1024.0,128.0,79,210
2,6,1024.0,512.0,107,210
2,6,1024.0,2048.0,133,210
2,6,1024.0,8192.0,146,210
2,6,1024.0,32768.0,143,210
2,6,4096.0,0.03125,40,210
2,6,4096.0,0.125,40,210
2,6,4096.0,0.5,40,210
2,6,4096.0,2.0,40,210
2,6,4096.0,8.0,44,210
2,6,4096.0,32.0,53,210
2,6,4096.0,128.0,53,210
2,6,4096.0,512.0,61,210
2,6,4096.0,2048.0,75,210
2,6,4096.0,8192.0,89,210
2,6,4096.0,32768.0,111,210
2,6,16384.0,0.03125,34,210
2,6,16384.0,0.125,34,210
2,6,16384.0,0.5,34,210
2,6,16384.0,2.0,34,210
2,6,16384.0,8.0,34,210
2,6,16384.0,32.0,35,210
2,6,16384.0,128.0,52,210
2,6,16384.0,512.0,54,210
2,6,16384.0,2048.0,57,210
2,6,16384.0,8192.0,62,210
2,6,16384.0,32768.0,74,210
2,6,65536.0,0.03125,33,210
2,6,65536.0,0.125,33,210
2,6,65536.0,0.5,33,210
2,6,65536.0,2.0,33,210
2,6,65536.0,8.0,33,210
2,6,65536.0,32.0,33,210
2,6,65536.0,128.0,33,210
2,6,65536.0,512.0,44,210
2,6,65536.0,2048.0,47,210
2,6,65536.0,8192.0,52,210
2,6,65536.0,32768.0,57,210
2,7,0.000244140625,0.03125,67,210
2,7,0.000244140625,0.125,67,210
2,7,0.000244140625,0.5,70,210
2,7,0.000244140625,2.0,132,210
2,7,0.000244140625,8.0,132,210
2,7,0.000244140625,32.0,132,210
2,7,0.000244140625,128.0,132,210
2,7,0.000244140625,512.0,132,210
2,7,0.000244140625,2048.0,132,210
2,7,0.000244140625,8192.0,132,210
2,7,0.000244140625,32768.0,132,210
2,7,0.0009765625,0.03125,71,210
2,7,0.0009765625,0.125,71,210
2,7,0.0009765625,0.5,78,210
2,7,0.0009765625,2.0,150,210
2,7,0.0009765625,8.0,152,210
2,7,0.0009765625,32.0,152,210
2,7,0.0009765625,128.0,152,210
2,7,0.0009765625,512.0,152,210
2,7,0.0009765625,2048.0,152,210
2,7,0.0009765625,8192.0,152,210
2,7,0.0009765625,32768.0,152,210
2,7,0.00390625,0.03125,79,210
2,7,0.00390625,0.125,79,210
2,7,0.00390625,0.5,99,210
2,7,0.00390625,2.0,176,210
2,7,0.00390625,8.0,179,210
2,7,0.00390625,32.0,179,210
2,7,0.00390625,128.0,179,210
2,7,0.00390625,512.0,179,210
2,7,0.00390625,2048.0,179,210
2,7,0.00390625,8192.0,179,210
2,7,0.00390625,32768.0,179,210
2,7,0.015625,0.03125,81,210
2,7,0.015625,0.125,82,210
2,7,0.015625,0.5,131,210
2,7,0.015625,2.0,194,210
2,7,0.015625,8.0,198,210
2,7,0.015625,32.0,198,210
2,7,0.015625,128.0,198,210
2,7,0.015625,512.0,198,210
2,7,0.015625,2048.0,198,210
2,7,0.015625,8192.0,198,210
2,7,0.015625,32768.0,198,210
2,7,0.0625,0.03125,87,210
2,7,0.0625,0.125,88,210
2,7,0.0625,0.5,157,210
2,7,0.0625,2.0,198,210
2,7,0.0625,8.0,198,210
2,7,0.0625,32.0,198,210
2,7,0.0625,128.0,198,210
2,7,0.0625,512.0,198,210
2,7,0.0625,2048.0,198,210
2,7,0.0625,8192.0,198,210
2,7,0.0625,32768.0,198,210
2,7,0.25,0.03125,84,210
2,7,0.25,0.125,85,210
2,7,0.25,0.5,137,210
2,7,0.25,2.0,199,210
2,7,0.25,8.0,202,210
2,7,0.25,32.0,203,210
2,7,0.25,128.0,203,210
2,7,0.25,512.0,203,210
2,7,0.25,2048.0,203,210
2,7,0.25,8192.0,203,210
2,7,0.25,32768.0,203,210
2,7,1.0,0.03125,78,210
2,7,1.0,0.125,80,210
2,7,1.0,0.5,120,210
2,7,1.0,2.0,181,210
2,7,1.0,8.0,200,210
2,7,1.0,32.0,200,210
2,7,1.0,128.0,200,210
2,7,1.0,512.0,200,210
2,7,1.0,2048.0,200,210
2,7,1.0,8192.0,200,210
2,7,1.0,32768.0,200,210
2,7,4.0,0.03125,74,210
2,7,4.0,0.125,76,210
2,7,4.0,0.5,106,210
2,7,4.0,2.0,154,210
2,7,4.0,8.0,180,210
2,7,4.0,32.0,191,210
2,7,4.0,128.0,191,210
2,7,4.0,512.0,191,210
2,7,4.0,2048.0,191,210
2,7,4.0,8192.0,191,210
2,7,4.0,32768.0,191,210
2,7,16.0,0.03125,58,210
2,7,16.0,0.125,58,210
2,7,16.0,0.5,70,210
2,7,16.0,2.0,106,210
2,7,16.0,8.0,107,210
2,7,16.0,32.0,136,210
2,7,16.0,128.0,164,210
2,7,16.0,512.0,171,210
2,7,16.0,2048.0,168,210
2,7,16.0,8192.0,168,210
2,7,16.0,32768.0,168,210
2,7,64.0,0.03125,59,210
2,7,64.0,0.125,59,210
2,7,64.0,0.5,70,210
2,7,64.0,2.0,74,210
2,7,64.0,8.0,102,210
2,7,64.0,32.0,119,210
2,7,64.0,128.0,144,210
2,7,64.0,512.0,155,210
2,7,64.0,2048.0,151,210
2,7,64.0,8192.0,152,210
2,7,64.0,32768.0,152,210
2,7,256.0,0.03125,48,210
2,7,256.0,0.125,48,210
2,7,256.0,0.5,49,210
2,7,256.0,2.0,59,210
2,7,256.0,8.0,77,210
2,7,256.0,32.0,109,210
2,7,256.0,128.0,144,210
2,7,256.0,512.0,145,210
2,7,256.0,2048.0,154,210
2,7,256.0,8192.0,152,210
2,7,256.0,32768.0,154,210
2,7,1024.0,0.03125,42,210
2,7,1024.0,0.125,42,210
2,7,1024.0,0.5,42,210
2,7,1024.0,2.0,49,210
2,7,1024.0,8.0,53,210
2,7,1024.0,32.0,62,210
2,7,1024.0,128.0,69,210
2,7,1024.0,512.0,99,210
2,7,1024.0,2048.0,124,210
2,7,1024.0,8192.0,141,210
2,7,1024.0,32768.0,141,210
2,7,4096.0,0.03125,40,210
2,7,4096.0,0.125,40,210
2,7,4096.0,0.5,40,210
2,7,4096.0,2.0,40,210
2,7,4096.0,8.0,40,210
2,7,4096.0,32.0,53,210
2,7,4096.0,128.0,62,210
2,7,4096.0,512.0,67,210
2,7,4096.0,2048.0,77,210
2,7,4096.0,8192.0,100,210
2,7,4096.0,32768.0,103,210
2,7,16384.0,0.03125,30,210
2,7,16384.0,0.125,30,210
2,7,16384.0,0.5,30,210
2,7,16384.0,2.0,30,210
2,7,16384.0,8.0,30,210
2,7,16384.0,32.0,30,210
2,7,16384.0,128.0,47,210
2,7,16384.0,512.0,60,210
2,7,16384.0,2048.0,63,210
2,7,16384.0,8192.0,67,210
2,7,16384.0,32768.0,78,210
2,7,65536.0,0.03125,30,210
2,7,65536.0,0.125,30,210
2,7,65536.0,0.5,30,210
2,7,65536.0,2.0,30,210
2,7,65536.0,8.0,30,210
2,7,65536.0,32.0,30,210
2,7,65536.0,128.0,30,210
2,7,65536.0,512.0,40,210
2,7,65536.0,2048.0,51,210
2,7,65536.0,8192.0,52,210
2,7,65536.0,32768.0,61,210
2,8,0.000244140625,0.03125,63,210
2,8,0.000244140625,0.125,63,210
2,8,0.000244140625,0.5,64,210
2,8,0.000244140625,2.0,127,210
2,8,0.000244140625,8.0,127,210
2,8,0.000244140625,32.0,127,210
2,8,0.000244140625,128.0,127,210
2,8,0.000244140625,512.0,127,210
2,8,0.000244140625,2048.0,127,210
2,8,0.000244140625,8192.0,127,210
2,8,0.000244140625,32768.0,127,210
2,8,0.0009765625,0.03125,66,210
2,8,0.0009765625,0.125,66,210
2,8,0.0009765625,0.5,72,210
2,8,0.0009765625,2.0,141,210
2,8,0.0009765625,8.0,141,210
2,8,0.0009765625,32.0,141,210
2,8,0.0009765625,128.0,141,210
2,8,0.0009765625,512.0,141,210
2,8,0.0009765625,2048.0,141,210
2,8,0.0009765625,8192.0,141,210
2,8,0.0009765625,32768.0,141,210
2,8,0.00390625,0.03125,77,210
2,8,0.00390625,0.125,77,210
2,8,0.00390625,0.5,99,210
2,8,0.00390625,2.0,172,210
2,8,0.00390625,8.0,175,210
2,8,0.00390625,32.0,175,210
2,8,0.00390625,128.0,175,210
2,8,0.00390625,512.0,175,210
2,8,0.00390625,2048.0,175,210
2,8,0.00390625,8192.0,175,210
2,8,0.00390625,32768.0,175,210
2,8,0.015625,0.03125,81,210
2,8,0.015625,0.125,82,210
2,8,0.015625,0.5,136,210
2,8,0.015625,2.0,193,210
2,8,0.015625,8.0,194,210
2,8,0.015625,32.0,194,210
2,8,0.015625,128.0,194,210
2,8,0.015625,512.0,194,210
2,8,0.015625,2048.0,194,210
2,8,0.015625,8192.0,194,210
2,8,0.015625,32768.0,194,210
2,8,0.0625,0.03125,84,210
2,8,0.0625,0.125,85,210
2,8,0.0625,0.5,170,210
2,8,0.0625,2.0,198,210
2,8,0.0625,8.0,201,210
2,8,0.0625,32.0,201,210
2,8,0.0625,128.0,201,210
2,8,0.0625,512.0,201,210
2,8,0.0625,2048.0,201,210
2,8,0.0625,8192.0,201,210
2,8,0.0625,32768.0,201,210
2,8,0.25,0.03125,83,210
2,8,0.25,0.125,83,210
2,8,0.25,0.5,148,210
2,8,0.25,2.0,198,210
2,8,0.25,8.0,205,210
2,8,0.25,32.0,205,210
2,8,0.25,128.0,205,210
2,8,0.25,512.0,205,210
2,8,0.25,2048.0,205,210
2,8,0.25,8192.0,205,210
2,8,0.25,32768.0,205,210
2,8,1.0,0.03125,82,210
2,8,1.0,0.125,83,210
2,8,1.0,0.5,132,210
2,8,1.0,2.0,190,210
2,8,1.0,8.0,201,210
2,8,1.0,32.0,200,210
2,8,1.0,128.0,200,210
2,8,1.0,512.0,200,210
2,8,1.0,2048.0,200,210
2,8,1.0,8192.0,200,210
2,8,1.0,32768.0,200,210
2,8,4.0,0.03125,79,210
2,8,4.0,0.125,81,210
2,8,4.0,0.5,115,210
2,8,4.0,2.0,160,210
2,8,4.0,8.0,189,210
2,8,4.0,32.0,200,210
2,8,4.0,128.0,200,210
2,8,4.0,512.0,200,210
2,8,4.0,2048.0,200,210
2,8,4.0,8192.0,200,210
2,8,4.0,32768.0,200,210
2,8,16.0,0.03125,61,210
2,8,16.0,0.125,61,210
2,8,16.0,0.5,81,210
2,8,16.0,2.0,108,210
2,8,16.0,8.0,134,210
2,8,16.0,32.0,148,210
2,8,16.0,128.0,161,210
2,8,16.0,512.0,165,210
2,8,16.0,2048.0,164,210
2,8,16.0,8192.0,164,210
2,8,16.0,32768.0,164,210
2,8,64.0,0.03125,57,210
2,8,64.0,0.125,57,210
2,8,64.0,0.5,67,210
2,8,64.0,2.0,77,210
2,8,64.0,8.0,116,210
2,8,64.0,32.0,139,210
2,8,64.0,128.0,149,210
2,8,64.0,512.0,148,210
2,8,64.0,2048.0,155,210
2,8,64.0,8192.0,156,210
2,8,64.0,32768.0,156,210
2,8,256.0,0.03125,53,210
2,8,256.0,0.125,53,210
2,8,256.0,0.5,56,210
2,8,256.0,2.0,67,210
2,8,256.0,8.0,83,210
2,8,256.0,32.0,126,210
2,8,256.0,128.0,141,210
2,8,256.0,512.0,148,210
2,8,256.0,2048.0,156,210
2,8,256.0,8192.0,155,210
2,8,256.0,32768.0,151,210
2,8,1024.0,0.03125,43,210
2,8,1024.0,0.125,43,210
2,8,1024.0,0.5,43,210
2,8,1024.0,2.0,53,210
2,8,1024.0,8.0,57,210
2,8,1024.0,32.0,69,210
2,8,1024.0,128.0,91,210
2,8,1024.0,512.0,119,210
2,8,1024.0,2048.0,130,210
2,8,1024.0,8192.0,149,210
2,8,1024.0,32768.0,148,210
2,8,4096.0,0.03125,39,210
2,8,4096.0,0.125,39,210
2,8,4096.0,0.5,39,210
2,8,4096.0,2.0,39,210
2,8,4096.0,8.0,40,210
2,8,4096.0,32.0,53,210
2,8,4096.0,128.0,61,210
2,8,4096.0,512.0,70,210
2,8,4096.0,2048.0,94,210
2,8,4096.0,8192.0,108,210
2,8,4096.0,32768.0,115,210
2,8,16384.0,0.03125,34,210
2,8,16384.0,0.125,34,210
2,8,16384.0,0.5,34,210
2,8,16384.0,2.0,34,210
2,8,16384.0,8.0,34,210
2,8,16384.0,32.0,35,210
2,8,16384.0,128.0,43,210
2,8,16384.0,512.0,63,210
2,8,16384.0,2048.0,66,210
2,8,16384.0,8192.0,66,210
2,8,16384.0,32768.0,88,210
2,8,65536.0,0.03125,33,210
2,8,65536.0,0.125,33,210
2,8,65536.0,0.5,33,210
2,8,65536.0,2.0,33,210
2,8,65536.0,8.0,33,210
2,8,65536.0,32.0,33,210
2,8,65536.0,128.0,33,210
2,8,65536.0,512.0,37,210
2,8,65536.0,2048.0,48,210
2,8,65536.0,8192.0,61,210
2,8,65536.0,32768.0,64,210
2,9,0.000244140625,0.03125,63,210
2,9,0.000244140625,0.125,63,210
2,9,0.000244140625,0.5,66,210
2,9,0.000244140625,2.0,131,210
2,9,0.000244140625,8.0,131,210
2,9,0.000244140625,32.0,131,210
2,9,0.000244140625,128.0,131,210
2,9,0.000244140625,512.0,131,210
2,9,0.000244140625,2048.0,131,210
2,9,0.000244140625,8192.0,131,210
2,9,0.000244140625,32768.0,131,210
2,9,0.0009765625,0.03125,68,210
2,9,0.0009765625,0.125,68,210
2,9,0.0009765625,0.5,70,210
2,9,0.0009765625,2.0,145,210
2,9,0.0009765625,8.0,145,210
2,9,0.0009765625,32.0,145,210
2,9,0.0009765625,128.0,145,210
2,9,0.0009765625,512.0,145,210
2,9,0.0009765625,2048.0,145,210
2,9,0.0009765625,8192.0,145,210
2,9,0.0009765625,32768.0,145,210
2,9,0.00390625,0.03125,76,210
2,9,0.00390625,0.125,76,210
2,9,0.00390625,0.5,90,210
2,9,0.00390625,2.0,167,210
2,9,0.00390625,8.0,170,210
2,9,0.00390625,32.0,170,210
2,9,0.00390625,128.0,170,210
2,9,0.00390625,512.0,170,210
2,9,0.00390625,2048.0,170,210
2,9,0.00390625,8192.0,170,210
2,9,0.00390625,32768.0,170,210
2,9,0.015625,0.03125,80,210
2,9,0.015625,0.125,80,210
2,9,0.015625,0.5,132,210
2,9,0.015625,2.0,193,210
2,9,0.015625,8.0,194,210
2,9,0.015625,32.0,194,210
2,9,0.015625,128.0,194,210
2,9,0.015625,512.0,194,210
2,9,0.015625,2048.0,194,210
2,9,0.015625,8192.0,194,210
2,9,0.015625,32768.0,194,210
2,9,0.0625,0.03125,83,210
2,9,0.0625,0.125,85,210
2,9,0.0625,0.5,151,210
2,9,0.0625,2.0,200,210
2,9,0.0625,8.0,199,210
2,9,0.0625,32.0,199,210
2,9,0.0625,128.0,199,210
2,9,0.0625,512.0,199,210
2,9,0.0625,2048.0,199,210
2,9,0.0625,8192.0,199,210
2,9,0.0625,32768.0,199,210
2,9,0.25,0.03125,85,210
2,9,0.25,0.125,87,210
2,9,0.25,0.5,145,210
2,9,0.25,2.0,199,210
2,9,0.25,8.0,200,210
2,9,0.25,32.0,200,210
2,9,0.25,128.0,200,210
2,9,0.25,512.0,200,210
2,9,0.25,2048.0,200,210
2,9,0.25,8192.0,200,210
2,9,0.25,32768.0,200,210
2,9,1.0,0.03125,82,210
2,9,1.0,0.125,82,210
2,9,1.0,0.5,129,210
2,9,1.0,2.0,184,210
2,9,1.0,8.0,197,210
2,9,1.0,32.0,199,210
2,9,1.0,128.0,198,210
2,9,1.0,512.0,198,210
2,9,1.0,2048.0,198,210
2,9,1.0,8192.0,198,210
2,9,1.0,32768.0,198,210
2,9,4.0,0.03125,82,210
2,9,4.0,0.125,87,210
2,9,4.0,0.5,117,210
2,9,4.0,2.0,156,210
2,9,4.0,8.0,185,210
2,9,4.0,32.0,195,210
2,9,4.0,128.0,194,210
2,9,4.0,512.0,193,210
2,9,4.0,2048.0,193,210
2,9,4.0,8192.0,193,210
2,9,4.0,32768.0,193,210
2,9,16.0,0.03125,72,210
2,9,16.0,0.125,72,210
2,9,16.0,0.5,87,210
2,9,16.0,2.0,126,210
2,9,16.0,8.0,132,210
2,9,16.0,32.0,158,210
2,9,16.0,128.0,172,210
2,9,16.0,512.0,169,210
2,9,16.0,2048.0,169,210
2,9,16.0,8192.0,169,210
2,9,16.0,32768.0,169,210
2,9,64.0,0.03125,67,210
2,9,64.0,0.125,67,210
2,9,64.0,0.5,79,210
2,9,64.0,2.0,91,210
2,9,64.0,8.0,116,210
2,9,64.0,32.0,141,210
2,9,64.0,128.0,152,210
2,9,64.0,512.0,157,210
2,9,64.0,2048.0,149,210
2,9,64.0,8192.0,151,210
2,9,64.0,32768.0,151,210
2,9,256.0,0.03125,55,210
2,9,256.0,0.125,55,210
2,9,256.0,0.5,55,210
2,9,256.0,2.0,71,210
2,9,256.0,8.0,90,210
2,9,256.0,32.0,127,210
2,9,256.0,128.0,142,210
2,9,256.0,512.0,151,210
2,9,256.0,2048.0,149,210
2,9,256.0,8192.0,153,210
2,9,256.0,32768.0,155,210
2,9,1024.0,0.03125,42,210
2,9,1024.0,0.125,42,210
2,9,1024.0,0.5,42,210
2,9,1024.0,2.0,47,210
2,9,1024.0,8.0,58,210
2,9,1024.0,32.0,67,210
2,9,1024.0,128.0,89,210
2,9,1024.0,512.0,115,210
2,9,1024.0,2048.0,131,210
2,9,1024.0,8192.0,146,210
2,9,1024.0,32768.0,143,210
2,9,4096.0,0.03125,37,210
2,9,4096.0,0.125,37,210
2,9,4096.0,0.5,37,210
2,9,4096.0,2.0,37,210
2,9,4096.0,8.0,37,210
2,9,4096.0,32.0,53,210
2,9,4096.0,128.0,59,210
2,9,4096.0,512.0,62,210
2,9,4096.0,2048.0,75,210
2,9,4096.0,8192.0,91,210
2,9,4096.0,32768.0,110,210
2,9,16384.0,0.03125,31,210
2,9,16384.0,0.125,31,210
2,9,16384.0,0.5,31,210
2,9,16384.0,2.0,31,210
2,9,16384.0,8.0,31,210
2,9,16384.0,32.0,31,210
2,9,16384.0,128.0,49,210
2,9,16384.0,512.0,60,210
2,9,16384.0,2048.0,61,210
2,9,16384.0,8192.0,64,210
2,9,16384.0,32768.0,73,210
2,9,65536.0,0.03125,25,210
2,9,65536.0,0.125,25,210
2,9,65536.0,0.5,25,210
2,9,65536.0,2.0,25,210
2,9,65536.0,8.0,25,210
2,9,65536.0,32.0,25,210
2,9,65536.0,128.0,25,210
2,9,65536.0,512.0,40,210
2,9,65536.0,2048.0,49,210
2,9,65536.0,8192.0,55,210
2,9,65536.0,32768.0,58,210
2,10,0.000244140625,0.03125,63,210
2,10,0.000244140625,0.125,63,210
2,10,0.000244140625,0.5,65,210
2,10,0.000244140625,2.0,130,210
2,10,0.000244140625,8.0,130,210
2,10,0.000244140625,32.0,130,210
2,10,0.000244140625,128.0,130,210
2,10,0.000244140625,512.0,130,210
2,10,0.000244140625,2048.0,130,210
2,10,0.000244140625,8192.0,130,210
2,10,0.000244140625,32768.0,130,210
2,10,0.0009765625,0.03125,67,210
2,10,0.0009765625,0.125,67,210
2,10,0.0009765625,0.5,73,210
2,10,0.0009765625,2.0,156,210
2,10,0.0009765625,8.0,155,210
2,10,0.0009765625,32.0,155,210
2,10,0.0009765625,128.0,155,210
2,10,0.0009765625,512.0,155,210
2,10,0.0009765625,2048.0,155,210
2,10,0.0009765625,8192.0,155,210
2,10,0.0009765625,32768.0,155,210
2,10,0.00390625,0.03125,73,210
2,10,0.00390625,0.125,73,210
2,10,0.00390625,0.5,95,210
2,10,0.00390625,2.0,167,210
2,10,0.00390625,8.0,169,210
2,10,0.00390625,32.0,169,210
2,10,0.00390625,128.0,169,210
2,10,0.00390625,512.0,169,210
2,10,0.00390625,2048.0,169,210
2,10,0.00390625,8192.0,169,210
2,10,0.00390625,32768.0,169,210
2,10,0.015625,0.03125,83,210
2,10,0.015625,0.125,83,210
2,10,0.015625,0.5,141,210
2,10,0.015625,2.0,191,210
2,10,0.015625,8.0,192,210
2,10,0.015625,32.0,192,210
2,10,0.015625,128.0,192,210
2,10,0.015625,512.0,192,210
2,10,0.015625,2048.0,192,210
2,10,0.015625,8192.0,192,210
2,10,0.015625,32768.0,192,210
2,10,0.0625,0.03125,84,210
2,10,0.0625,0.125,85,210
2,10,0.0625,0.5,149,210
2,10,0.0625,2.0,194,210
2,10,0.0625,8.0,200,210
2,10,0.0625,32.0,200,210
2,10,0.0625,128.0,200,210
2,10,0.0625,512.0,200,210
2,10,0.0625,2048.0,200,210
2,10,0.0625,8192.0,200,210
2,10,0.0625,32768.0,200,210
2,10,0.25,0.03125,85,210
2,10,0.25,0.125,86,210
2,10,0.25,0.5,138,210
2,10,0.25,2.0,194,210
2,10,0.25,8.0,201,210
2,10,0.25,32.0,201,210
2,10,0.25,128.0,201,210
2,10,0.25,512.0,201,210
2,10,0.25,2048.0,201,210
2,10,0.25,8192.0,201,210
2,10,0.25,32768.0,201,210
2,10,1.0,0.03125,84,210
2,10,1.0,0.125,90,210
2,10,1.0,0.5,125,210
2,10,1.0,2.0,179,210
2,10,1.0,8.0,200,210
2,10,1.0,32.0,200,210
2,10,1.0,128.0,200,210
2,10,1.0,512.0,200,210
2,10,1.0,2048.0,200,210
2,10,1.0,8192.0,200,210
2,10,1.0,32768.0,200,210
2,10,4.0,0.03125,80,210
2,10,4.0,0.125,85,210
2,10,4.0,0.5,109,210
2,10,4.0,2.0,158,210
2,10,4.0,8.0,177,210
2,10,4.0,32.0,190,210
2,10,4.0,128.0,191,210
2,10,4.0,512.0,191,210
2,10,4.0,2048.0,191,210
2,10,4.0,8192.0,191,210
2,10,4.0,32768.0,191,210
2,10,16.0,0.03125,70,210
2,10,16.0,0.125,72,210
2,10,16.0,0.5,87,210
2,10,16.0,2.0,112,210
2,10,16.0,8.0,131,210
2,10,16.0,32.0,142,210
2,10,16.0,128.0,158,210
2,10,16.0,512.0,158,210
2,10,16.0,2048.0,159,210
2,10,16.0,8192.0,159,210
2,10,16.0,32768.0,159,210
2,10,64.0,0.03125,68,210
2,10,64.0,0.125,68,210
2,10,64.0,0.5,77,210
2,10,64.0,2.0,93,210
2,10,64.0,8.0,124,210
2,10,64.0,32.0,140,210
2,10,64.0,128.0,148,210
2,10,64.0,512.0,148,210
2,10,64.0,2048.0,147,210
2,10,64.0,8192.0,152,210
2,10,64.0,32768.0,152,210
2,10,256.0,0.03125,54,210
2,10,256.0,0.125,54,210
2,10,256.0,0.5,56,210
2,10,256.0,2.0,66,210
2,10,256.0,8.0,84,210
2,10,256.0,32.0,130,210
2,10,256.0,128.0,149,210
2,10,256.0,512.0,158,210
2,10,256.0,2048.0,153,210
2,10,256.0,8192.0,153,210
2,10,256.0,32768.0,157,210
2,10,1024.0,0.03125,46,210
2,10,1024.0,0.125,46,210
2,10,1024.0,0.5,46,210
2,10,1024.0,2.0,50,210
2,10,1024.0,8.0,57,210
2,10,1024.0,32.0,68,210
2,10,1024.0,128.0,84,210
2,10,1024.0,512.0,113,210
2,10,1024.0,2048.0,141,210
2,10,1024.0,8192.0,152,210
2,10,1024.0,32768.0,143,210
2,10,4096.0,0.03125,42,210
2,10,4096.0,0.125,42,210
2,10,4096.0,0.5,42,210
2,10,4096.0,2.0,42,210
2,10,4096.0,8.0,42,210
2,10,4096.0,32.0,51,210
2,10,4096.0,128.0,59,210
2,10,4096.0,512.0,72,210
2,10,4096.0,2048.0,90,210
2,10,4096.0,8192.0,105,210
2,10,4096.0,32768.0,114,210
2,10,16384.0,0.03125,34,210
2,10,16384.0,0.125,34,210
2,10,16384.0,0.5,34,210
2,10,16384.0,2.0,34,210
2,10,16384.0,8.0,34,210
2,10,16384.0,32.0,34,210
2,10,16384.0,128.0,43,210
2,10,16384.0,512.0,56,210
2,10,16384.0,2048.0,57,210
2,10,16384.0,8192.0,72,210
2,10,16384.0,32768.0,93,210
2,10,65536.0,0.03125,33,210
2,10,65536.0,0.125,33,210
2,10,65536.0,0.5,33,210
2,10,65536.0,2.0,33,210
2,10,65536.0,8.0,33,210
2,10,65536.0,32.0,33,210
2,10,65536.0,128.0,32,210
2,10,65536.0,512.0,43,210
2,10,65536.0,2048.0,48,210
2,10,65536.0,8192.0,52,210
2,10,65536.0,32768.0,58,210
10,1,0.000244140625,0.03125,83,210
10,1,0.000244140625,0.125,152,210
10,1,0.000244140625,0.5,184,210
10,1,0.000244140625,2.0,188,210
10,1,0.000244140625,8.0,187,210
10,1,0.000244140625,32.0,190,210
10,1,0.000244140625,128.0,189,210
10,1,0.000244140625,512.0,189,210
10,1,0.000244140625,2048.0,189,210
10,1,0.000244140625,8192.0,189,210
10,1,0.000244140625,32768.0,189,210
10,1,0.0009765625,0.03125,85,210
10,1,0.0009765625,0.125,149,210
10,1,0.0009765625,0.5,187,210
10,1,0.0009765625,2.0,193,210
10,1,0.0009765625,8.0,189,210
10,1,0.0009765625,32.0,190,210
10,1,0.0009765625,128.0,191,210
10,1,0.0009765625,512.0,192,210
10,1,0.0009765625,2048.0,192,210
10,1,0.0009765625,8192.0,192,210
10,1,0.0009765625,32768.0,192,210
10,1,0.00390625,0.03125,84,210
10,1,0.00390625,0.125,146,210
10,1,0.00390625,0.5,148,210
10,1,0.00390625,2.0,178,210
10,1,0.00390625,8.0,186,210
10,1,0.00390625,32.0,190,210
10,1,0.00390625,128.0,189,210
10,1,0.00390625,512.0,189,210
10,1,0.00390625,2048.0,188,210
10,1,0.00390625,8192.0,188,210
10,1,0.00390625,32768.0,187,210
10,1,0.015625,0.03125,79,210
10,1,0.015625,0.125,114,210
10,1,0.015625,0.5,137,210
10,1,0.015625,2.0,137,210
10,1,0.015625,8.0,159,210
10,1,0.015625,32.0,173,210
10,1,0.015625,128.0,182,210
10,1,0.015625,512.0,188,210
10,1,0.015625,2048.0,187,210
10,1,0.015625,8192.0,189,210
10,1,0.015625,32768.0,189,210
10,1,0.0625,0.03125,73,210
10,1,0.0625,0.125,81,210
10,1,0.0625,0.5,116,210
10,1,0.0625,2.0,131,210
10,1,0.0625,8.0,131,210
10,1,0.0625,32.0,141,210
10,1,0.0625,128.0,160,210
10,1,0.0625,512.0,172,210
10,1,0.0625,2048.0,180,210
10,1,0.0625,8192.0,186,210
10,1,0.0625,32768.0,185,210
10,1,0.25,0.03125,67,210
10,1,0.25,0.125,70,210
10,1,0.25,0.5,78,210
10,1,0.25,2.0,112,210
10,1,0.25,8.0,124,210
10,1,0.25,32.0,125,210
10,1,0.25,128.0,133,210
10,1,0.25,512.0,143,210
10,1,0.25,2048.0,162,210
10,1,0.25,8192.0,174,210
10,1,0.25,32768.0,183,210
10,1,1.0,0.03125,59,210
10,1,1.0,0.125,59,210
10,1,1.0,0.5,64,210
10,1,1.0,2.0,74,210
10,1,1.0,8.0,110,210
10,1,1.0,32.0,122,210
10,1,1.0,128.0,123,210
10,1,1.0,512.0,130,210
10,1,1.0,2048.0,137,210
10,1,1.0,8192.0,143,210
10,1,1.0,32768.0,161,210
10,1,4.0,0.03125,56,210
10,1,4.0,0.125,56,210
10,1,4.0,0.5,56,210
10,1,4.0,2.0,61,210
10,1,4.0,8.0,74,210
10,1,4.0,32.0,110,210
10,1,4.0,128.0,122,210
10,1,4.0,512.0,123,210
10,1,4.0,2048.0,130,210
10,1,4.0,8192.0,137,210
10,1,4.0,32768.0,141,210
10,1,16.0,0.03125,56,210
10,1,16.0,0.125,56,210
10,1,16.0,0.5,56,210
10,1,16.0,2.0,59,210
10,1,16.0,8.0,61,210
10,1,16.0,32.0,74,210
10,1,16.0,128.0,110,210
10,1,16.0,512.0,122,210
10,1,16.0,2048.0,123,210
10,1,16.0,8192.0,130,210
10,1,16.0,32768.0,137,210
10,1,64.0,0.03125,53,210
10,1,64.0,0.125,53,210
10,1,64.0,0.5,53,210
10,1,64.0,2.0,59,210
10,1,64.0,8.0,59,210
10,1,64.0,32.0,61,210
10,1,64.0,128.0,74,210
10,1,64.0,512.0,110,210
10,1,64.0,2048.0,122,210
10,1,64.0,8192.0,123,210
10,1,64.0,32768.0,130,210
10,1,256.0,0.03125,54,210
10,1,256.0,0.125,54,210
10,1,256.0,0.5,54,210
10,1,256.0,2.0,55,210
10,1,256.0,8.0,61,210
10,1,256.0,32.0,61,210
10,1,256.0,128.0,63,210
10,1,256.0,512.0,76,210
10,1,256.0,2048.0,111,210
10,1,256.0,8192.0,123,210
10,1,256.0,32768.0,124,210
10,1,1024.0,0.03125,52,210
10,1,1024.0,0.125,52,210
10,1,1024.0,0.5,52,210
10,1,1024.0,2.0,53,210
10,1,1024.0,8.0,53,210
10,1,1024.0,32.0,59,210
10,1,1024.0,128.0,59,210
10,1,1024.0,512.0,61,210
10,1,1024.0,2048.0,74,210
10,1,1024.0,8192.0,110,210
10,1,1024.0,32768.0,122,210
10,1,4096.0,0.03125,51,210
10,1,4096.0,0.125,51,210
10,1,4096.0,0.5,51,210
10,1,4096.0,2.0,52,210
10,1,4096.0,8.0,52,210
10,1,4096.0,32.0,52,210
10,1,4096.0,128.0,58,210
10,1,4096.0,512.0,58,210
10,1,4096.0,2048.0,60,210
10,1,4096.0,8192.0,73,210
10,1,4096.0,32768.0,111,210
10,1,16384.0,0.03125,53,210
10,1,16384.0,0.125,53,210
10,1,16384.0,0.5,53,210
10,1,16384.0,2.0,54,210
10,1,16384.0,8.0,54,210
10,1,16384.0,32.0,54,210
10,1,16384.0,128.0,54,210
10,1,16384.0,512.0,60,210
10,1,16384.0,2048.0,60,210
10,1,16384.0,8192.0,62,210
10,1,16384.0,32768.0,75,210
10,1,65536.0,0.03125,52,210
10,1,65536.0,0.125,52,210
10,1,65536.0,0.5,52,210
10,1,65536.0,2.0,53,210
10,1,65536.0,8.0,53,210
10,1,65536.0,32.0,53,210
10,1,65536.0,128.0,53,210
10,1,65536.0,512.0,53,210
10,1,65536.0,2048.0,59,210
10,1,65536.0,8192.0,59,210
10,1,65536.0,32768.0,61,210
10,2,0.000244140625,0.03125,84,210
10,2,0.000244140625,0.125,160,210
10,2,0.000244140625,0.5,188,210
10,2,0.000244140625,2.0,190,210
10,2,0.000244140625,8.0,187,210
10,2,0.000244140625,32.0,186,210
10,2,0.000244140625,128.0,185,210
10,2,0.000244140625,512.0,185,210
10,2,0.000244140625,2048.0,185,210
10,2,0.000244140625,8192.0,185,210
10,2,0.000244140625,32768.0,185,210
10,2,0.0009765625,0.03125,86,210
10,2,0.0009765625,0.125,155,210
10,2,0.0009765625,0.5,191,210
10,2,0.0009765625,2.0,196,210
10,2,0.0009765625,8.0,196,210
10,2,0.0009765625,32.0,195,210
10,2,0.0009765625,128.0,195,210
10,2,0.0009765625,512.0,193,210
10,2,0.0009765625,2048.0,192,210
10,2,0.0009765625,8192.0,192,210
10,2,0.0009765625,32768.0,192,210
10,2,0.00390625,0.03125,80,210
10,2,0.00390625,0.125,142,210
10,2,0.00390625,0.5,151,210
10,2,0.00390625,2.0,177,210
10,2,0.00390625,8.0,194,210
10,2,0.00390625,32.0,199,210
10,2,0.00390625,128.0,199,210
10,2,0.00390625,512.0,197,210
10,2,0.00390625,2048.0,197,210
10,2,0.00390625,8192.0,195,210
10,2,0.00390625,32768.0,192,210
10,2,0.015625,0.03125,75,210
10,2,0.015625,0.125,113,210
10,2,0.015625,0.5,134,210
10,2,0.015625,2.0,136,210
10,2,0.015625,8.0,160,210
10,2,0.015625,32.0,181,210
10,2,0.015625,128.0,189,210
10,2,0.015625,512.0,195,210
10,2,0.015625,2048.0,194,210
10,2,0.015625,8192.0,194,210
10,2,0.015625,32768.0,195,210
10,2,0.0625,0.03125,71,210
10,2,0.0625,0.125,77,210
10,2,0.0625,0.5,112,210
10,2,0.0625,2.0,125,210
10,2,0.0625,8.0,128,210
10,2,0.0625,32.0,138,210
10,2,0.0625,128.0,165,210
10,2,0.0625,512.0,179,210
10,2,0.0625,2048.0,190,210
10,2,0.0625,8192.0,196,210
10,2,0.0625,32768.0,195,210
10,2,0.25,0.03125,68,210
10,2,0.25,0.125,68,210
10,2,0.25,0.5,73,210
10,2,0.25,2.0,115,210
10,2,0.25,8.0,126,210
10,2,0.25,32.0,129,210
10,2,0.25,128.0,135,210
10,2,0.25,512.0,147,210
10,2,0.25,2048.0,167,210
10,2,0.25,8192.0,179,210
10,2,0.25,32768.0,189,210
10,2,1.0,0.03125,61,210
10,2,1.0,0.125,61,210
10,2,1.0,0.5,61,210
10,2,1.0,2.0,71,210
10,2,1.0,8.0,114,210
10,2,1.0,32.0,126,210
10,2,1.0,128.0,129,210
10,2,1.0,512.0,135,210
10,2,1.0,2048.0,144,210
10,2,1.0,8192.0,149,210
10,2,1.0,32768.0,168,210
10,2,4.0,0.03125,55,210
10,2,4.0,0.125,55,210
10,2,4.0,0.5,55,210
10,2,4.0,2.0,57,210
10,2,4.0,8.0,71,210
10,2,4.0,32.0,114,210
10,2,4.0,128.0,126,210
10,2,4.0,512.0,129,210
10,2,4.0,2048.0,135,210
10,2,4.0,8192.0,143,210
10,2,4.0,32768.0,146,210
10,2,16.0,0.03125,55,210
10,2,16.0,0.125,55,210
10,2,16.0,0.5,55,210
10,2,16.0,2.0,57,210
10,2,16.0,8.0,57,210
10,2,16.0,32.0,71,210
10,2,16.0,128.0,113,210
10,2,16.0,512.0,125,210
10,2,16.0,2048.0,128,210
10,2,16.0,8192.0,134,210
10,2,16.0,32768.0,143,210
10,2,64.0,0.03125,55,210
10,2,64.0,0.125,55,210
10,2,64.0,0.5,55,210
10,2,64.0,2.0,57,210
10,2,64.0,8.0,57,210
10,2,64.0,32.0,57,210
10,2,64.0,128.0,71,210
10,2,64.0,512.0,113,210
10,2,64.0,2048.0,125,210
10,2,64.0,8192.0,128,210
10,2,64.0,32768.0,134,210
10,2,256.0,0.03125,55,210
10,2,256.0,0.125,55,210
10,2,256.0,0.5,55,210
10,2,256.0,2.0,57,210
10,2,256.0,8.0,57,210
10,2,256.0,32.0,57,210
10,2,256.0,128.0,57,210
10,2,256.0,512.0,71,210
10,2,256.0,2048.0,114,210
10,2,256.0,8192.0,126,210
10,2,256.0,32768.0,129,210
10,2,1024.0,0.03125,55,210
10,2,1024.0,0.125,55,210
10,2,1024.0,0.5,55,210
10,2,1024.0,2.0,57,210
10,2,1024.0,8.0,57,210
10,2,1024.0,32.0,57,210
10,2,1024.0,128.0,57,210
10,2,1024.0,512.0,57,210
10,2,1024.0,2048.0,71,210
10,2,1024.0,8192.0,112,210
10,2,1024.0,32768.0,125,210
10,2,4096.0,0.03125,52,210
10,2,4096.0,0.125,52,210
10,2,4096.0,0.5,52,210
10,2,4096.0,2.0,54,210
10,2,4096.0,8.0,54,210
10,2,4096.0,32.0,54,210
10,2,4096.0,128.0,54,210
10,2,4096.0,512.0,54,210
10,2,4096.0,2048.0,54,210
10,2,4096.0,8192.0,68,210
10,2,4096.0,32768.0,108,210
10,2,16384.0,0.03125,54,210
10,2,16384.0,0.125,54,210
10,2,16384.0,0.5,54,210
10,2,16384.0,2.0,56,210
10,2,16384.0,8.0,56,210
10,2,16384.0,32.0,56,210
10,2,16384.0,128.0,56,210
10,2,16384.0,512.0,56,210
10,2,16384.0,2048.0,56,210
10,2,16384.0,8192.0,56,210
10,2,16384.0,32768.0,70,210
10,2,65536.0,0.03125,55,210
10,2,65536.0,0.125,55,210
10,2,65536.0,0.5,55,210
10,2,65536.0,2.0,57,210
10,2,65536.0,8.0,57,210
10,2,65536.0,32.0,57,210
10,2,65536.0,128.0,57,210
10,2,65536.0,512.0,57,210
10,2,65536.0,2048.0,57,210
10,2,65536.0,8192.0,57,210
10,2,65536.0,32768.0,57,210
10,3,0.000244140625,0.03125,81,210
10,3,0.000244140625,0.125,145,210
10,3,0.000244140625,0.5,187,210
10,3,0.000244140625,2.0,188,210
10,3,0.000244140625,8.0,189,210
10,3,0.000244140625,32.0,187,210
10,3,0.000244140625,128.0,185,210
10,3,0.000244140625,512.0,185,210
10,3,0.000244140625,2048.0,185,210
10,3,0.000244140625,8192.0,185,210
10,3,0.000244140625,32768.0,185,210
10,3,0.0009765625,0.03125,83,210
10,3,0.0009765625,0.125,148,210
10,3,0.0009765625,0.5,181,210
10,3,0.0009765625,2.0,193,210
10,3,0.0009765625,8.0,194,210
10,3,0.0009765625,32.0,194,210
10,3,0.0009765625,128.0,192,210
10,3,0.0009765625,512.0,192,210
10,3,0.0009765625,2048.0,191,210
10,3,0.0009765625,8192.0,189,210
10,3,0.0009765625,32768.0,189,210
10,3,0.00390625,0.03125,77,210
10,3,0.00390625,0.125,143,210
10,3,0.00390625,0.5,145,210
10,3,0.00390625,2.0,167,210
10,3,0.00390625,8.0,188,210
10,3,0.00390625,32.0,191,210
10,3,0.00390625,128.0,192,210
10,3,0.00390625,512.0,193,210
10,3,0.00390625,2048.0,192,210
10,3,0.00390625,8192.0,192,210
10,3,0.00390625,32768.0,193,210
10,3,0.015625,0.03125,70,210
10,3,0.015625,0.125,108,210
10,3,0.015625,0.5,135,210
10,3,0.015625,2.0,135,210
10,3,0.015625,8.0,152,210
10,3,0.015625,32.0,179,210
10,3,0.015625,128.0,190,210
10,3,0.015625,512.0,192,210
10,3,0.015625,2048.0,193,210
10,3,0.015625,8192.0,194,210
10,3,0.015625,32768.0,193,210
10,3,0.0625,0.03125,70,210
10,3,0.0625,0.125,81,210
10,3,0.0625,0.5,117,210
10,3,0.0625,2.0,129,210
10,3,0.0625,8.0,129,210
10,3,0.0625,32.0,139,210
10,3,0.0625,128.0,160,210
10,3,0.0625,512.0,178,210
10,3,0.0625,2048.0,189,210
10,3,0.0625,8192.0,191,210
10,3,0.0625,32768.0,189,210
10,3,0.25,0.03125,64,210
10,3,0.25,0.125,72,210
10,3,0.25,0.5,78,210
10,3,0.25,2.0,115,210
10,3,0.25,8.0,127,210
10,3,0.25,32.0,127,210
10,3,0.25,128.0,136,210
10,3,0.25,512.0,148,210
10,3,0.25,2048.0,159,210
10,3,0.25,8192.0,178,210
10,3,0.25,32768.0,189,210
10,3,1.0,0.03125,59,210
10,3,1.0,0.125,63,210
10,3,1.0,0.5,68,210
10,3,1.0,2.0,72,210
10,3,1.0,8.0,116,210
10,3,1.0,32.0,127,210
10,3,1.0,128.0,127,210
10,3,1.0,512.0,136,210
10,3,1.0,2048.0,142,210
10,3,1.0,8192.0,148,210
10,3,1.0,32768.0,159,210
10,3,4.0,0.03125,55,210
10,3,4.0,0.125,57,210
10,3,4.0,0.5,59,210
10,3,4.0,2.0,69,210
10,3,4.0,8.0,72,210
10,3,4.0,32.0,116,210
10,3,4.0,128.0,127,210
10,3,4.0,512.0,127,210
10,3,4.0,2048.0,136,210
10,3,4.0,8192.0,142,210
10,3,4.0,32768.0,144,210
10,3,16.0,0.03125,55,210
10,3,16.0,0.125,55,210
10,3,16.0,0.5,59,210
10,3,16.0,2.0,61,210
10,3,16.0,8.0,69,210
10,3,16.0,32.0,72,210
10,3,16.0,128.0,116,210
10,3,16.0,512.0,127,210
10,3,16.0,2048.0,127,210
10,3,16.0,8192.0,136,210
10,3,16.0,32768.0,142,210
10,3,64.0,0.03125,53,210
10,3,64.0,0.125,53,210
10,3,64.0,0.5,55,210
10,3,64.0,2.0,61,210
10,3,64.0,8.0,61,210
10,3,64.0,32.0,69,210
10,3,64.0,128.0,72,210
10,3,64.0,512.0,116,210
10,3,64.0,2048.0,127,210
10,3,64.0,8192.0,127,210
10,3,64.0,32768.0,136,210
10,3,256.0,0.03125,53,210
10,3,256.0,0.125,53,210
10,3,256.0,0.5,55,210
10,3,256.0,2.0,57,210
10,3,256.0,8.0,61,210
10,3,256.0,32.0,61,210
10,3,256.0,128.0,69,210
10,3,256.0,512.0,72,210
10,3,256.0,2048.0,116,210
10,3,256.0,8192.0,127,210
10,3,256.0,32768.0,127,210
10,3,1024.0,0.03125,53,210
10,3,1024.0,0.125,53,210
10,3,1024.0,0.5,55,210
10,3,1024.0,2.0,57,210
10,3,1024.0,8.0,57,210
10,3,1024.0,32.0,61,210
10,3,1024.0,128.0,61,210
10,3,1024.0,512.0,69,210
10,3,1024.0,2048.0,72,210
10,3,1024.0,8192.0,115,210
10,3,1024.0,32768.0,126,210
10,3,4096.0,0.03125,51,210
10,3,4096.0,0.125,51,210
10,3,4096.0,0.5,53,210
10,3,4096.0,2.0,55,210
10,3,4096.0,8.0,55,210
10,3,4096.0,32.0,55,210
10,3,4096.0,128.0,59,210
10,3,4096.0,512.0,59,210
10,3,4096.0,2048.0,67,210
10,3,4096.0,8192.0,70,210
10,3,4096.0,32768.0,113,210
10,3,16384.0,0.03125,51,210
10,3,16384.0,0.125,51,210
10,3,16384.0,0.5,53,210
10,3,16384.0,2.0,55,210
10,3,16384.0,8.0,55,210
10,3,16384.0,32.0,55,210
10,3,16384.0,128.0,55,210
10,3,16384.0,512.0,59,210
10,3,16384.0,2048.0,59,210
10,3,16384.0,8192.0,67,210
10,3,16384.0,32768.0,70,210
10,3,65536.0,0.03125,53,210
10,3,65536.0,0.125,53,210
10,3,65536.0,0.5,55,210
10,3,65536.0,2.0,57,210
10,3,65536.0,8.0,57,210
10,3,65536.0,32.0,57,210
10,3,65536.0,128.0,57,210
10,3,65536.0,512.0,57,210
10,3,65536.0,2048.0,61,210
10,3,65536.0,8192.0,61,210
10,3,65536.0,32768.0,69,210
10,4,0.000244140625,0.03125,81,210
10,4,0.000244140625,0.125,147,210
10,4,0.000244140625,0.5,181,210
10,4,0.000244140625,2.0,180,210
10,4,0.000244140625,8.0,179,210
10,4,0.000244140625,32.0,176,210
10,4,0.000244140625,128.0,177,210
10,4,0.000244140625,512.0,177,210
10,4,0.000244140625,2048.0,177,210
10,4,0.000244140625,8192.0,177,210
10,4,0.000244140625,32768.0,177,210
10,4,0.0009765625,0.03125,84,210
10,4,0.0009765625,0.125,143,210
10,4,0.0009765625,0.5,179,210
10,4,0.0009765625,2.0,188,210
10,4,0.0009765625,8.0,185,210
10,4,0.0009765625,32.0,183,210
10,4,0.0009765625,128.0,179,210
10,4,0.0009765625,512.0,177,210
10,4,0.0009765625,2048.0,178,210
10,4,0.0009765625,8192.0,177,210
10,4,0.0009765625,32768.0,178,210
10,4,0.00390625,0.03125,80,210
10,4,0.00390625,0.125,134,210
10,4,0.00390625,0.5,139,210
10,4,0.00390625,2.0,164,210
10,4,0.00390625,8.0,182,210
10,4,0.00390625,32.0,183,210
10,4,0.00390625,128.0,183,210
10,4,0.00390625,512.0,183,210
10,4,0.00390625,2048.0,181,210
10,4,0.00390625,8192.0,180,210
10,4,0.00390625,32768.0,175,210
10,4,0.015625,0.03125,74,210
10,4,0.015625,0.125,111,210
10,4,0.015625,0.5,123,210
10,4,0.015625,2.0,124,210
10,4,0.015625,8.0,153,210
10,4,0.015625,32.0,165,210
10,4,0.015625,128.0,181,210
10,4,0.015625,512.0,180,210
10,4,0.015625,2048.0,182,210
10,4,0.015625,8192.0,183,210
10,4,0.015625,32768.0,182,210
10,4,0.0625,0.03125,70,210
10,4,0.0625,0.125,86,210
10,4,0.0625,0.5,110,210
10,4,0.0625,2.0,119,210
10,4,0.0625,8.0,119,210
10,4,0.0625,32.0,138,210
10,4,0.0625,128.0,153,210
10,4,0.0625,512.0,162,210
10,4,0.0625,2048.0,178,210
10,4,0.0625,8192.0,179,210
10,4,0.0625,32768.0,182,210
10,4,0.25,0.03125,69,210
10,4,0.25,0.125,80,210
10,4,0.25,0.5,86,210
10,4,0.25,2.0,110,210
10,4,0.25,8.0,119,210
10,4,0.25,32.0,119,210
10,4,0.25,128.0,136,210
10,4,0.25,512.0,138,210
10,4,0.25,2048.0,151,210
10,4,0.25,8192.0,162,210
10,4,0.25,32768.0,178,210
10,4,1.0,0.03125,59,210
10,4,1.0,0.125,59,210
10,4,1.0,0.5,63,210
10,4,1.0,2.0,74,210
10,4,1.0,8.0,110,210
10,4,1.0,32.0,119,210
10,4,1.0,128.0,119,210
10,4,1.0,512.0,134,210
10,4,1.0,2048.0,136,210
10,4,1.0,8192.0,140,210
10,4,1.0,32768.0,152,210
10,4,4.0,0.03125,54,210
10,4,4.0,0.125,54,210
10,4,4.0,0.5,55,210
10,4,4.0,2.0,61,210
10,4,4.0,8.0,74,210
10,4,4.0,32.0,110,210
10,4,4.0,128.0,119,210
10,4,4.0,512.0,120,210
10,4,4.0,2048.0,134,210
10,4,4.0,8192.0,135,210
10,4,4.0,32768.0,137,210
10,4,16.0,0.03125,53,210
10,4,16.0,0.125,53,210
10,4,16.0,0.5,54,210
10,4,16.0,2.0,56,210
10,4,16.0,8.0,61,210
10,4,16.0,32.0,74,210
10,4,16.0,128.0,110,210
10,4,16.0,512.0,119,210
10,4,16.0,2048.0,120,210
10,4,16.0,8192.0,134,210
10,4,16.0,32768.0,135,210
10,4,64.0,0.03125,51,210
10,4,64.0,0.125,51,210
10,4,64.0,0.5,50,210
10,4,64.0,2.0,56,210
10,4,64.0,8.0,56,210
10,4,64.0,32.0,61,210
10,4,64.0,128.0,74,210
10,4,64.0,512.0,110,210
10,4,64.0,2048.0,119,210
10,4,64.0,8192.0,120,210
10,4,64.0,32768.0,134,210
10,4,256.0,0.03125,51,210
10,4,256.0,0.125,51,210
10,4,256.0,0.5,50,210
10,4,256.0,2.0,50,210
10,4,256.0,8.0,56,210
10,4,256.0,32.0,56,210
10,4,256.0,128.0,61,210
10,4,256.0,512.0,74,210
10,4,256.0,2048.0,110,210
10,4,256.0,8192.0,119,210
10,4,256.0,32768.0,120,210
10,4,1024.0,0.03125,51,210
10,4,1024.0,0.125,51,210
10,4,1024.0,0.5,50,210
10,4,1024.0,2.0,50,210
10,4,1024.0,8.0,50,210
10,4,1024.0,32.0,56,210
10,4,1024.0,128.0,56,210
10,4,1024.0,512.0,61,210
10,4,1024.0,2048.0,74,210
10,4,1024.0,8192.0,110,210
10,4,1024.0,32768.0,119,210
10,4,4096.0,0.03125,50,210
10,4,4096.0,0.125,50,210
10,4,4096.0,0.5,49,210
10,4,4096.0,2.0,49,210
10,4,4096.0,8.0,49,210
10,4,4096.0,32.0,49,210
10,4,4096.0,128.0,55,210
10,4,4096.0,512.0,55,210
10,4,4096.0,2048.0,60,210
10,4,4096.0,8192.0,73,210
10,4,4096.0,32768.0,109,210
10,4,16384.0,0.03125,52,210
10,4,16384.0,0.125,52,210
10,4,16384.0,0.5,51,210
10,4,16384.0,2.0,51,210
10,4,16384.0,8.0,51,210
10,4,16384.0,32.0,51,210
10,4,16384.0,128.0,51,210
10,4,16384.0,512.0,57,210
10,4,16384.0,2048.0,57,210
10,4,16384.0,8192.0,62,210
10,4,16384.0,32768.0,75,210
10,4,65536.0,0.03125,52,210
10,4,65536.0,0.125,52,210
10,4,65536.0,0.5,51,210
10,4,65536.0,2.0,51,210
10,4,65536.0,8.0,51,210
10,4,65536.0,32.0,51,210
10,4,65536.0,128.0,51,210
10,4,65536.0,512.0,51,210
10,4,65536.0,2048.0,57,210
10,4,65536.0,8192.0,57,210
10,4,65536.0,32768.0,62,210
10,5,0.000244140625,0.03125,77,210
10,5,0.000244140625,0.125,127,210
10,5,0.000244140625,0.5,176,210
10,5,0.000244140625,2.0,184,210
10,5,0.000244140625,8.0,181,210
10,5,0.000244140625,32.0,182,210
10,5,0.000244140625,128.0,182,210
10,5,0.000244140625,512.0,183,210
10,5,0.000244140625,2048.0,183,210
10,5,0.000244140625,8192.0,183,210
10,5,0.000244140625,32768.0,183,210
10,5,0.0009765625,0.03125,82,210
10,5,0.0009765625,0.125,127,210
10,5,0.0009765625,0.5,166,210
10,5,0.0009765625,2.0,190,210
10,5,0.0009765625,8.0,187,210
10,5,0.0009765625,32.0,187,210
10,5,0.0009765625,128.0,185,210
10,5,0.0009765625,512.0,186,210
10,5,0.0009765625,2048.0,185,210
10,5,0.0009765625,8192.0,184,210
10,5,0.0009765625,32768.0,184,210
10,5,0.00390625,0.03125,80,210
10,5,0.00390625,0.125,129,210
10,5,0.00390625,0.5,133,210
10,5,0.00390625,2.0,158,210
10,5,0.00390625,8.0,183,210
10,5,0.00390625,32.0,193,210
10,5,0.00390625,128.0,189,210
10,5,0.00390625,512.0,188,210
10,5,0.00390625,2048.0,188,210
10,5,0.00390625,8192.0,185,210
10,5,0.00390625,32768.0,185,210
10,5,0.015625,0.03125,74,210
10,5,0.015625,0.125,106,210
10,5,0.015625,0.5,123,210
10,5,0.015625,2.0,122,210
10,5,0.015625,8.0,148,210
10,5,0.015625,32.0,168,210
10,5,0.015625,128.0,180,210
10,5,0.015625,512.0,186,210
10,5,0.015625,2048.0,190,210
10,5,0.015625,8192.0,190,210
10,5,0.015625,32768.0,189,210
10,5,0.0625,0.03125,74,210
10,5,0.0625,0.125,91,210
10,5,0.0625,0.5,113,210
10,5,0.0625,2.0,121,210
10,5,0.0625,8.0,120,210
10,5,0.0625,32.0,132,210
10,5,0.0625,128.0,154,210
10,5,0.0625,512.0,166,210
10,5,0.0625,2048.0,179,210
10,5,0.0625,8192.0,186,210
10,5,0.0625,32768.0,186,210
10,5,0.25,0.03125,67,210
10,5,0.25,0.125,72,210
10,5,0.25,0.5,82,210
10,5,0.25,2.0,110,210
10,5,0.25,8.0,117,210
10,5,0.25,32.0,116,210
10,5,0.25,128.0,128,210
10,5,0.25,512.0,136,210
10,5,0.25,2048.0,153,210
10,5,0.25,8192.0,167,210
10,5,0.25,32768.0,179,210
10,5,1.0,0.03125,60,210
10,5,1.0,0.125,64,210
10,5,1.0,0.5,69,210
10,5,1.0,2.0,77,210
10,5,1.0,8.0,108,210
10,5,1.0,32.0,116,210
10,5,1.0,128.0,115,210
10,5,1.0,512.0,127,210
10,5,1.0,2048.0,132,210
10,5,1.0,8192.0,138,210
10,5,1.0,32768.0,154,210
10,5,4.0,0.03125,56,210
10,5,4.0,0.125,58,210
10,5,4.0,0.5,60,210
10,5,4.0,2.0,66,210
10,5,4.0,8.0,77,210
10,5,4.0,32.0,108,210
10,5,4.0,128.0,116,210
10,5,4.0,512.0,115,210
10,5,4.0,2048.0,127,210
10,5,4.0,8192.0,132,210
10,5,4.0,32768.0,134,210
10,5,16.0,0.03125,56,210
10,5,16.0,0.125,56,210
10,5,16.0,0.5,60,210
10,5,16.0,2.0,66,210
10,5,16.0,8.0,66,210
10,5,16.0,32.0,77,210
10,5,16.0,128.0,108,210
10,5,16.0,512.0,116,210
10,5,16.0,2048.0,115,210
10,5,16.0,8192.0,127,210
10,5,16.0,32768.0,131,210
10,5,64.0,0.03125,54,210
10,5,64.0,0.125,54,210
10,5,64.0,0.5,56,210
10,5,64.0,2.0,66,210
10,5,64.0,8.0,66,210
10,5,64.0,32.0,66,210
10,5,64.0,128.0,77,210
10,5,64.0,512.0,108,210
10,5,64.0,2048.0,116,210
10,5,64.0,8192.0,115,210
10,5,64.0,32768.0,127,210
10,5,256.0,0.03125,54,210
10,5,256.0,0.125,54,210
10,5,256.0,0.5,56,210
10,5,256.0,2.0,58,210
10,5,256.0,8.0,66,210
10,5,256.0,32.0,66,210
10,5,256.0,128.0,66,210
10,5,256.0,512.0,77,210
10,5,256.0,2048.0,108,210
10,5,256.0,8192.0,116,210
10,5,256.0,32768.0,115,210
10,5,1024.0,0.03125,55,210
10,5,1024.0,0.125,55,210
10,5,1024.0,0.5,57,210
10,5,1024.0,2.0,59,210
10,5,1024.0,8.0,59,210
10,5,1024.0,32.0,67,210
10,5,1024.0,128.0,67,210
10,5,1024.0,512.0,67,210
10,5,1024.0,2048.0,78,210
10,5,1024.0,8192.0,109,210
10,5,1024.0,32768.0,117,210
10,5,4096.0,0.03125,56,210
10,5,4096.0,0.125,56,210
10,5,4096.0,0.5,58,210
10,5,4096.0,2.0,60,210
10,5,4096.0,8.0,60,210
10,5,4096.0,32.0,60,210
10,5,4096.0,128.0,68,210
10,5,4096.0,512.0,68,210
10,5,4096.0,2048.0,68,210
10,5,4096.0,8192.0,79,210
10,5,4096.0,32768.0,110,210
10,5,16384.0,0.03125,56,210
10,5,16384.0,0.125,56,210
10,5,16384.0,0.5,58,210
10,5,16384.0,2.0,60,210
10,5,16384.0,8.0,60,210
10,5,16384.0,32.0,60,210
10,5,16384.0,128.0,60,210
10,5,16384.0,512.0,68,210
10,5,16384.0,2048.0,68,210
10,5,16384.0,8192.0,68,210
10,5,16384.0,32768.0,79,210
10,5,65536.0,0.03125,55,210
10,5,65536.0,0.125,55,210
10,5,65536.0,0.5,57,210
10,5,65536.0,2.0,59,210
10,5,65536.0,8.0,59,210
10,5,65536.0,32.0,59,210
10,5,65536.0,128.0,59,210
10,5,65536.0,512.0,59,210
10,5,65536.0,2048.0,67,210
10,5,65536.0,8192.0,67,210
10,5,65536.0,32768.0,67,210
10,6,0.000244140625,0.03125,80,210
10,6,0.000244140625,0.125,135,210
10,6,0.000244140625,0.5,185,210
10,6,0.000244140625,2.0,184,210
10,6,0.000244140625,8.0,185,210
10,6,0.000244140625,32.0,181,210
10,6,0.000244140625,128.0,182,210
10,6,0.000244140625,512.0,182,210
10,6,0.000244140625,2048.0,182,210
10,6,0.000244140625,8192.0,182,210
10,6,0.000244140625,32768.0,182,210
10,6,0.0009765625,0.03125,82,210
10,6,0.0009765625,0.125,131,210
10,6,0.0009765625,0.5,172,210
10,6,0.0009765625,2.0,192,210
10,6,0.0009765625,8.0,192,210
10,6,0.0009765625,32.0,188,210
10,6,0.0009765625,128.0,188,210
10,6,0.0009765625,512.0,187,210
10,6,0.0009765625,2048.0,188,210
10,6,0.0009765625,8192.0,188,210
10,6,0.0009765625,32768.0,188,210
10,6,0.00390625,0.03125,81,210
10,6,0.00390625,0.125,130,210
10,6,0.00390625,0.5,133,210
10,6,0.00390625,2.0,166,210
10,6,0.00390625,8.0,184,210
10,6,0.00390625,32.0,191,210
10,6,0.00390625,128.0,191,210
10,6,0.00390625,512.0,189,210
10,6,0.00390625,2048.0,188,210
10,6,0.00390625,8192.0,191,210
10,6,0.00390625,32768.0,191,210
10,6,0.015625,0.03125,75,210
10,6,0.015625,0.125,110,210
10,6,0.015625,0.5,123,210
10,6,0.015625,2.0,123,210
10,6,0.015625,8.0,153,210
10,6,0.015625,32.0,165,210
10,6,0.015625,128.0,183,210
10,6,0.015625,512.0,187,210
10,6,0.015625,2048.0,192,210
10,6,0.015625,8192.0,192,210
10,6,0.015625,32768.0,191,210
10,6,0.0625,0.03125,74,210
10,6,0.0625,0.125,93,210
10,6,0.0625,0.5,114,210
10,6,0.0625,2.0,122,210
10,6,0.0625,8.0,122,210
10,6,0.0625,32.0,142,210
10,6,0.0625,128.0,153,210
10,6,0.0625,512.0,166,210
10,6,0.0625,2048.0,182,210
10,6,0.0625,8192.0,186,210
10,6,0.0625,32768.0,187,210
10,6,0.25,0.03125,71,210
10,6,0.25,0.125,80,210
10,6,0.25,0.5,90,210
10,6,0.25,2.0,116,210
10,6,0.25,8.0,121,210
10,6,0.25,32.0,121,210
10,6,0.25,128.0,138,210
10,6,0.25,512.0,146,210
10,6,0.25,2048.0,153,210
10,6,0.25,8192.0,167,210
10,6,0.25,32768.0,183,210
10,6,1.0,0.03125,62,210
10,6,1.0,0.125,67,210
10,6,1.0,0.5,73,210
10,6,1.0,2.0,78,210
10,6,1.0,8.0,116,210
10,6,1.0,32.0,121,210
10,6,1.0,128.0,121,210
10,6,1.0,512.0,137,210
10,6,1.0,2048.0,143,210
10,6,1.0,8192.0,146,210
10,6,1.0,32768.0,155,210
10,6,4.0,0.03125,59,210
10,6,4.0,0.125,61,210
10,6,4.0,0.5,66,210
10,6,4.0,2.0,67,210
10,6,4.0,8.0,78,210
10,6,4.0,32.0,116,210
10,6,4.0,128.0,121,210
10,6,4.0,512.0,121,210
10,6,4.0,2048.0,137,210
10,6,4.0,8192.0,143,210
10,6,4.0,32768.0,144,210
10,6,16.0,0.03125,58,210
10,6,16.0,0.125,58,210
10,6,16.0,0.5,65,210
10,6,16.0,2.0,67,210
10,6,16.0,8.0,67,210
10,6,16.0,32.0,78,210
10,6,16.0,128.0,116,210
10,6,16.0,512.0,121,210
10,6,16.0,2048.0,121,210
10,6,16.0,8192.0,137,210
10,6,16.0,32768.0,143,210
10,6,64.0,0.03125,57,210
10,6,64.0,0.125,57,210
10,6,64.0,0.5,60,210
10,6,64.0,2.0,67,210
10,6,64.0,8.0,67,210
10,6,64.0,32.0,67,210
10,6,64.0,128.0,78,210
10,6,64.0,512.0,116,210
10,6,64.0,2048.0,121,210
10,6,64.0,8192.0,121,210
10,6,64.0,32768.0,137,210
10,6,256.0,0.03125,57,210
10,6,256.0,0.125,57,210
10,6,256.0,0.5,60,210
10,6,256.0,2.0,60,210
10,6,256.0,8.0,67,210
10,6,256.0,32.0,67,210
10,6,256.0,128.0,67,210
10,6,256.0,512.0,78,210
10,6,256.0,2048.0,116,210
10,6,256.0,8192.0,121,210
10,6,256.0,32768.0,121,210
10,6,1024.0,0.03125,57,210
10,6,1024.0,0.125,57,210
10,6,1024.0,0.5,60,210
10,6,1024.0,2.0,60,210
10,6,1024.0,8.0,60,210
10,6,1024.0,32.0,67,210
10,6,1024.0,128.0,67,210
10,6,1024.0,512.0,67,210
10,6,1024.0,2048.0,78,210
10,6,1024.0,8192.0,116,210
10,6,1024.0,32768.0,121,210
10,6,4096.0,0.03125,56,210
10,6,4096.0,0.125,56,210
10,6,4096.0,0.5,59,210
10,6,4096.0,2.0,59,210
10,6,4096.0,8.0,59,210
10,6,4096.0,32.0,59,210
10,6,4096.0,128.0,66,210
10,6,4096.0,512.0,66,210
10,6,4096.0,2048.0,66,210
10,6,4096.0,8192.0,77,210
10,6,4096.0,32768.0,115,210
10,6,16384.0,0.03125,56,210
10,6,16384.0,0.125,56,210
10,6,16384.0,0.5,59,210
10,6,16384.0,2.0,59,210
10,6,16384.0,8.0,59,210
10,6,16384.0,32.0,59,210
10,6,16384.0,128.0,59,210
10,6,16384.0,512.0,66,210
10,6,16384.0,2048.0,66,210
10,6,16384.0,8192.0,66,210
10,6,16384.0,32768.0,77,210
10,6,65536.0,0.03125,57,210
10,6,65536.0,0.125,57,210
10,6,65536.0,0.5,60,210
10,6,65536.0,2.0,60,210
10,6,65536.0,8.0,60,210
10,6,65536.0,32.0,60,210
10,6,65536.0,128.0,60,210
10,6,65536.0,512.0,60,210
10,6,65536.0,2048.0,67,210
10,6,65536.0,8192.0,67,210
10,6,65536.0,32768.0,67,210
10,7,0.000244140625,0.03125,85,210
10,7,0.000244140625,0.125,156,210
10,7,0.000244140625,0.5,183,210
10,7,0.000244140625,2.0,186,210
10,7,0.000244140625,8.0,186,210
10,7,0.000244140625,32.0,184,210
10,7,0.000244140625,128.0,183,210
10,7,0.000244140625,512.0,184,210
10,7,0.000244140625,2048.0,184,210
10,7,0.000244140625,8192.0,184,210
10,7,0.000244140625,32768.0,184,210
10,7,0.0009765625,0.03125,87,210
10,7,0.0009765625,0.125,145,210
10,7,0.0009765625,0.5,185,210
10,7,0.0009765625,2.0,193,210
10,7,0.0009765625,8.0,192,210
10,7,0.0009765625,32.0,188,210
10,7,0.0009765625,128.0,188,210
10,7,0.0009765625,512.0,188,210
10,7,0.0009765625,2048.0,186,210
10,7,0.0009765625,8192.0,188,210
10,7,0.0009765625,32768.0,188,210
10,7,0.00390625,0.03125,85,210
10,7,0.00390625,0.125,136,210
10,7,0.00390625,0.5,144,210
10,7,0.00390625,2.0,169,210
10,7,0.00390625,8.0,190,210
10,7,0.00390625,32.0,188,210
10,7,0.00390625,128.0,190,210
10,7,0.00390625,512.0,189,210
10,7,0.00390625,2048.0,189,210
10,7,0.00390625,8192.0,187,210
10,7,0.00390625,32768.0,187,210
10,7,0.015625,0.03125,82,210
10,7,0.015625,0.125,115,210
10,7,0.015625,0.5,134,210
10,7,0.015625,2.0,133,210
10,7,0.015625,8.0,159,210
10,7,0.015625,32.0,178,210
10,7,0.015625,128.0,187,210
10,7,0.015625,512.0,188,210
10,7,0.015625,2048.0,190,210
10,7,0.015625,8192.0,190,210
10,7,0.015625,32768.0,190,210
10,7,0.0625,0.03125,78,210
10,7,0.0625,0.125,93,210
10,7,0.0625,0.5,116,210
10,7,0.0625,2.0,127,210
10,7,0.0625,8.0,126,210
10,7,0.0625,32.0,142,210
10,7,0.0625,128.0,162,210
10,7,0.0625,512.0,177,210
10,7,0.0625,2048.0,187,210
10,7,0.0625,8192.0,186,210
10,7,0.0625,32768.0,187,210
10,7,0.25,0.03125,74,210
10,7,0.25,0.125,74,210
10,7,0.25,0.5,88,210
10,7,0.25,2.0,115,210
10,7,0.25,8.0,125,210
10,7,0.25,32.0,124,210
10,7,0.25,128.0,135,210
10,7,0.25,512.0,150,210
10,7,0.25,2048.0,164,210
10,7,0.25,8192.0,177,210
10,7,0.25,32768.0,186,210
10,7,1.0,0.03125,66,210
10,7,1.0,0.125,66,210
10,7,1.0,0.5,71,210
10,7,1.0,2.0,79,210
10,7,1.0,8.0,115,210
10,7,1.0,32.0,125,210
10,7,1.0,128.0,124,210
10,7,1.0,512.0,135,210
10,7,1.0,2048.0,146,210
10,7,1.0,8192.0,155,210
10,7,1.0,32768.0,165,210
10,7,4.0,0.03125,61,210
10,7,4.0,0.125,61,210
10,7,4.0,0.5,63,210
10,7,4.0,2.0,73,210
10,7,4.0,8.0,79,210
10,7,4.0,32.0,115,210
10,7,4.0,128.0,125,210
10,7,4.0,512.0,124,210
10,7,4.0,2048.0,136,210
10,7,4.0,8192.0,144,210
10,7,4.0,32768.0,151,210
10,7,16.0,0.03125,61,210
10,7,16.0,0.125,61,210
10,7,16.0,0.5,63,210
10,7,16.0,2.0,67,210
10,7,16.0,8.0,73,210
10,7,16.0,32.0,79,210
10,7,16.0,128.0,115,210
10,7,16.0,512.0,125,210
10,7,16.0,2048.0,124,210
10,7,16.0,8192.0,136,210
10,7,16.0,32768.0,144,210
10,7,64.0,0.03125,57,210
10,7,64.0,0.125,57,210
10,7,64.0,0.5,59,210
10,7,64.0,2.0,67,210
10,7,64.0,8.0,67,210
10,7,64.0,32.0,73,210
10,7,64.0,128.0,79,210
10,7,64.0,512.0,115,210
10,7,64.0,2048.0,125,210
10,7,64.0,8192.0,124,210
10,7,64.0,32768.0,136,210
10,7,256.0,0.03125,57,210
10,7,256.0,0.125,57,210
10,7,256.0,0.5,59,210
10,7,256.0,2.0,59,210
10,7,256.0,8.0,67,210
10,7,256.0,32.0,67,210
10,7,256.0,128.0,73,210
10,7,256.0,512.0,79,210
10,7,256.0,2048.0,115,210
10,7,256.0,8192.0,125,210
10,7,256.0,32768.0,124,210
10,7,1024.0,0.03125,56,210
10,7,1024.0,0.125,56,210
10,7,1024.0,0.5,58,210
10,7,1024.0,2.0,58,210
10,7,1024.0,8.0,58,210
10,7,1024.0,32.0,66,210
10,7,1024.0,128.0,66,210
10,7,1024.0,512.0,72,210
10,7,1024.0,2048.0,78,210
10,7,1024.0,8192.0,112,210
10,7,1024.0,32768.0,124,210
10,7,4096.0,0.03125,58,210
10,7,4096.0,0.125,58,210
10,7,4096.0,0.5,60,210
10,7,4096.0,2.0,60,210
10,7,4096.0,8.0,60,210
10,7,4096.0,32.0,60,210
10,7,4096.0,128.0,68,210
10,7,4096.0,512.0,68,210
10,7,4096.0,2048.0,74,210
10,7,4096.0,8192.0,80,210
10,7,4096.0,32768.0,116,210
10,7,16384.0,0.03125,55,210
10,7,16384.0,0.125,55,210
10,7,16384.0,0.5,57,210
10,7,16384.0,2.0,57,210
10,7,16384.0,8.0,57,210
10,7,16384.0,32.0,57,210
10,7,16384.0,128.0,57,210
10,7,16384.0,512.0,65,210
10,7,16384.0,2048.0,65,210
10,7,16384.0,8192.0,71,210
10,7,16384.0,32768.0,77,210
10,7,65536.0,0.03125,53,210
10,7,65536.0,0.125,53,210
10,7,65536.0,0.5,56,210
10,7,65536.0,2.0,56,210
10,7,65536.0,8.0,56,210
10,7,65536.0,32.0,56,210
10,7,65536.0,128.0,56,210
10,7,65536.0,512.0,56,210
10,7,65536.0,2048.0,64,210
10,7,65536.0,8192.0,64,210
10,7,65536.0,32768.0,70,210
10,8,0.000244140625,0.03125,79,210
10,8,0.000244140625,0.125,147,210
10,8,0.000244140625,0.5,183,210
10,8,0.000244140625,2.0,187,210
10,8,0.000244140625,8.0,187,210
10,8,0.000244140625,32.0,182,210
10,8,0.000244140625,128.0,182,210
10,8,0.000244140625,512.0,182,210
10,8,0.000244140625,2048.0,182,210
10,8,0.000244140625,8192.0,182,210
10,8,0.000244140625,32768.0,182,210
10,8,0.0009765625,0.03125,81,210
10,8,0.0009765625,0.125,145,210
10,8,0.0009765625,0.5,179,210
10,8,0.0009765625,2.0,195,210
10,8,0.0009765625,8.0,195,210
10,8,0.0009765625,32.0,195,210
10,8,0.0009765625,128.0,195,210
10,8,0.0009765625,512.0,192,210
10,8,0.0009765625,2048.0,192,210
10,8,0.0009765625,8192.0,192,210
10,8,0.0009765625,32768.0,192,210
10,8,0.00390625,0.03125,78,210
10,8,0.00390625,0.125,136,210
10,8,0.00390625,0.5,139,210
10,8,0.00390625,2.0,165,210
10,8,0.00390625,8.0,186,210
10,8,0.00390625,32.0,194,210
10,8,0.00390625,128.0,192,210
10,8,0.00390625,512.0,193,210
10,8,0.00390625,2048.0,192,210
10,8,0.00390625,8192.0,187,210
10,8,0.00390625,32768.0,187,210
10,8,0.015625,0.03125,74,210
10,8,0.015625,0.125,111,210
10,8,0.015625,0.5,128,210
10,8,0.015625,2.0,128,210
10,8,0.015625,8.0,157,210
10,8,0.015625,32.0,172,210
10,8,0.015625,128.0,182,210
10,8,0.015625,512.0,190,210
10,8,0.015625,2048.0,189,210
10,8,0.015625,8192.0,195,210
10,8,0.015625,32768.0,195,210
10,8,0.0625,0.03125,70,210
10,8,0.0625,0.125,79,210
10,8,0.0625,0.5,116,210
10,8,0.0625,2.0,122,210
10,8,0.0625,8.0,121,210
10,8,0.0625,32.0,131,210
10,8,0.0625,128.0,163,210
10,8,0.0625,512.0,174,210
10,8,0.0625,2048.0,180,210
10,8,0.0625,8192.0,189,210
10,8,0.0625,32768.0,191,210
10,8,0.25,0.03125,67,210
10,8,0.25,0.125,69,210
10,8,0.25,0.5,75,210
10,8,0.25,2.0,114,210
10,8,0.25,8.0,122,210
10,8,0.25,32.0,121,210
10,8,0.25,128.0,128,210
10,8,0.25,512.0,146,210
10,8,0.25,2048.0,160,210
10,8,0.25,8192.0,173,210
10,8,0.25,32768.0,179,210
10,8,1.0,0.03125,60,210
10,8,1.0,0.125,61,210
10,8,1.0,0.5,65,210
10,8,1.0,2.0,68,210
10,8,1.0,8.0,114,210
10,8,1.0,32.0,122,210
10,8,1.0,128.0,121,210
10,8,1.0,512.0,127,210
10,8,1.0,2048.0,144,210
10,8,1.0,8192.0,151,210
10,8,1.0,32768.0,161,210
10,8,4.0,0.03125,57,210
10,8,4.0,0.125,57,210
10,8,4.0,0.5,59,210
10,8,4.0,2.0,59,210
10,8,4.0,8.0,68,210
10,8,4.0,32.0,114,210
10,8,4.0,128.0,122,210
10,8,4.0,512.0,121,210
10,8,4.0,2048.0,127,210
10,8,4.0,8192.0,143,210
10,8,4.0,32768.0,147,210
10,8,16.0,0.03125,56,210
10,8,16.0,0.125,56,210
10,8,16.0,0.5,58,210
10,8,16.0,2.0,59,210
10,8,16.0,8.0,59,210
10,8,16.0,32.0,68,210
10,8,16.0,128.0,114,210
10,8,16.0,512.0,122,210
10,8,16.0,2048.0,121,210
10,8,16.0,8192.0,127,210
10,8,16.0,32768.0,143,210
10,8,64.0,0.03125,54,210
10,8,64.0,0.125,54,210
10,8,64.0,0.5,54,210
10,8,64.0,2.0,59,210
10,8,64.0,8.0,59,210
10,8,64.0,32.0,59,210
10,8,64.0,128.0,68,210
10,8,64.0,512.0,114,210
10,8,64.0,2048.0,122,210
10,8,64.0,8192.0,121,210
10,8,64.0,32768.0,127,210
10,8,256.0,0.03125,54,210
10,8,256.0,0.125,54,210
10,8,256.0,0.5,54,210
10,8,256.0,2.0,55,210
10,8,256.0,8.0,59,210
10,8,256.0,32.0,59,210
10,8,256.0,128.0,59,210
10,8,256.0,512.0,68,210
10,8,256.0,2048.0,114,210
10,8,256.0,8192.0,122,210
10,8,256.0,32768.0,121,210
10,8,1024.0,0.03125,54,210
10,8,1024.0,0.125,54,210
10,8,1024.0,0.5,54,210
10,8,1024.0,2.0,55,210
10,8,1024.0,8.0,55,210
10,8,1024.0,32.0,59,210
10,8,1024.0,128.0,59,210
10,8,1024.0,512.0,59,210
10,8,1024.0,2048.0,68,210
10,8,1024.0,8192.0,114,210
10,8,1024.0,32768.0,122,210
10,8,4096.0,0.03125,54,210
10,8,4096.0,0.125,54,210
10,8,4096.0,0.5,54,210
10,8,4096.0,2.0,55,210
10,8,4096.0,8.0,55,210
10,8,4096.0,32.0,55,210
10,8,4096.0,128.0,59,210
10,8,4096.0,512.0,59,210
10,8,4096.0,2048.0,59,210
10,8,4096.0,8192.0,68,210
10,8,4096.0,32768.0,113,210
10,8,16384.0,0.03125,55,210
10,8,16384.0,0.125,55,210
10,8,16384.0,0.5,55,210
10,8,16384.0,2.0,56,210
10,8,16384.0,8.0,56,210
10,8,16384.0,32.0,56,210
10,8,16384.0,128.0,56,210
10,8,16384.0,512.0,60,210
10,8,16384.0,2048.0,60,210
10,8,16384.0,8192.0,60,210
10,8,16384.0,32768.0,69,210
10,8,65536.0,0.03125,55,210
10,8,65536.0,0.125,55,210
10,8,65536.0,0.5,55,210
10,8,65536.0,2.0,56,210
10,8,65536.0,8.0,56,210
10,8,65536.0,32.0,56,210
10,8,65536.0,128.0,56,210
10,8,65536.0,512.0,56,210
10,8,65536.0,2048.0,60,210
10,8,65536.0,8192.0,60,210
10,8,65536.0,32768.0,60,210
10,9,0.000244140625,0.03125,83,210
10,9,0.000244140625,0.125,144,210
10,9,0.000244140625,0.5,183,210
10,9,0.000244140625,2.0,182,210
10,9,0.000244140625,8.0,179,210
10,9,0.000244140625,32.0,181,210
10,9,0.000244140625,128.0,182,210
10,9,0.000244140625,512.0,181,210
10,9,0.000244140625,2048.0,181,210
10,9,0.000244140625,8192.0,181,210
10,9,0.000244140625,32768.0,181,210
10,9,0.0009765625,0.03125,82,210
10,9,0.0009765625,0.125,142,210
10,9,0.0009765625,0.5,174,210
10,9,0.0009765625,2.0,189,210
10,9,0.0009765625,8.0,186,210
10,9,0.0009765625,32.0,181,210
10,9,0.0009765625,128.0,178,210
10,9,0.0009765625,512.0,178,210
10,9,0.0009765625,2048.0,178,210
10,9,0.0009765625,8192.0,178,210
10,9,0.0009765625,32768.0,178,210
10,9,0.00390625,0.03125,81,210
10,9,0.00390625,0.125,133,210
10,9,0.00390625,0.5,138,210
10,9,0.00390625,2.0,165,210
10,9,0.00390625,8.0,182,210
10,9,0.00390625,32.0,185,210
10,9,0.00390625,128.0,180,210
10,9,0.00390625,512.0,180,210
10,9,0.00390625,2048.0,181,210
10,9,0.00390625,8192.0,180,210
10,9,0.00390625,32768.0,179,210
10,9,0.015625,0.03125,73,210
10,9,0.015625,0.125,102,210
10,9,0.015625,0.5,126,210
10,9,0.015625,2.0,126,210
10,9,0.015625,8.0,146,210
10,9,0.015625,32.0,166,210
10,9,0.015625,128.0,179,210
10,9,0.015625,512.0,181,210
10,9,0.015625,2048.0,183,210
10,9,0.015625,8192.0,181,210
10,9,0.015625,32768.0,183,210
10,9,0.0625,0.03125,73,210
10,9,0.0625,0.125,80,210
10,9,0.0625,0.5,110,210
10,9,0.0625,2.0,123,210
10,9,0.0625,8.0,122,210
10,9,0.0625,32.0,135,210
10,9,0.0625,128.0,152,210
10,9,0.0625,512.0,165,210
10,9,0.0625,2048.0,178,210
10,9,0.0625,8192.0,180,210
10,9,0.0625,32768.0,179,210
10,9,0.25,0.03125,67,210
10,9,0.25,0.125,67,210
10,9,0.25,0.5,69,210
10,9,0.25,2.0,109,210
10,9,0.25,8.0,122,210
10,9,0.25,32.0,121,210
10,9,0.25,128.0,133,210
10,9,0.25,512.0,139,210
10,9,0.25,2048.0,152,210
10,9,0.25,8192.0,165,210
10,9,0.25,32768.0,176,210
10,9,1.0,0.03125,64,210
10,9,1.0,0.125,64,210
10,9,1.0,0.5,64,210
10,9,1.0,2.0,74,210
10,9,1.0,8.0,109,210
10,9,1.0,32.0,122,210
10,9,1.0,128.0,121,210
10,9,1.0,512.0,132,210
10,9,1.0,2048.0,137,210
10,9,1.0,8192.0,142,210
10,9,1.0,32768.0,151,210
10,9,4.0,0.03125,59,210
10,9,4.0,0.125,59,210
10,9,4.0,0.5,60,210
10,9,4.0,2.0,68,210
10,9,4.0,8.0,75,210
10,9,4.0,32.0,109,210
10,9,4.0,128.0,122,210
10,9,4.0,512.0,121,210
10,9,4.0,2048.0,132,210
10,9,4.0,8192.0,137,210
10,9,4.0,32768.0,136,210
10,9,16.0,0.03125,58,210
10,9,16.0,0.125,58,210
10,9,16.0,0.5,60,210
10,9,16.0,2.0,61,210
10,9,16.0,8.0,68,210
10,9,16.0,32.0,75,210
10,9,16.0,128.0,110,210
10,9,16.0,512.0,122,210
10,9,16.0,2048.0,121,210
10,9,16.0,8192.0,132,210
10,9,16.0,32768.0,137,210
10,9,64.0,0.03125,53,210
10,9,64.0,0.125,53,210
10,9,64.0,0.5,53,210
10,9,64.0,2.0,61,210
10,9,64.0,8.0,61,210
10,9,64.0,32.0,68,210
10,9,64.0,128.0,75,210
10,9,64.0,512.0,110,210
10,9,64.0,2048.0,122,210
10,9,64.0,8192.0,121,210
10,9,64.0,32768.0,132,210
10,9,256.0,0.03125,53,210
10,9,256.0,0.125,53,210
10,9,256.0,0.5,53,210
10,9,256.0,2.0,53,210
10,9,256.0,8.0,61,210
10,9,256.0,32.0,61,210
10,9,256.0,128.0,68,210
10,9,256.0,512.0,75,210
10,9,256.0,2048.0,110,210
10,9,256.0,8192.0,122,210
10,9,256.0,32768.0,121,210
10,9,1024.0,0.03125,53,210
10,9,1024.0,0.125,53,210
10,9,1024.0,0.5,53,210
10,9,1024.0,2.0,53,210
10,9,1024.0,8.0,53,210
10,9,1024.0,32.0,61,210
10,9,1024.0,128.0,61,210
10,9,1024.0,512.0,68,210
10,9,1024.0,2048.0,75,210
10,9,1024.0,8192.0,110,210
10,9,1024.0,32768.0,122,210
10,9,4096.0,0.03125,51,210
10,9,4096.0,0.125,51,210
10,9,4096.0,0.5,51,210
10,9,4096.0,2.0,51,210
10,9,4096.0,8.0,51,210
10,9,4096.0,32.0,51,210
10,9,4096.0,128.0,59,210
10,9,4096.0,512.0,59,210
10,9,4096.0,2048.0,66,210
10,9,4096.0,8192.0,73,210
10,9,4096.0,32768.0,108,210
10,9,16384.0,0.03125,51,210
10,9,16384.0,0.125,51,210
10,9,16384.0,0.5,51,210
10,9,16384.0,2.0,51,210
10,9,16384.0,8.0,51,210
10,9,16384.0,32.0,51,210
10,9,16384.0,128.0,51,210
10,9,16384.0,512.0,59,210
10,9,16384.0,2048.0,59,210
10,9,16384.0,8192.0,66,210
10,9,16384.0,32768.0,73,210
10,9,65536.0,0.03125,50,210
10,9,65536.0,0.125,50,210
10,9,65536.0,0.5,50,210
10,9,65536.0,2.0,50,210
10,9,65536.0,8.0,50,210
10,9,65536.0,32.0,50,210
10,9,65536.0,128.0,50,210
10,9,65536.0,512.0,50,210
10,9,65536.0,2048.0,58,210
10,9,65536.0,8192.0,58,210
10,9,65536.0,32768.0,65,210
10,10,0.000244140625,0.03125,86,210
10,10,0.000244140625,0.125,151,210
10,10,0.000244140625,0.5,190,210
10,10,0.000244140625,2.0,186,210
10,10,0.000244140625,8.0,185,210
10,10,0.000244140625,32.0,184,210
10,10,0.000244140625,128.0,184,210
10,10,0.000244140625,512.0,183,210
10,10,0.000244140625,2048.0,183,210
10,10,0.000244140625,8192.0,183,210
10,10,0.000244140625,32768.0,183,210
10,10,0.0009765625,0.03125,86,210
10,10,0.0009765625,0.125,148,210
10,10,0.0009765625,0.5,176,210
10,10,0.0009765625,2.0,193,210
10,10,0.0009765625,8.0,191,210
10,10,0.0009765625,32.0,188,210
10,10,0.0009765625,128.0,184,210
10,10,0.0009765625,512.0,184,210
10,10,0.0009765625,2048.0,184,210
10,10,0.0009765625,8192.0,184,210
10,10,0.0009765625,32768.0,184,210
10,10,0.00390625,0.03125,83,210
10,10,0.00390625,0.125,140,210
10,10,0.00390625,0.5,142,210
10,10,0.00390625,2.0,167,210
10,10,0.00390625,8.0,187,210
10,10,0.00390625,32.0,191,210
10,10,0.00390625,128.0,191,210
10,10,0.00390625,512.0,189,210
10,10,0.00390625,2048.0,189,210
10,10,0.00390625,8192.0,186,210
10,10,0.00390625,32768.0,182,210
10,10,0.015625,0.03125,79,210
10,10,0.015625,0.125,115,210
10,10,0.015625,0.5,131,210
10,10,0.015625,2.0,131,210
10,10,0.015625,8.0,155,210
10,10,0.015625,32.0,174,210
10,10,0.015625,128.0,185,210
10,10,0.015625,512.0,192,210
10,10,0.015625,2048.0,194,210
10,10,0.015625,8192.0,193,210
10,10,0.015625,32768.0,191,210
10,10,0.0625,0.03125,76,210
10,10,0.0625,0.125,85,210
10,10,0.0625,0.5,121,210
10,10,0.0625,2.0,126,210
10,10,0.0625,8.0,126,210
10,10,0.0625,32.0,139,210
10,10,0.0625,128.0,159,210
10,10,0.0625,512.0,177,210
10,10,0.0625,2048.0,185,210
10,10,0.0625,8192.0,189,210
10,10,0.0625,32768.0,194,210
10,10,0.25,0.03125,72,210
10,10,0.25,0.125,74,210
10,10,0.25,0.5,82,210
10,10,0.25,2.0,117,210
10,10,0.25,8.0,123,210
10,10,0.25,32.0,123,210
10,10,0.25,128.0,132,210
10,10,0.25,512.0,145,210
10,10,0.25,2048.0,163,210
10,10,0.25,8192.0,177,210
10,10,0.25,32768.0,185,210
10,10,1.0,0.03125,63,210
10,10,1.0,0.125,63,210
10,10,1.0,0.5,69,210
10,10,1.0,2.0,74,210
10,10,1.0,8.0,117,210
10,10,1.0,32.0,123,210
10,10,1.0,128.0,123,210
10,10,1.0,512.0,132,210
10,10,1.0,2048.0,140,210
10,10,1.0,8192.0,148,210
10,10,1.0,32768.0,163,210
10,10,4.0,0.03125,56,210
10,10,4.0,0.125,56,210
10,10,4.0,0.5,58,210
10,10,4.0,2.0,67,210
10,10,4.0,8.0,74,210
10,10,4.0,32.0,118,210
10,10,4.0,128.0,123,210
10,10,4.0,512.0,123,210
10,10,4.0,2048.0,132,210
10,10,4.0,8192.0,140,210
10,10,4.0,32768.0,141,210
10,10,16.0,0.03125,56,210
10,10,16.0,0.125,56,210
10,10,16.0,0.5,58,210
10,10,16.0,2.0,59,210
10,10,16.0,8.0,67,210
10,10,16.0,32.0,74,210
10,10,16.0,128.0,118,210
10,10,16.0,512.0,123,210
10,10,16.0,2048.0,123,210
10,10,16.0,8192.0,132,210
10,10,16.0,32768.0,140,210
10,10,64.0,0.03125,52,210
10,10,64.0,0.125,52,210
10,10,64.0,0.5,54,210
10,10,64.0,2.0,57,210
10,10,64.0,8.0,59,210
10,10,64.0,32.0,67,210
10,10,64.0,128.0,74,210
10,10,64.0,512.0,118,210
10,10,64.0,2048.0,123,210
10,10,64.0,8192.0,123,210
10,10,64.0,32768.0,132,210
10,10,256.0,0.03125,52,210
10,10,256.0,0.125,52,210
10,10,256.0,0.5,54,210
10,10,256.0,2.0,55,210
10,10,256.0,8.0,57,210
10,10,256.0,32.0,59,210
10,10,256.0,128.0,67,210
10,10,256.0,512.0,74,210
10,10,256.0,2048.0,118,210
10,10,256.0,8192.0,123,210
10,10,256.0,32768.0,123,210
10,10,1024.0,0.03125,52,210
10,10,1024.0,0.125,52,210
10,10,1024.0,0.5,54,210
10,10,1024.0,2.0,55,210
10,10,1024.0,8.0,55,210
10,10,1024.0,32.0,57,210
10,10,1024.0,128.0,59,210
10,10,1024.0,512.0,67,210
10,10,1024.0,2048.0,74,210
10,10,1024.0,8192.0,118,210
10,10,1024.0,32768.0,123,210
10,10,4096.0,0.03125,53,210
10,10,4096.0,0.125,53,210
10,10,4096.0,0.5,55,210
10,10,4096.0,2.0,56,210
10,10,4096.0,8.0,56,210
10,10,4096.0,32.0,56,210
10,10,4096.0,128.0,58,210
10,10,4096.0,512.0,60,210
10,10,4096.0,2048.0,68,210
10,10,4096.0,8192.0,75,210
10,10,4096.0,32768.0,119,210
10,10,16384.0,0.03125,53,210
10,10,16384.0,0.125,53,210
10,10,16384.0,0.5,55,210
10,10,16384.0,2.0,56,210
10,10,16384.0,8.0,56,210
10,10,16384.0,32.0,56,210
10,10,16384.0,128.0,56,210
10,10,16384.0,512.0,58,210
10,10,16384.0,2048.0,60,210
10,10,16384.0,8192.0,68,210
10,10,16384.0,32768.0,75,210
10,10,65536.0,0.03125,55,210
10,10,65536.0,0.125,55,210
10,10,65536.0,0.5,57,210
10,10,65536.0,2.0,58,210
10,10,65536.0,8.0,58,210
10,10,65536.0,32.0,58,210
10,10,65536.0,128.0,58,210
10,10,65536.0,512.0,58,210
10,10,65536.0,2048.0,60,210
10,10,65536.0,8192.0,62,210
10,10,65536.0,32768.0,70,210
