hks_index,shapes,finite_positive_h1,diagonal_h1,negative_dim_records,min_points,max_points,mean_points,min_birth,max_death
1.0,300.0,47547.0,258.0,929.0,72.0,246.0,158.49,41.296,520.42
2.0,300.0,34635.0,325.0,929.0,38.0,215.0,115.45,25.146,267.9
3.0,300.0,17850.0,368.0,929.0,27.0,115.0,59.5,12.95,114.6
4.0,300.0,9224.0,189.0,929.0,22.0,50.0,30.746666666666666,6.6939,78.867
5.0,300.0,7624.0,248.0,929.0,21.0,37.0,25.413333333333334,3.6659,52.017
6.0,300.0,6912.0,86.0,929.0,21.0,27.0,23.04,2.26,29.951
7.0,300.0,6738.0,163.0,929.0,20.0,24.0,22.46,1.5246,18.216
8.0,300.0,6537.0,374.0,929.0,19.0,25.0,21.79,1.2569,9.4444
9.0,300.0,5909.0,999.0,929.0,12.0,23.0,19.696666666666665,1.1665,4.6802
10.0,300.0,4340.0,2566.0,929.0,0.0,22.0,14.466666666666667,1.1552,4.6057
