hks_index,repetition,shape_id,true_class,predicted_class
2,1,5,1,1
2,1,9,1,1
2,1,11,1,1
2,1,15,1,1
2,1,17,1,1
2,1,19,1,1
2,1,20,2,2
2,1,22,2,2
2,1,24,2,2
2,1,26,2,2
2,1,34,2,7
2,1,38,2,2
2,1,41,3,3
2,1,42,3,3
2,1,46,3,3
2,1,49,3,3
2,1,53,3,8
2,1,54,3,3
2,1,63,4,4
2,1,65,4,4
2,1,70,4,4
2,1,74,4,4
2,1,75,4,4
2,1,79,4,4
2,1,82,5,5
2,1,87,5,5
2,1,89,5,5
2,1,92,5,5
2,1,94,5,5
2,1,98,5,5
2,1,101,6,6
2,1,103,6,6
2,1,108,6,6
2,1,109,6,6
2,1,114,6,6
2,1,116,6,6
2,1,120,7,7
2,1,121,7,7
2,1,128,7,7
2,1,132,7,7
2,1,134,7,7
2,1,138,7,7
2,1,147,8,8
2,1,150,8,8
2,1,152,8,8
2,1,153,8,8
2,1,155,8,8
2,1,159,8,8
2,1,160,9,9
2,1,163,9,9
2,1,164,9,9
2,1,168,9,9
2,1,169,9,9
2,1,175,9,9
2,1,187,10,10
2,1,188,10,10
2,1,190,10,10
2,1,192,10,10
2,1,194,10,10
2,1,197,10,10
2,1,200,11,11
2,1,204,11,11
2,1,210,11,11
2,1,212,11,11
2,1,214,11,11
2,1,216,11,11
2,1,221,12,12
2,1,226,12,12
2,1,228,12,12
2,1,233,12,12
2,1,237,12,12
2,1,239,12,12
2,1,244,13,13
2,1,246,13,13
2,1,249,13,13
2,1,251,13,13
2,1,252,13,13
2,1,255,13,13
2,1,260,14,14
2,1,263,14,14
2,1,265,14,14
2,1,269,14,14
2,1,273,14,14
2,1,278,14,14
2,1,280,15,15
2,1,283,15,15
2,1,290,15,15
2,1,295,15,15
2,1,297,15,15
2,1,299,15,15
2,2,4,1,1
2,2,7,1,1
2,2,11,1,1
2,2,15,1,1
2,2,16,1,1
2,2,17,1,1
2,2,20,2,2
2,2,24,2,2
2,2,26,2,2
2,2,31,2,2
2,2,38,2,2
2,2,39,2,2
2,2,41,3,3
2,2,42,3,3
2,2,46,3,8
2,2,51,3,3
2,2,52,3,3
2,2,56,3,3
2,2,61,4,4
2,2,64,4,4
2,2,66,4,4
2,2,68,4,4
2,2,70,4,4
2,2,79,4,4
2,2,81,5,5
2,2,82,5,5
2,2,84,5,5
2,2,88,5,5
2,2,89,5,5
2,2,95,5,5
2,2,101,6,6
2,2,103,6,6
2,2,107,6,6
2,2,109,6,6
2,2,110,6,6
2,2,115,6,6
2,2,121,7,7
2,2,124,7,7
2,2,125,7,7
2,2,128,7,7
2,2,131,7,7
2,2,136,7,7
2,2,143,8,8
2,2,150,8,8
2,2,153,8,8
2,2,155,8,8
2,2,156,8,8
2,2,158,8,8
2,2,162,9,9
2,2,167,9,9
2,2,171,9,9
2,2,175,9,9
2,2,177,9,9
2,2,178,9,9
2,2,182,10,10
2,2,188,10,10
2,2,191,10,10
2,2,195,10,10
2,2,198,10,10
2,2,199,10,10
2,2,203,11,11
2,2,206,11,11
2,2,207,11,11
2,2,214,11,14
2,2,215,11,11
2,2,219,11,11
2,2,223,12,12
2,2,224,12,12
2,2,228,12,12
2,2,229,12,12
2,2,230,12,12
2,2,236,12,12
2,2,245,13,13
2,2,252,13,13
2,2,253,13,13
2,2,256,13,13
2,2,257,13,13
2,2,258,13,13
2,2,260,14,14
2,2,262,14,14
2,2,267,14,14
2,2,270,14,14
2,2,271,14,14
2,2,277,14,14
2,2,280,15,15
2,2,283,15,15
2,2,284,15,15
2,2,294,15,12
2,2,298,15,15
2,2,299,15,15
2,3,10,1,1
2,3,13,1,1
2,3,14,1,1
2,3,15,1,1
2,3,16,1,1
2,3,19,1,1
2,3,20,2,2
2,3,23,2,2
2,3,24,2,2
2,3,26,2,2
2,3,34,2,7
2,3,35,2,2
2,3,40,3,3
2,3,46,3,3
2,3,47,3,3
2,3,50,3,3
2,3,55,3,3
2,3,57,3,3
2,3,62,4,4
2,3,70,4,4
2,3,73,4,4
2,3,74,4,4
2,3,76,4,4
2,3,78,4,4
2,3,80,5,5
2,3,81,5,5
2,3,89,5,5
2,3,94,5,5
2,3,97,5,5
2,3,98,5,5
2,3,100,6,6
2,3,104,6,6
2,3,105,6,6
2,3,107,6,6
2,3,109,6,6
2,3,111,6,6
2,3,122,7,7
2,3,123,7,7
2,3,130,7,7
2,3,131,7,7
2,3,132,7,7
2,3,136,7,7
2,3,142,8,3
2,3,144,8,8
2,3,145,8,8
2,3,148,8,8
2,3,150,8,8
2,3,159,8,8
2,3,160,9,9
2,3,163,9,9
2,3,168,9,9
2,3,173,9,9
2,3,175,9,9
2,3,177,9,9
2,3,182,10,10
2,3,184,10,10
2,3,185,10,10
2,3,186,10,10
2,3,191,10,10
2,3,194,10,10
2,3,201,11,12
2,3,206,11,11
2,3,210,11,11
2,3,212,11,11
2,3,216,11,11
2,3,219,11,11
2,3,220,12,12
2,3,222,12,12
2,3,226,12,12
2,3,227,12,12
2,3,232,12,15
2,3,233,12,12
2,3,241,13,13
2,3,247,13,13
2,3,248,13,13
2,3,252,13,13
2,3,254,13,13
2,3,258,13,13
2,3,260,14,14
2,3,261,14,14
2,3,263,14,14
2,3,265,14,14
2,3,276,14,14
2,3,277,14,14
2,3,282,15,15
2,3,284,15,15
2,3,290,15,15
2,3,292,15,15
2,3,296,15,15
2,3,297,15,15
2,4,4,1,1
2,4,8,1,1
2,4,10,1,1
2,4,11,1,1
2,4,12,1,1
2,4,15,1,1
2,4,22,2,2
2,4,24,2,2
2,4,27,2,2
2,4,29,2,2
2,4,30,2,2
2,4,37,2,2
2,4,44,3,3
2,4,48,3,3
2,4,50,3,3
2,4,55,3,3
2,4,57,3,3
2,4,59,3,3
2,4,70,4,4
2,4,72,4,4
2,4,73,4,4
2,4,74,4,4
2,4,76,4,4
2,4,79,4,4
2,4,82,5,5
2,4,90,5,5
2,4,92,5,5
2,4,93,5,5
2,4,98,5,5
2,4,99,5,5
2,4,106,6,6
2,4,108,6,6
2,4,110,6,6
2,4,111,6,6
2,4,113,6,6
2,4,116,6,6
2,4,122,7,7
2,4,123,7,7
2,4,128,7,7
2,4,133,7,7
2,4,137,7,7
2,4,138,7,7
2,4,141,8,3
2,4,142,8,8
2,4,144,8,8
2,4,149,8,8
2,4,152,8,8
2,4,156,8,8
2,4,161,9,9
2,4,173,9,9
2,4,175,9,9
2,4,176,9,9
2,4,178,9,9
2,4,179,9,9
2,4,180,10,5
2,4,188,10,10
2,4,192,10,10
2,4,193,10,10
2,4,194,10,10
2,4,197,10,10
2,4,204,11,11
2,4,207,11,11
2,4,209,11,11
2,4,210,11,11
2,4,214,11,11
2,4,218,11,11
2,4,220,12,12
2,4,221,12,12
2,4,222,12,12
2,4,232,12,15
2,4,236,12,12
2,4,237,12,12
2,4,243,13,13
2,4,244,13,13
2,4,245,13,13
2,4,246,13,13
2,4,250,13,13
2,4,253,13,13
2,4,261,14,14
2,4,263,14,14
2,4,267,14,14
2,4,270,14,14
2,4,271,14,14
2,4,272,14,14
2,4,280,15,15
2,4,281,15,15
2,4,283,15,15
2,4,288,15,15
2,4,292,15,15
2,4,299,15,15
2,5,2,1,1
2,5,3,1,1
2,5,6,1,1
2,5,7,1,1
2,5,10,1,1
2,5,18,1,1
2,5,23,2,2
2,5,27,2,2
2,5,28,2,2
2,5,31,2,2
2,5,37,2,2
2,5,39,2,2
2,5,43,3,3
2,5,46,3,3
2,5,48,3,3
2,5,49,3,3
2,5,57,3,3
2,5,58,3,3
2,5,60,4,4
2,5,61,4,4
2,5,66,4,4
2,5,71,4,4
2,5,74,4,4
2,5,75,4,4
2,5,83,5,5
2,5,85,5,5
2,5,86,5,5
2,5,90,5,5
2,5,93,5,5
2,5,97,5,5
2,5,106,6,4
2,5,109,6,6
2,5,110,6,6
2,5,113,6,6
2,5,114,6,4
2,5,118,6,6
2,5,124,7,7
2,5,125,7,7
2,5,127,7,7
2,5,135,7,7
2,5,136,7,7
2,5,137,7,7
2,5,146,8,3
2,5,150,8,8
2,5,153,8,8
2,5,157,8,8
2,5,158,8,8
2,5,159,8,8
2,5,160,9,9
2,5,162,9,9
2,5,164,9,9
2,5,168,9,9
2,5,175,9,9
2,5,177,9,9
2,5,184,10,10
2,5,193,10,10
2,5,194,10,10
2,5,196,10,10
2,5,197,10,10
2,5,199,10,10
2,5,200,11,11
2,5,202,11,11
2,5,209,11,11
2,5,210,11,11
2,5,212,11,11
2,5,213,11,11
2,5,220,12,12
2,5,222,12,12
2,5,228,12,12
2,5,231,12,12
2,5,232,12,15
2,5,239,12,12
2,5,240,13,13
2,5,243,13,13
2,5,247,13,13
2,5,256,13,13
2,5,257,13,13
2,5,259,13,13
2,5,264,14,14
2,5,265,14,14
2,5,272,14,14
2,5,276,14,14
2,5,278,14,14
2,5,279,14,14
2,5,280,15,15
2,5,283,15,15
2,5,287,15,15
2,5,289,15,15
2,5,295,15,15
2,5,299,15,15
2,6,1,1,1
2,6,2,1,1
2,6,7,1,1
2,6,10,1,1
2,6,13,1,1
2,6,19,1,1
2,6,20,2,2
2,6,23,2,2
2,6,30,2,2
2,6,32,2,7
2,6,35,2,2
2,6,38,2,2
2,6,40,3,3
2,6,41,3,3
2,6,47,3,3
2,6,48,3,3
2,6,52,3,3
2,6,59,3,3
2,6,60,4,4
2,6,66,4,4
2,6,67,4,4
2,6,71,4,4
2,6,76,4,4
2,6,78,4,4
2,6,86,5,5
2,6,89,5,5
2,6,90,5,5
2,6,91,5,5
2,6,96,5,5
2,6,98,5,5
2,6,102,6,6
2,6,106,6,6
2,6,108,6,6
2,6,114,6,4
2,6,115,6,6
2,6,116,6,6
2,6,125,7,7
2,6,126,7,7
2,6,133,7,7
2,6,134,7,7
2,6,135,7,7
2,6,137,7,7
2,6,140,8,8
2,6,149,8,8
2,6,153,8,8
2,6,157,8,3
2,6,158,8,8
2,6,159,8,8
2,6,164,9,9
2,6,168,9,9
2,6,172,9,9
2,6,173,9,9
2,6,175,9,9
2,6,177,9,9
2,6,182,10,10
2,6,186,10,10
2,6,187,10,10
2,6,189,10,10
2,6,190,10,10
2,6,193,10,10
2,6,203,11,11
2,6,208,11,11
2,6,210,11,11
2,6,212,11,11
2,6,214,11,11
2,6,217,11,11
2,6,220,12,12
2,6,222,12,12
2,6,227,12,12
2,6,228,12,12
2,6,229,12,12
2,6,238,12,12
2,6,240,13,13
2,6,250,13,13
2,6,251,13,13
2,6,254,13,13
2,6,257,13,13
2,6,259,13,13
2,6,262,14,14
2,6,273,14,14
2,6,275,14,14
2,6,276,14,14
2,6,278,14,14
2,6,279,14,14
2,6,283,15,15
2,6,290,15,15
2,6,291,15,15
2,6,292,15,15
2,6,294,15,15
2,6,298,15,15
2,7,1,1,1
2,7,4,1,1
2,7,12,1,1
2,7,14,1,1
2,7,16,1,1
2,7,17,1,1
2,7,20,2,2
2,7,21,2,2
2,7,31,2,2
2,7,33,2,2
2,7,34,2,2
2,7,38,2,2
2,7,41,3,3
2,7,42,3,3
2,7,47,3,3
2,7,54,3,3
2,7,55,3,3
2,7,56,3,3
2,7,60,4,4
2,7,61,4,4
2,7,64,4,4
2,7,65,4,4
2,7,69,4,4
2,7,75,4,4
2,7,82,5,5
2,7,83,5,5
2,7,85,5,5
2,7,86,5,5
2,7,91,5,5
2,7,92,5,5
2,7,101,6,6
2,7,108,6,6
2,7,109,6,6
2,7,110,6,6
2,7,114,6,6
2,7,116,6,6
2,7,121,7,7
2,7,124,7,7
2,7,127,7,7
2,7,128,7,7
2,7,131,7,7
2,7,136,7,7
2,7,141,8,3
2,7,144,8,8
2,7,148,8,8
2,7,151,8,8
2,7,154,8,8
2,7,156,8,8
2,7,163,9,9
2,7,169,9,9
2,7,172,9,9
2,7,174,9,9
2,7,176,9,9
2,7,179,9,9
2,7,180,10,10
2,7,182,10,10
2,7,183,10,10
2,7,186,10,10
2,7,194,10,10
2,7,199,10,10
2,7,201,11,12
2,7,208,11,11
2,7,209,11,11
2,7,210,11,11
2,7,211,11,11
2,7,216,11,11
2,7,223,12,12
2,7,224,12,12
2,7,228,12,12
2,7,230,12,12
2,7,232,12,15
2,7,233,12,12
2,7,245,13,13
2,7,247,13,13
2,7,251,13,13
2,7,252,13,13
2,7,254,13,13
2,7,255,13,13
2,7,260,14,14
2,7,263,14,14
2,7,266,14,14
2,7,267,14,14
2,7,271,14,14
2,7,278,14,14
2,7,280,15,15
2,7,286,15,12
2,7,289,15,15
2,7,293,15,15
2,7,294,15,15
2,7,299,15,15
2,8,1,1,1
2,8,6,1,1
2,8,7,1,1
2,8,9,1,1
2,8,17,1,1
2,8,19,1,1
2,8,26,2,2
2,8,28,2,7
2,8,30,2,2
2,8,31,2,2
2,8,34,2,7
2,8,36,2,2
2,8,40,3,3
2,8,41,3,3
2,8,48,3,3
2,8,49,3,3
2,8,51,3,3
2,8,57,3,3
2,8,61,4,4
2,8,63,4,4
2,8,65,4,4
2,8,66,4,4
2,8,76,4,4
2,8,77,4,4
2,8,80,5,5
2,8,86,5,5
2,8,92,5,5
2,8,95,5,5
2,8,98,5,5
2,8,99,5,5
2,8,100,6,6
2,8,102,6,6
2,8,107,6,6
2,8,109,6,6
2,8,115,6,6
2,8,117,6,6
2,8,120,7,7
2,8,121,7,2
2,8,122,7,7
2,8,126,7,7
2,8,132,7,7
2,8,134,7,7
2,8,141,8,3
2,8,143,8,8
2,8,144,8,8
2,8,152,8,8
2,8,155,8,8
2,8,157,8,8
2,8,162,9,9
2,8,164,9,9
2,8,170,9,9
2,8,174,9,9
2,8,175,9,9
2,8,177,9,9
2,8,181,10,10
2,8,183,10,10
2,8,186,10,10
2,8,188,10,10
2,8,189,10,10
2,8,190,10,10
2,8,202,11,11
2,8,204,11,11
2,8,208,11,11
2,8,209,11,11
2,8,214,11,11
2,8,217,11,11
2,8,224,12,12
2,8,225,12,15
2,8,228,12,12
2,8,229,12,12
2,8,236,12,12
2,8,239,12,12
2,8,241,13,13
2,8,245,13,13
2,8,251,13,13
2,8,252,13,13
2,8,254,13,13
2,8,257,13,13
2,8,264,14,14
2,8,265,14,14
2,8,267,14,14
2,8,269,14,14
2,8,272,14,14
2,8,278,14,14
2,8,280,15,15
2,8,283,15,15
2,8,291,15,12
2,8,292,15,15
2,8,295,15,15
2,8,296,15,15
2,9,1,1,1
2,9,8,1,1
2,9,10,1,1
2,9,11,1,1
2,9,12,1,1
2,9,19,1,1
2,9,21,2,2
2,9,23,2,2
2,9,25,2,2
2,9,32,2,2
2,9,33,2,2
2,9,36,2,2
2,9,46,3,3
2,9,48,3,3
2,9,52,3,3
2,9,53,3,3
2,9,56,3,8
2,9,58,3,3
2,9,62,4,4
2,9,67,4,4
2,9,70,4,4
2,9,73,4,4
2,9,75,4,4
2,9,77,4,4
2,9,85,5,5
2,9,87,5,5
2,9,88,5,5
2,9,89,5,5
2,9,97,5,5
2,9,99,5,5
2,9,105,6,6
2,9,106,6,4
2,9,109,6,6
2,9,110,6,6
2,9,113,6,6
2,9,117,6,6
2,9,120,7,7
2,9,123,7,7
2,9,127,7,7
2,9,135,7,7
2,9,136,7,7
2,9,137,7,7
2,9,142,8,3
2,9,144,8,8
2,9,145,8,8
2,9,146,8,8
2,9,147,8,8
2,9,159,8,8
2,9,163,9,9
2,9,164,9,9
2,9,165,9,9
2,9,166,9,9
2,9,168,9,9
2,9,170,9,9
2,9,180,10,10
2,9,184,10,10
2,9,185,10,10
2,9,192,10,10
2,9,194,10,10
2,9,199,10,10
2,9,202,11,11
2,9,207,11,11
2,9,212,11,11
2,9,213,11,11
2,9,216,11,11
2,9,217,11,11
2,9,221,12,12
2,9,223,12,12
2,9,229,12,12
2,9,232,12,15
2,9,234,12,12
2,9,237,12,12
2,9,243,13,13
2,9,245,13,13
2,9,247,13,13
2,9,250,13,13
2,9,256,13,13
2,9,257,13,13
2,9,262,14,14
2,9,264,14,14
2,9,267,14,14
2,9,268,14,14
2,9,276,14,14
2,9,279,14,14
2,9,281,15,15
2,9,284,15,15
2,9,287,15,15
2,9,291,15,15
2,9,295,15,15
2,9,299,15,15
2,10,0,1,1
2,10,8,1,1
2,10,10,1,1
2,10,11,1,1
2,10,16,1,1
2,10,17,1,1
2,10,21,2,2
2,10,25,2,2
2,10,28,2,2
2,10,36,2,2
2,10,37,2,2
2,10,38,2,2
2,10,40,3,3
2,10,44,3,3
2,10,48,3,3
2,10,49,3,3
2,10,56,3,3
2,10,59,3,3
2,10,66,4,4
2,10,67,4,4
2,10,68,4,4
2,10,74,4,4
2,10,77,4,4
2,10,79,4,4
2,10,83,5,5
2,10,84,5,5
2,10,87,5,5
2,10,90,5,5
2,10,92,5,5
2,10,94,5,5
2,10,104,6,6
2,10,107,6,6
2,10,111,6,6
2,10,112,6,6
2,10,116,6,6
2,10,118,6,6
2,10,120,7,7
2,10,124,7,7
2,10,126,7,7
2,10,127,7,7
2,10,130,7,7
2,10,135,7,7
2,10,142,8,8
2,10,143,8,8
2,10,144,8,8
2,10,145,8,8
2,10,153,8,8
2,10,156,8,8
2,10,163,9,9
2,10,164,9,9
2,10,168,9,9
2,10,173,9,9
2,10,175,9,9
2,10,176,9,9
2,10,181,10,10
2,10,182,10,10
2,10,188,10,10
2,10,193,10,10
2,10,194,10,10
2,10,198,10,10
2,10,200,11,11
2,10,203,11,11
2,10,205,11,11
2,10,207,11,11
2,10,215,11,11
2,10,219,11,11
2,10,220,12,12
2,10,223,12,12
2,10,227,12,12
2,10,229,12,12
2,10,233,12,12
2,10,235,12,12
2,10,242,13,13
2,10,243,13,13
2,10,244,13,13
2,10,246,13,13
2,10,248,13,13
2,10,250,13,13
2,10,261,14,14
2,10,263,14,14
2,10,264,14,14
2,10,265,14,14
2,10,273,14,14
2,10,279,14,14
2,10,280,15,15
2,10,281,15,15
2,10,282,15,15
2,10,285,15,15
2,10,286,15,12
2,10,294,15,12
10,1,5,1,1
10,1,9,1,1
10,1,11,1,1
10,1,15,1,1
10,1,17,1,1
10,1,19,1,1
10,1,20,2,2
10,1,22,2,2
10,1,24,2,7
10,1,26,2,7
10,1,34,2,2
10,1,38,2,2
10,1,41,3,3
10,1,42,3,3
10,1,46,3,8
10,1,49,3,3
10,1,53,3,3
10,1,54,3,3
10,1,63,4,4
10,1,65,4,4
10,1,70,4,4
10,1,74,4,4
10,1,75,4,4
10,1,79,4,4
10,1,82,5,5
10,1,87,5,5
10,1,89,5,5
10,1,92,5,5
10,1,94,5,5
10,1,98,5,5
10,1,101,6,6
10,1,103,6,6
10,1,108,6,6
10,1,109,6,6
10,1,114,6,6
10,1,116,6,6
10,1,120,7,7
10,1,121,7,7
10,1,128,7,7
10,1,132,7,7
10,1,134,7,2
10,1,138,7,7
10,1,147,8,8
10,1,150,8,8
10,1,152,8,8
10,1,153,8,8
10,1,155,8,3
10,1,159,8,8
10,1,160,9,9
10,1,163,9,9
10,1,164,9,9
10,1,168,9,9
10,1,169,9,9
10,1,175,9,9
10,1,187,10,10
10,1,188,10,10
10,1,190,10,10
10,1,192,10,10
10,1,194,10,5
10,1,197,10,10
10,1,200,11,11
10,1,204,11,13
10,1,210,11,11
10,1,212,11,11
10,1,214,11,13
10,1,216,11,11
10,1,221,12,12
10,1,226,12,13
10,1,228,12,12
10,1,233,12,12
10,1,237,12,12
10,1,239,12,12
10,1,244,13,13
10,1,246,13,13
10,1,249,13,13
10,1,251,13,13
10,1,252,13,13
10,1,255,13,13
10,1,260,14,14
10,1,263,14,14
10,1,265,14,14
10,1,269,14,14
10,1,273,14,14
10,1,278,14,14
10,1,280,15,15
10,1,283,15,15
10,1,290,15,15
10,1,295,15,15
10,1,297,15,15
10,1,299,15,15
10,2,4,1,1
10,2,7,1,1
10,2,11,1,1
10,2,15,1,1
10,2,16,1,1
10,2,17,1,1
10,2,20,2,2
10,2,24,2,7
10,2,26,2,7
10,2,31,2,2
10,2,38,2,2
10,2,39,2,2
10,2,41,3,3
10,2,42,3,3
10,2,46,3,8
10,2,51,3,3
10,2,52,3,3
10,2,56,3,3
10,2,61,4,4
10,2,64,4,9
10,2,66,4,9
10,2,68,4,4
10,2,70,4,4
10,2,79,4,4
10,2,81,5,5
10,2,82,5,5
10,2,84,5,10
10,2,88,5,10
10,2,89,5,5
10,2,95,5,5
10,2,101,6,6
10,2,103,6,6
10,2,107,6,6
10,2,109,6,6
10,2,110,6,6
10,2,115,6,6
10,2,121,7,7
10,2,124,7,7
10,2,125,7,7
10,2,128,7,7
10,2,131,7,7
10,2,136,7,7
10,2,143,8,8
10,2,150,8,8
10,2,153,8,8
10,2,155,8,3
10,2,156,8,8
10,2,158,8,8
10,2,162,9,9
10,2,167,9,9
10,2,171,9,9
10,2,175,9,9
10,2,177,9,9
10,2,178,9,9
10,2,182,10,10
10,2,188,10,10
10,2,191,10,10
10,2,195,10,10
10,2,198,10,10
10,2,199,10,10
10,2,203,11,11
10,2,206,11,11
10,2,207,11,11
10,2,214,11,13
10,2,215,11,13
10,2,219,11,11
10,2,223,12,12
10,2,224,12,12
10,2,228,12,12
10,2,229,12,12
10,2,230,12,12
10,2,236,12,12
10,2,245,13,13
10,2,252,13,13
10,2,253,13,13
10,2,256,13,13
10,2,257,13,13
10,2,258,13,13
10,2,260,14,14
10,2,262,14,14
10,2,267,14,14
10,2,270,14,14
10,2,271,14,14
10,2,277,14,14
10,2,280,15,15
10,2,283,15,15
10,2,284,15,15
10,2,294,15,13
10,2,298,15,15
10,2,299,15,15
10,3,10,1,1
10,3,13,1,1
10,3,14,1,1
10,3,15,1,1
10,3,16,1,1
10,3,19,1,1
10,3,20,2,2
10,3,23,2,2
10,3,24,2,7
10,3,26,2,7
10,3,34,2,2
10,3,35,2,2
10,3,40,3,3
10,3,46,3,8
10,3,47,3,3
10,3,50,3,3
10,3,55,3,3
10,3,57,3,3
10,3,62,4,4
10,3,70,4,4
10,3,73,4,4
10,3,74,4,4
10,3,76,4,4
10,3,78,4,4
10,3,80,5,5
10,3,81,5,5
10,3,89,5,5
10,3,94,5,5
10,3,97,5,5
10,3,98,5,5
10,3,100,6,6
10,3,104,6,6
10,3,105,6,6
10,3,107,6,6
10,3,109,6,6
10,3,111,6,6
10,3,122,7,7
10,3,123,7,7
10,3,130,7,7
10,3,131,7,7
10,3,132,7,7
10,3,136,7,7
10,3,142,8,8
10,3,144,8,8
10,3,145,8,3
10,3,148,8,8
10,3,150,8,3
10,3,159,8,8
10,3,160,9,9
10,3,163,9,9
10,3,168,9,9
10,3,173,9,9
10,3,175,9,9
10,3,177,9,9
10,3,182,10,10
10,3,184,10,10
10,3,185,10,5
10,3,186,10,10
10,3,191,10,10
10,3,194,10,5
10,3,201,11,11
10,3,206,11,11
10,3,210,11,11
10,3,212,11,11
10,3,216,11,11
10,3,219,11,11
10,3,220,12,12
10,3,222,12,12
10,3,226,12,13
10,3,227,12,12
10,3,232,12,12
10,3,233,12,12
10,3,241,13,13
10,3,247,13,13
10,3,248,13,13
10,3,252,13,13
10,3,254,13,13
10,3,258,13,13
10,3,260,14,14
10,3,261,14,13
10,3,263,14,14
10,3,265,14,14
10,3,276,14,14
10,3,277,14,14
10,3,282,15,13
10,3,284,15,15
10,3,290,15,15
10,3,292,15,15
10,3,296,15,15
10,3,297,15,15
10,4,4,1,1
10,4,8,1,1
10,4,10,1,1
10,4,11,1,1
10,4,12,1,1
10,4,15,1,1
10,4,22,2,2
10,4,24,2,7
10,4,27,2,2
10,4,29,2,2
10,4,30,2,2
10,4,37,2,2
10,4,44,3,3
10,4,48,3,3
10,4,50,3,3
10,4,55,3,3
10,4,57,3,3
10,4,59,3,3
10,4,70,4,4
10,4,72,4,4
10,4,73,4,4
10,4,74,4,4
10,4,76,4,4
10,4,79,4,4
10,4,82,5,5
10,4,90,5,5
10,4,92,5,5
10,4,93,5,5
10,4,98,5,5
10,4,99,5,5
10,4,106,6,6
10,4,108,6,6
10,4,110,6,6
10,4,111,6,6
10,4,113,6,6
10,4,116,6,6
10,4,122,7,7
10,4,123,7,7
10,4,128,7,7
10,4,133,7,7
10,4,137,7,7
10,4,138,7,7
10,4,141,8,8
10,4,142,8,8
10,4,144,8,8
10,4,149,8,8
10,4,152,8,8
10,4,156,8,8
10,4,161,9,9
10,4,173,9,9
10,4,175,9,9
10,4,176,9,9
10,4,178,9,9
10,4,179,9,9
10,4,180,10,10
10,4,188,10,10
10,4,192,10,10
10,4,193,10,10
10,4,194,10,5
10,4,197,10,10
10,4,204,11,13
10,4,207,11,11
10,4,209,11,11
10,4,210,11,11
10,4,214,11,13
10,4,218,11,11
10,4,220,12,12
10,4,221,12,12
10,4,222,12,12
10,4,232,12,12
10,4,236,12,12
10,4,237,12,12
10,4,243,13,13
10,4,244,13,13
10,4,245,13,13
10,4,246,13,13
10,4,250,13,13
10,4,253,13,13
10,4,261,14,13
10,4,263,14,14
10,4,267,14,14
10,4,270,14,14
10,4,271,14,14
10,4,272,14,14
10,4,280,15,15
10,4,281,15,15
10,4,283,15,15
10,4,288,15,13
10,4,292,15,15
10,4,299,15,15
10,5,2,1,1
10,5,3,1,1
10,5,6,1,1
10,5,7,1,1
10,5,10,1,1
10,5,18,1,1
10,5,23,2,2
10,5,27,2,2
10,5,28,2,2
10,5,31,2,2
10,5,37,2,2
10,5,39,2,2
10,5,43,3,3
10,5,46,3,8
10,5,48,3,8
10,5,49,3,3
10,5,57,3,3
10,5,58,3,3
10,5,60,4,4
10,5,61,4,4
10,5,66,4,9
10,5,71,4,4
10,5,74,4,4
10,5,75,4,4
10,5,83,5,5
10,5,85,5,5
10,5,86,5,10
10,5,90,5,5
10,5,93,5,5
10,5,97,5,5
10,5,106,6,6
10,5,109,6,6
10,5,110,6,6
10,5,113,6,6
10,5,114,6,6
10,5,118,6,6
10,5,124,7,7
10,5,125,7,7
10,5,127,7,7
10,5,135,7,7
10,5,136,7,7
10,5,137,7,7
10,5,146,8,8
10,5,150,8,8
10,5,153,8,8
10,5,157,8,8
10,5,158,8,8
10,5,159,8,8
10,5,160,9,9
10,5,162,9,9
10,5,164,9,9
10,5,168,9,9
10,5,175,9,9
10,5,177,9,9
10,5,184,10,10
10,5,193,10,10
10,5,194,10,10
10,5,196,10,10
10,5,197,10,10
10,5,199,10,10
10,5,200,11,11
10,5,202,11,11
10,5,209,11,11
10,5,210,11,11
10,5,212,11,11
10,5,213,11,11
10,5,220,12,12
10,5,222,12,12
10,5,228,12,12
10,5,231,12,12
10,5,232,12,12
10,5,239,12,12
10,5,240,13,13
10,5,243,13,13
10,5,247,13,13
10,5,256,13,13
10,5,257,13,13
10,5,259,13,13
10,5,264,14,14
10,5,265,14,14
10,5,272,14,14
10,5,276,14,14
10,5,278,14,14
10,5,279,14,14
10,5,280,15,15
10,5,283,15,15
10,5,287,15,15
10,5,289,15,15
10,5,295,15,15
10,5,299,15,15
10,6,1,1,1
10,6,2,1,1
10,6,7,1,1
10,6,10,1,1
10,6,13,1,1
10,6,19,1,1
10,6,20,2,2
10,6,23,2,2
10,6,30,2,2
10,6,32,2,2
10,6,35,2,2
10,6,38,2,2
10,6,40,3,3
10,6,41,3,8
10,6,47,3,3
10,6,48,3,8
10,6,52,3,3
10,6,59,3,3
10,6,60,4,4
10,6,66,4,4
10,6,67,4,4
10,6,71,4,4
10,6,76,4,4
10,6,78,4,4
10,6,86,5,10
10,6,89,5,5
10,6,90,5,5
10,6,91,5,5
10,6,96,5,5
10,6,98,5,5
10,6,102,6,6
10,6,106,6,6
10,6,108,6,6
10,6,114,6,1
10,6,115,6,6
10,6,116,6,6
10,6,125,7,2
10,6,126,7,7
10,6,133,7,7
10,6,134,7,2
10,6,135,7,7
10,6,137,7,7
10,6,140,8,8
10,6,149,8,8
10,6,153,8,8
10,6,157,8,8
10,6,158,8,8
10,6,159,8,8
10,6,164,9,9
10,6,168,9,9
10,6,172,9,9
10,6,173,9,9
10,6,175,9,9
10,6,177,9,9
10,6,182,10,10
10,6,186,10,10
10,6,187,10,10
10,6,189,10,10
10,6,190,10,10
10,6,193,10,10
10,6,203,11,11
10,6,208,11,11
10,6,210,11,11
10,6,212,11,11
10,6,214,11,13
10,6,217,11,11
10,6,220,12,12
10,6,222,12,12
10,6,227,12,12
10,6,228,12,12
10,6,229,12,12
10,6,238,12,12
10,6,240,13,13
10,6,250,13,13
10,6,251,13,13
10,6,254,13,13
10,6,257,13,13
10,6,259,13,13
10,6,262,14,14
10,6,273,14,14
10,6,275,14,14
10,6,276,14,14
10,6,278,14,14
10,6,279,14,14
10,6,283,15,15
10,6,290,15,15
10,6,291,15,15
10,6,292,15,15
10,6,294,15,13
10,6,298,15,15
10,7,1,1,1
10,7,4,1,1
10,7,12,1,1
10,7,14,1,1
10,7,16,1,1
10,7,17,1,1
10,7,20,2,2
10,7,21,2,2
10,7,31,2,2
10,7,33,2,2
10,7,34,2,2
10,7,38,2,2
10,7,41,3,3
10,7,42,3,3
10,7,47,3,3
10,7,54,3,3
10,7,55,3,3
10,7,56,3,3
10,7,60,4,4
10,7,61,4,4
10,7,64,4,4
10,7,65,4,4
10,7,69,4,4
10,7,75,4,4
10,7,82,5,5
10,7,83,5,5
10,7,85,5,5
10,7,86,5,10
10,7,91,5,5
10,7,92,5,5
10,7,101,6,6
10,7,108,6,6
10,7,109,6,6
10,7,110,6,6
10,7,114,6,6
10,7,116,6,6
10,7,121,7,7
10,7,124,7,7
10,7,127,7,7
10,7,128,7,7
10,7,131,7,7
10,7,136,7,7
10,7,141,8,8
10,7,144,8,8
10,7,148,8,8
10,7,151,8,3
10,7,154,8,3
10,7,156,8,8
10,7,163,9,9
10,7,169,9,9
10,7,172,9,9
10,7,174,9,4
10,7,176,9,9
10,7,179,9,9
10,7,180,10,10
10,7,182,10,10
10,7,183,10,10
10,7,186,10,10
10,7,194,10,10
10,7,199,10,10
10,7,201,11,11
10,7,208,11,11
10,7,209,11,11
10,7,210,11,11
10,7,211,11,11
10,7,216,11,11
10,7,223,12,12
10,7,224,12,12
10,7,228,12,12
10,7,230,12,12
10,7,232,12,12
10,7,233,12,12
10,7,245,13,13
10,7,247,13,13
10,7,251,13,13
10,7,252,13,13
10,7,254,13,13
10,7,255,13,13
10,7,260,14,14
10,7,263,14,14
10,7,266,14,14
10,7,267,14,14
10,7,271,14,14
10,7,278,14,14
10,7,280,15,15
10,7,286,15,13
10,7,289,15,15
10,7,293,15,15
10,7,294,15,13
10,7,299,15,15
10,8,1,1,1
10,8,6,1,1
10,8,7,1,1
10,8,9,1,1
10,8,17,1,1
10,8,19,1,1
10,8,26,2,7
10,8,28,2,2
10,8,30,2,2
10,8,31,2,2
10,8,34,2,2
10,8,36,2,2
10,8,40,3,3
10,8,41,3,3
10,8,48,3,3
10,8,49,3,3
10,8,51,3,3
10,8,57,3,3
10,8,61,4,4
10,8,63,4,4
10,8,65,4,4
10,8,66,4,4
10,8,76,4,4
10,8,77,4,4
10,8,80,5,5
10,8,86,5,10
10,8,92,5,5
10,8,95,5,5
10,8,98,5,5
10,8,99,5,5
10,8,100,6,6
10,8,102,6,6
10,8,107,6,6
10,8,109,6,6
10,8,115,6,6
10,8,117,6,6
10,8,120,7,7
10,8,121,7,7
10,8,122,7,7
10,8,126,7,7
10,8,132,7,7
10,8,134,7,7
10,8,141,8,8
10,8,143,8,8
10,8,144,8,8
10,8,152,8,8
10,8,155,8,3
10,8,157,8,8
10,8,162,9,9
10,8,164,9,9
10,8,170,9,9
10,8,174,9,4
10,8,175,9,9
10,8,177,9,9
10,8,181,10,10
10,8,183,10,10
10,8,186,10,10
10,8,188,10,10
10,8,189,10,10
10,8,190,10,10
10,8,202,11,11
10,8,204,11,13
10,8,208,11,11
10,8,209,11,11
10,8,214,11,13
10,8,217,11,11
10,8,224,12,12
10,8,225,12,12
10,8,228,12,12
10,8,229,12,12
10,8,236,12,12
10,8,239,12,12
10,8,241,13,13
10,8,245,13,13
10,8,251,13,13
10,8,252,13,13
10,8,254,13,13
10,8,257,13,13
10,8,264,14,14
10,8,265,14,14
10,8,267,14,14
10,8,269,14,14
10,8,272,14,14
10,8,278,14,14
10,8,280,15,15
10,8,283,15,15
10,8,291,15,15
10,8,292,15,15
10,8,295,15,15
10,8,296,15,15
10,9,1,1,1
10,9,8,1,1
10,9,10,1,1
10,9,11,1,1
10,9,12,1,1
10,9,19,1,1
10,9,21,2,2
10,9,23,2,2
10,9,25,2,2
10,9,32,2,2
10,9,33,2,2
10,9,36,2,2
10,9,46,3,8
10,9,48,3,3
10,9,52,3,3
10,9,53,3,3
10,9,56,3,3
10,9,58,3,3
10,9,62,4,4
10,9,67,4,4
10,9,70,4,4
10,9,73,4,4
10,9,75,4,4
10,9,77,4,4
10,9,85,5,5
10,9,87,5,5
10,9,88,5,5
10,9,89,5,5
10,9,97,5,5
10,9,99,5,5
10,9,105,6,6
10,9,106,6,6
10,9,109,6,6
10,9,110,6,6
10,9,113,6,6
10,9,117,6,6
10,9,120,7,7
10,9,123,7,7
10,9,127,7,7
10,9,135,7,7
10,9,136,7,7
10,9,137,7,7
10,9,142,8,8
10,9,144,8,8
10,9,145,8,3
10,9,146,8,8
10,9,147,8,8
10,9,159,8,8
10,9,163,9,9
10,9,164,9,9
10,9,165,9,9
10,9,166,9,9
10,9,168,9,9
10,9,170,9,9
10,9,180,10,10
10,9,184,10,10
10,9,185,10,5
10,9,192,10,10
10,9,194,10,5
10,9,199,10,10
10,9,202,11,11
10,9,207,11,11
10,9,212,11,11
10,9,213,11,11
10,9,216,11,11
10,9,217,11,11
10,9,221,12,12
10,9,223,12,12
10,9,229,12,12
10,9,232,12,12
10,9,234,12,13
10,9,237,12,12
10,9,243,13,13
10,9,245,13,13
10,9,247,13,13
10,9,250,13,13
10,9,256,13,13
10,9,257,13,13
10,9,262,14,14
10,9,264,14,14
10,9,267,14,14
10,9,268,14,14
10,9,276,14,14
10,9,279,14,14
10,9,281,15,15
10,9,284,15,15
10,9,287,15,15
10,9,291,15,15
10,9,295,15,15
10,9,299,15,15
10,10,0,1,1
10,10,8,1,1
10,10,10,1,1
10,10,11,1,1
10,10,16,1,1
10,10,17,1,1
10,10,21,2,2
10,10,25,2,2
10,10,28,2,2
10,10,36,2,2
10,10,37,2,2
10,10,38,2,2
10,10,40,3,3
10,10,44,3,3
10,10,48,3,3
10,10,49,3,3
10,10,56,3,3
10,10,59,3,3
10,10,66,4,9
10,10,67,4,4
10,10,68,4,4
10,10,74,4,4
10,10,77,4,4
10,10,79,4,4
10,10,83,5,5
10,10,84,5,10
10,10,87,5,5
10,10,90,5,5
10,10,92,5,5
10,10,94,5,5
10,10,104,6,6
10,10,107,6,6
10,10,111,6,6
10,10,112,6,6
10,10,116,6,6
10,10,118,6,6
10,10,120,7,7
10,10,124,7,7
10,10,126,7,7
10,10,127,7,7
10,10,130,7,7
10,10,135,7,7
10,10,142,8,8
10,10,143,8,8
10,10,144,8,8
10,10,145,8,8
10,10,153,8,8
10,10,156,8,8
10,10,163,9,9
10,10,164,9,9
10,10,168,9,9
10,10,173,9,9
10,10,175,9,9
10,10,176,9,9
10,10,181,10,10
10,10,182,10,10
10,10,188,10,10
10,10,193,10,10
10,10,194,10,10
10,10,198,10,10
10,10,200,11,11
10,10,203,11,11
10,10,205,11,11
10,10,207,11,11
10,10,215,11,13
10,10,219,11,11
10,10,220,12,12
10,10,223,12,12
10,10,227,12,12
10,10,229,12,12
10,10,233,12,12
10,10,235,12,13
10,10,242,13,13
10,10,243,13,13
10,10,244,13,13
10,10,246,13,13
10,10,248,13,13
10,10,250,13,13
10,10,261,14,14
10,10,263,14,14
10,10,264,14,14
10,10,265,14,14
10,10,273,14,14
10,10,279,14,14
10,10,280,15,15
10,10,281,15,15
10,10,282,15,13
10,10,285,15,15
10,10,286,15,13
10,10,294,15,13
