hks_index,oracle_sigma,correct,total,accuracy_percent,paper_percent,difference_pp
1,0.25,269,300,89.66666666666666,88.7,0.9666666666666544
2,0.0625,240,300,80.0,94.7,-14.700000000000003
3,0.015625,205,300,68.33333333333333,91.3,-22.96666666666667
4,0.25,262,300,87.33333333333333,93.0,-5.666666666666671
5,1.0,271,300,90.33333333333333,92.3,-1.9666666666666686
6,16.0,279,300,93.0,77.3,15.700000000000003
7,1.0,277,300,92.33333333333333,80.0,12.333333333333329
8,1.0,263,300,87.66666666666667,80.7,6.966666666666669
9,0.015625,277,300,92.33333333333333,83.0,9.333333333333329
10,0.0009765625,268,300,89.33333333333333,69.3,20.03333333333333
