time,raw_1,raw_2,raw_3,raw_4,raw_5,normalized_1,normalized_2,normalized_3,normalized_4,normalized_5
0.0,1.4,-0.46180339887498945,-0.23819660112501057,-0.23819660112501023,-0.46180339887498983,0.8854377448471462,-0.2920701143304413,-0.15064875809313183,-0.1506487580931316,-0.29207011433044155
0.041887902047863905,1.3966679854589186,-0.5229395157592458,-0.1897402752643773,-0.2875353783069792,-0.3964528161283163,0.8833303938178225,-0.3307359896609466,-0.12000228674054786,-0.18185334066564476,-0.25073877675068335
0.08377580409572781,1.3866925452061065,-0.5795588861251366,-0.14258172800041452,-0.33733061054112456,-0.3272213205394307,0.8770213714454602,-0.36654522366911785,-0.09017660264078303,-0.21334661076103167,-0.20695293437452766
0.12566370614359174,1.3701353496915916,-0.6313923999591663,-0.09712257204312064,-0.38714876082939625,-0.2544716168599083,0.866549681547342,-0.39932761623819396,-0.061425707974010875,-0.24485437550653413,-0.16094198182860303
0.16755160819145562,1.3470987184322878,-0.6782057808882068,-0.053747764253748054,-0.4365519402147044,-0.17859323307562824,0.8519800366679756,-0.42893499797996554,-0.03399307083672485,-0.27609968960882436,-0.11295227824246078
0.20943951023931953,1.317724926554364,-0.7198010026264525,-0.012822789498474152,-0.48510113442943736,-0.09999999999999987,0.8334024194979769,-0.45524212607448644,-0.008109844154413317,-0.3068048960657096,-0.06324555320336753
0.25132741228718347,1.2821952407122694,-0.7560174493339942,0.02530901040417821,-0.5323594455177937,-0.019127356264659834,0.8109314731357254,-0.47814741814527384,0.016006823640420373,-0.3366936763481089,-0.01209720228276309
0.2932153143350474,1.2407286910873199,-0.7867328121490725,0.0603289437181832,-0.5778953254096377,0.06357050275320719,0.7847057244310771,-0.4975735192760916,0.03815537419631324,-0.36549309549172665,0.04020551614042791
0.33510321638291124,1.1935805880031607,-0.8118637160091009,0.09194529404883922,-0.6212857784681106,0.14762361242521105,0.7548866458106067,-0.513467698447373,0.05815130986565146,-0.39293562756600536,0.0933653703371201
0.37699111843077515,1.1410407934700801,-0.8313660727691704,0.11989544735791224,-0.6621195102394557,0.232549342180633,0.7216575621062474,-0.5258020718679733,0.07582853894716406,-0.4187611471183718,0.14707711793293368
0.41887902047863906,1.083431759672647,-0.8452351585476366,0.1439478056737975,-0.6999999999999997,0.31785559320119106,0.685222409985946,-0.5345736518928139,0.09104058602250191,-0.44271887242357294,0.20102952830793908
0.4607669225265029,1.0211063480335478,-0.8535054151631009,0.16390347394768168,-0.7345484752194621,0.4030440684013328,0.6458043586085214,-0.5398042214406022,0.10366165881774883,-0.46456924669945016,0.25490745071378224
0.5026548245743669,0.9544454440095154,-0.856249977462036,0.17959770811421827,-0.7654067667379951,0.48761359207629684,0.6036443010881563,-0.541540035049575,0.11358756403740686,-0.4840857438794544,0.30839391380346626
0.5445427266222308,0.8838553841921934,-0.8535799302579238,0.1909011141067014,-0.7922400242819538,0.5710634562409824,0.5589992272501029,-0.5398513489245432,0.12073646568817537,-0.5010565860556154,0.3611722420418805
0.5864306286700948,0.809765213587742,-0.8456433004975649,0.19772058934028836,-0.8147392729144943,0.6528967704840278,0.5121404889819988,-0.534831783526901,0.12504948052522416,-0.5152863603198667,0.4129281743395448
0.6283185307179586,0.7326237921249263,-0.8326237921249264,0.20000000000000007,-0.8326237921249263,0.732623792124926,0.4633519702288996,-0.5265975234322672,0.12649110640673528,-0.5265975234322671,0.4633519702288994
0.6702064327658225,0.6528967704840286,-0.8147392729144943,0.19772058934028847,-0.8456433004975648,0.8097652135877418,0.41292817433954504,-0.5152863603198667,0.1250494805252241,-0.534831783526901,0.5121404889819984
0.7120943348136864,0.5710634562409831,-0.7922400242819541,0.19090111410670152,-0.8535799302579237,0.8838553841921932,0.36117224204188075,-0.5010565860556155,0.12073646568817537,-0.5398513489245431,0.5589992272501026
0.7539822368615503,0.48761359207629773,-0.7654067667379952,0.17959770811421816,-0.856249977462036,0.9544454440095154,0.30839391380346665,-0.4840857438794544,0.11358756403740666,-0.5415400350495749,0.603644301088156
0.7958701389094142,0.403044068401334,-0.7345484752194626,0.16390347394768212,-0.8535054151631007,1.0211063480335476,0.2549074507137829,-0.4645692466994506,0.10366165881774898,-0.5398042214406022,0.6458043586085211
0.8377580409572781,0.3178555932011923,-0.7000000000000002,0.1439478056737975,-0.8452351585476366,1.0834317596726473,0.20102952830793966,-0.4427188724235732,0.09104058602250174,-0.5345736518928139,0.6852224099859457
0.8796459430051421,0.23254934218063414,-0.6621195102394561,0.11989544735791247,-0.8313660727691703,1.1410407934700801,0.14707711793293424,-0.4187611471183722,0.07582853894716404,-0.5258020718679733,0.7216575621062472
0.9215338450530058,0.14762361242521269,-0.6212857784681114,0.09194529404883933,-0.8118637160091012,1.1935805880031598,0.09336537033712117,-0.39293562756600575,0.05815130986565157,-0.5134676984473732,0.7548866458106063
0.9634217471008698,0.06357050275320703,-0.5778953254096375,0.060328943718183314,-0.786732812149073,1.2407286910873192,0.04020551614042793,-0.3654930954917265,0.03815537419631344,-0.4975735192760919,0.784705724431077
1.0053096491487339,-0.019127356264660278,-0.5323594455177936,0.025309010404178434,-0.7560174493339947,1.282195240712269,-0.012097202282763212,-0.3366936763481087,0.016006823640420678,-0.4781474181452741,0.8109314731357253
1.0471975511965979,-0.10000000000000026,-0.48510113442943764,-0.01282278949847393,-0.7198010026264521,1.3177249265543645,-0.06324555320336779,-0.3068048960657097,-0.008109844154413215,-0.45524212607448605,0.8334024194979769
1.0890854532444616,-0.17859323307562824,-0.4365519402147052,-0.05374776425374739,-0.6782057808882074,1.3470987184322876,-0.11295227824246064,-0.27609968960882475,-0.0339930708367243,-0.4289349979799657,0.8519800366679754
1.1309733552923256,-0.25447161685990827,-0.38714876082939653,-0.09712257204312041,-0.6313923999591669,1.3701353496915916,-0.16094198182860292,-0.24485437550653422,-0.06142570797401068,-0.39932761623819424,0.866549681547342
1.1728612573401895,-0.32722132053943065,-0.3373306105411248,-0.1425817280004143,-0.5795588861251373,1.3866925452061065,-0.20695293437452753,-0.2133466107610317,-0.09017660264078282,-0.3665452236691182,0.8770213714454602
1.2147491593880533,-0.39645281612831584,-0.2875353783069795,-0.18974027526437703,-0.5229395157592464,1.3966679854589183,-0.250738776750683,-0.18185334066564493,-0.12000228674054764,-0.3307359896609469,0.8833303938178225
1.2566370614359172,-0.46180339887498945,-0.23819660112501057,-0.23819660112501023,-0.46180339887498983,1.4,-0.2920701143304412,-0.1506487580931318,-0.15064875809313158,-0.2920701143304415,0.8854377448471461
1.2985249634837812,-0.5229395157592458,-0.1897402752643773,-0.2875353783069792,-0.3964528161283163,1.3966679854589186,-0.3307359896609466,-0.12000228674054786,-0.18185334066564476,-0.25073877675068335,0.8833303938178225
1.340412865531645,-0.5795588861251366,-0.14258172800041452,-0.33733061054112456,-0.3272213205394307,1.3866925452061065,-0.3665452236691179,-0.09017660264078303,-0.21334661076103167,-0.20695293437452766,0.8770213714454603
1.382300767579509,-0.6313923999591663,-0.09712257204312064,-0.38714876082939625,-0.2544716168599083,1.3701353496915916,-0.39932761623819396,-0.061425707974010875,-0.24485437550653413,-0.16094198182860303,0.866549681547342
1.424188669627373,-0.6782057808882068,-0.053747764253747665,-0.4365519402147049,-0.17859323307562824,1.3470987184322878,-0.4289349979799654,-0.033993070836724565,-0.27609968960882464,-0.11295227824246074,0.8519800366679754
1.4660765716752366,-0.7198010026264523,-0.012822789498474152,-0.48510113442943736,-0.10000000000000148,1.317724926554365,-0.455242126074486,-0.008109844154413242,-0.3068048960657094,-0.06324555320336844,0.833402419497977
1.5079644737231006,-0.7560174493339942,0.02530901040417821,-0.5323594455177937,-0.019127356264659834,1.2821952407122694,-0.47814741814527384,0.016006823640420397,-0.3366936763481089,-0.01209720228276307,0.8109314731357254
1.5498523757709646,-0.7867328121490725,0.0603289437181832,-0.5778953254096368,0.06357050275320547,1.2407286910873208,-0.49757351927609156,0.038155374196313235,-0.36549309549172604,0.04020551614042681,0.7847057244310776
1.5917402778188283,-0.8118637160091008,0.09194529404883889,-0.6212857784681106,0.14762361242521105,1.1935805880031614,-0.5134676984473728,0.05815130986565116,-0.3929356275660053,0.09336537033712,0.7548866458106069
1.6336281798666923,-0.8313660727691703,0.11989544735791202,-0.6621195102394557,0.232549342180633,1.1410407934700808,-0.5258020718679732,0.0758285389471638,-0.41876114711837176,0.14707711793293354,0.7216575621062474
1.6755160819145563,-0.8452351585476366,0.14394780567379706,-0.6999999999999997,0.31785559320119106,1.083431759672648,-0.5345736518928138,0.09104058602250155,-0.44271887242357283,0.201029528307939,0.6852224099859462
1.71740398396242,-0.8535054151631009,0.16390347394768168,-0.7345484752194621,0.4030440684013328,1.0211063480335483,-0.5398042214406024,0.10366165881774878,-0.46456924669945027,0.2549074507137822,0.6458043586085215
1.7592918860102842,-0.856249977462036,0.17959770811421827,-0.7654067667379951,0.48761359207629684,0.9544454440095163,-0.5415400350495749,0.11358756403740672,-0.4840857438794543,0.3083939138034661,0.6036443010881566
1.801179788058148,-0.8535799302579238,0.1909011141067014,-0.7922400242819538,0.5710634562409824,0.883855384192194,-0.5398513489245431,0.12073646568817527,-0.5010565860556154,0.3611722420418802,0.558999227250103
1.8430676901060117,-0.845643300497565,0.19772058934028836,-0.8147392729144943,0.6528967704840278,0.8097652135877427,-0.534831783526901,0.12504948052522405,-0.5152863603198666,0.41292817433954465,0.512140488981999
1.8849555921538759,-0.8326237921249264,0.20000000000000007,-0.8326237921249263,0.732623792124926,0.7326237921249269,-0.5265975234322671,0.12649110640673517,-0.526597523432267,0.4633519702288992,0.4633519702288998
1.9268434942017396,-0.8147392729144944,0.19772058934028847,-0.8456433004975648,0.8097652135877418,0.6528967704840289,-0.5152863603198667,0.12504948052522408,-0.534831783526901,0.5121404889819984,0.41292817433954526
1.9687313962496038,-0.7922400242819541,0.19090111410670152,-0.8535799302579237,0.8838553841921932,0.5710634562409834,-0.5010565860556155,0.1207364656881753,-0.5398513489245431,0.5589992272501024,0.36117224204188086
2.0106192982974678,-0.7654067667379952,0.17959770811421816,-0.856249977462036,0.9544454440095154,0.4876135920762978,-0.4840857438794544,0.11358756403740665,-0.5415400350495749,0.603644301088156,0.30839391380346665
2.0525072003453313,-0.7345484752194626,0.16390347394768212,-0.8535054151631007,1.0211063480335476,0.4030440684013337,-0.4645692466994506,0.10366165881774903,-0.5398042214406022,0.6458043586085211,0.25490745071378274
2.0943951023931957,-0.6999999999999997,0.14394780567379728,-0.8452351585476366,1.0834317596726473,0.3178555932011921,-0.442718872423573,0.09104058602250159,-0.5345736518928139,0.6852224099859457,0.20102952830793955
2.1362830044410592,-0.6621195102394561,0.11989544735791247,-0.8313660727691703,1.1410407934700801,0.23254934218063394,-0.4187611471183721,0.07582853894716407,-0.5258020718679732,0.7216575621062472,0.14707711793293413
2.178170906488923,-0.6212857784681114,0.09194529404883933,-0.8118637160091012,1.1935805880031598,0.14762361242521385,-0.3929356275660059,0.0581513098656514,-0.5134676984473733,0.754886645810606,0.09336537033712174
2.220058808536787,-0.5778953254096375,0.060328943718183314,-0.7867328121490723,1.2407286910873203,0.06357050275320641,-0.3654930954917265,0.0381553741963133,-0.49757351927609145,0.7847057244310774,0.0402055161404274
2.261946710584651,-0.5323594455177936,0.025309010404178434,-0.7560174493339947,1.282195240712269,-0.019127356264658946,-0.3366936763481088,0.016006823640420477,-0.47814741814527434,0.8109314731357252,-0.012097202282762573
2.303834612632515,-0.48510113442943764,-0.01282278949847393,-0.7198010026264521,1.3177249265543645,-0.10000000000000064,-0.3068048960657097,-0.008109844154413175,-0.45524212607448605,0.833402419497977,-0.06324555320336801
2.345722514680379,-0.4365519402147046,-0.05374776425374783,-0.6782057808882074,1.3470987184322876,-0.17859323307562736,-0.2760996896088245,-0.03399307083672471,-0.4289349979799658,0.8519800366679753,-0.11295227824246021
2.3876104167282426,-0.38714876082939653,-0.09712257204312041,-0.6313923999591669,1.3701353496915916,-0.2544716168599074,-0.2448543755065343,-0.061425707974010764,-0.39932761623819435,0.8665496815473419,-0.16094198182860245
2.4294983187761066,-0.3373306105411248,-0.1425817280004143,-0.5795588861251373,1.3866925452061065,-0.32722132053943,-0.21334661076103179,-0.0901766026407829,-0.36654522366911824,0.8770213714454602,-0.20695293437452716
2.4713862208239705,-0.2875353783069795,-0.18974027526437703,-0.5229395157592464,1.3966679854589183,-0.3964528161283155,-0.181853340665645,-0.12000228674054768,-0.330735989660947,0.8833303938178225,-0.2507387767506829
2.5132741228718345,-0.23819660112501057,-0.23819660112501023,-0.46180339887498983,1.4,-0.4618033988749891,-0.15064875809313186,-0.15064875809313166,-0.29207011433044155,0.8854377448471462,-0.2920701143304411
2.5551620249196985,-0.1897402752643773,-0.2875353783069792,-0.3964528161283163,1.3966679854589186,-0.5229395157592456,-0.12000228674054789,-0.1818533406656448,-0.25073877675068335,0.8833303938178225,-0.33073598966094647
2.5970499269675624,-0.14258172800041452,-0.33733061054112456,-0.3272213205394307,1.3866925452061065,-0.5795588861251366,-0.09017660264078305,-0.21334661076103167,-0.20695293437452766,0.8770213714454603,-0.3665452236691179
2.6389378290154264,-0.09712257204312064,-0.38714876082939625,-0.2544716168599083,1.3701353496915916,-0.6313923999591663,-0.061425707974010896,-0.24485437550653416,-0.16094198182860306,0.8665496815473421,-0.399327616238194
2.68082573106329,-0.053747764253748054,-0.4365519402147044,-0.17859323307562824,1.3470987184322878,-0.6782057808882068,-0.03399307083672485,-0.27609968960882436,-0.11295227824246076,0.8519800366679754,-0.4289349979799655
2.722713633111154,-0.012822789498474152,-0.48510113442943736,-0.10000000000000148,1.317724926554365,-0.7198010026264516,-0.008109844154413329,-0.3068048960657095,-0.06324555320336854,0.8334024194979771,-0.4552421260744857
2.764601535159018,0.02530901040417821,-0.5323594455177937,-0.019127356264659834,1.2821952407122694,-0.7560174493339944,0.016006823640420397,-0.3366936763481089,-0.01209720228276307,0.8109314731357254,-0.478147418145274
2.806489437206882,0.0603289437181832,-0.5778953254096368,0.06357050275320547,1.2407286910873208,-0.786732812149072,0.03815537419631316,-0.36549309549172615,0.04020551614042673,0.7847057244310776,-0.49757351927609134
2.848377339254746,0.09194529404883922,-0.6212857784681114,0.14762361242521282,1.1935805880031602,-0.811863716009101,0.058151309865651396,-0.39293562756600586,0.09336537033712115,0.7548866458106064,-0.513467698447373
2.8902652413026098,0.11989544735791224,-0.6621195102394557,0.232549342180633,1.1410407934700808,-0.8313660727691701,0.07582853894716393,-0.4187611471183718,0.14707711793293354,0.7216575621062475,-0.5258020718679731
2.9321531433504733,0.14394780567379706,-0.6999999999999997,0.31785559320119106,1.083431759672648,-0.8452351585476365,0.09104058602250154,-0.4427188724235729,0.20102952830793896,0.6852224099859462,-0.5345736518928138
2.9740410453983377,0.163903473947682,-0.7345484752194621,0.4030440684013328,1.0211063480335483,-0.8535054151631007,0.10366165881774891,-0.46456924669945027,0.2549074507137821,0.6458043586085215,-0.5398042214406022
3.015928947446201,0.17959770811421827,-0.7654067667379951,0.48761359207629684,0.9544454440095163,-0.856249977462036,0.11358756403740668,-0.48408574387945424,0.30839391380346604,0.6036443010881565,-0.5415400350495748
3.057816849494065,0.1909011141067014,-0.7922400242819538,0.5710634562409824,0.883855384192194,-0.8535799302579238,0.12073646568817527,-0.5010565860556153,0.3611722420418803,0.558999227250103,-0.5398513489245431
3.099704751541929,0.19772058934028836,-0.8147392729144943,0.6528967704840278,0.8097652135877427,-0.8456433004975651,0.12504948052522405,-0.5152863603198666,0.4129281743395446,0.5121404889819989,-0.534831783526901
3.141592653589793,0.20000000000000007,-0.8326237921249263,0.732623792124926,0.7326237921249269,-0.8326237921249265,0.1264911064067352,-0.526597523432267,0.4633519702288992,0.4633519702288998,-0.5265975234322672
3.1834805556376566,0.19772058934028847,-0.8456433004975645,0.8097652135877402,0.6528967704840306,-0.8147392729144949,0.1250494805252241,-0.5348317835269008,0.5121404889819974,0.4129281743395463,-0.5152863603198671
3.225368457685521,0.19090111410670152,-0.8535799302579237,0.8838553841921932,0.5710634562409834,-0.7922400242819542,0.12073646568817534,-0.5398513489245431,0.5589992272501024,0.36117224204188086,-0.5010565860556156
3.2672563597333846,0.17959770811421838,-0.8562499774620359,0.9544454440095138,0.48761359207629956,-0.7654067667379961,0.11358756403740684,-0.5415400350495748,0.603644301088155,0.30839391380346787,-0.48408574387945486
3.309144261781249,0.1639034739476819,-0.8535054151631007,1.0211063480335476,0.4030440684013337,-0.7345484752194624,0.10366165881774889,-0.5398042214406022,0.6458043586085211,0.25490745071378274,-0.46456924669945043
3.3510321638291125,0.1439478056737975,-0.8452351585476369,1.083431759672646,0.31785559320119394,-0.7000000000000008,0.09104058602250181,-0.5345736518928139,0.6852224099859449,0.2010295283079408,-0.44271887242357355
3.3929200658769765,0.11989544735791247,-0.8313660727691703,1.1410407934700801,0.23254934218063394,-0.6621195102394561,0.07582853894716408,-0.5258020718679732,0.7216575621062472,0.14707711793293415,-0.4187611471183721
3.43480796792484,0.09194529404883978,-0.8118637160091012,1.1935805880031598,0.14762361242521385,-0.6212857784681121,0.0581513098656517,-0.5134676984473732,0.7548866458106059,0.09336537033712175,-0.3929356275660062
3.476695869972705,0.06032894371818309,-0.7867328121490723,1.2407286910873203,0.06357050275320641,-0.5778953254096373,0.038155374196313145,-0.49757351927609145,0.7847057244310774,0.04020551614042739,-0.36549309549172637
3.5185837720205684,0.025309010404178434,-0.7560174493339947,1.282195240712269,-0.019127356264658946,-0.5323594455177942,0.016006823640420564,-0.4781474181452741,0.8109314731357251,-0.012097202282762478,-0.33669367634810915
3.5604716740684323,-0.01282278949847393,-0.7198010026264521,1.3177249265543645,-0.10000000000000064,-0.4851011344294374,-0.00810984415441321,-0.45524212607448605,0.8334024194979769,-0.06324555320336804,-0.30680489606570954
3.602359576116296,-0.05374776425374739,-0.6782057808882074,1.3470987184322876,-0.17859323307562736,-0.4365519402147055,-0.03399307083672438,-0.42893499797996576,0.8519800366679753,-0.11295227824246017,-0.276099689608825
3.64424747816416,-0.09712257204312041,-0.6313923999591669,1.3701353496915916,-0.2544716168599074,-0.38714876082939575,-0.061425707974010896,-0.3993276162381945,0.866549681547342,-0.1609419818286026,-0.244854375506534
3.6861353802120234,-0.14258172800041374,-0.5795588861251373,1.3866925452061065,-0.32722132053943,-0.3373306105411251,-0.09017660264078256,-0.3665452236691183,0.8770213714454602,-0.2069529343745272,-0.213346610761032
3.728023282259888,-0.18974027526437748,-0.522939515759245,1.3966679854589188,-0.39645281612831695,-0.2875353783069786,-0.12000228674054807,-0.3307359896609462,0.8833303938178225,-0.25073877675068384,-0.18185334066564451
3.7699111843077517,-0.23819660112501023,-0.46180339887498983,1.4,-0.4618033988749891,-0.23819660112501087,-0.1506487580931316,-0.2920701143304415,0.8854377448471461,-0.29207011433044106,-0.150648758093132
3.8117990863556157,-0.2875353783069792,-0.3964528161283163,1.3966679854589186,-0.5229395157592456,-0.1897402752643766,-0.1818533406656449,-0.25073877675068346,0.8833303938178225,-0.33073598966094664,-0.12000228674054754
3.8536869884034792,-0.33733061054112395,-0.3272213205394307,1.3866925452061065,-0.5795588861251366,-0.14258172800041474,-0.2133466107610313,-0.2069529343745277,0.8770213714454602,-0.3665452236691179,-0.09017660264078323
3.895574890451343,-0.38714876082939575,-0.25447161685990977,1.370135349691592,-0.6313923999591652,-0.09712257204312191,-0.24485437550653374,-0.16094198182860386,0.8665496815473424,-0.3993276162381932,-0.06142570797401161
3.9374627924992076,-0.4365519402147049,-0.17859323307562824,1.3470987184322878,-0.6782057808882068,-0.05374776425374783,-0.27609968960882464,-0.11295227824246074,0.8519800366679754,-0.4289349979799654,-0.03399307083672467
3.9793506945470716,-0.48510113442943786,-0.09999999999999987,1.317724926554364,-0.7198010026264525,-0.012822789498473042,-0.30680489606570993,-0.0632455532033676,0.8334024194979766,-0.4552421260744864,-0.008109844154412698
4.0212385965949355,-0.5323594455177937,-0.019127356264659834,1.2821952407122694,-0.7560174493339944,0.025309010404178434,-0.3366936763481089,-0.012097202282763097,0.8109314731357254,-0.478147418145274,0.016006823640420508
4.063126498642799,-0.5778953254096368,0.06357050275320547,1.2407286910873208,-0.786732812149072,0.06032894371818254,-0.3654930954917261,0.04020551614042684,0.7847057244310777,-0.4975735192760913,0.03815537419631283
4.105014400690663,-0.6212857784681106,0.14762361242521105,1.1935805880031614,-0.8118637160091006,0.09194529404883944,-0.3929356275660054,0.09336537033711992,0.7548866458106069,-0.5134676984473728,0.05815130986565143
4.1469023027385274,-0.6621195102394565,0.23254934218063478,1.1410407934700797,-0.8313660727691704,0.1198954473579128,-0.41876114711837237,0.14707711793293465,0.7216575621062469,-0.5258020718679733,0.07582853894716426
4.188790204786391,-0.7000000000000004,0.31785559320119283,1.0834317596726466,-0.8452351585476366,0.1439478056737975,-0.44271887242357333,0.20102952830794005,0.6852224099859453,-0.5345736518928139,0.0910405860225018
4.2306781068342545,-0.7345484752194621,0.4030440684013328,1.0211063480335483,-0.8535054151631007,0.16390347394768168,-0.46456924669945027,0.2549074507137822,0.6458043586085215,-0.5398042214406022,0.10366165881774876
4.2725660088821185,-0.7654067667379951,0.48761359207629684,0.9544454440095163,-0.856249977462036,0.17959770811421838,-0.4840857438794543,0.30839391380346604,0.6036443010881564,-0.5415400350495749,0.11358756403740675
4.314453910929982,-0.7922400242819538,0.5710634562409824,0.883855384192194,-0.8535799302579238,0.1909011141067013,-0.5010565860556153,0.3611722420418803,0.558999227250103,-0.5398513489245431,0.12073646568817521
4.356341812977846,-0.8147392729144943,0.6528967704840278,0.8097652135877427,-0.8456433004975651,0.19772058934028847,-0.5152863603198666,0.4129281743395446,0.5121404889819989,-0.534831783526901,0.1250494805252241
4.39822971502571,-0.8326237921249263,0.732623792124926,0.7326237921249269,-0.8326237921249265,0.20000000000000007,-0.526597523432267,0.4633519702288992,0.4633519702288998,-0.5265975234322672,0.1264911064067352
4.440117617073574,-0.8456433004975648,0.8097652135877418,0.6528967704840289,-0.814739272914494,0.19772058934028847,-0.5348317835269011,0.5121404889819984,0.41292817433954526,-0.5152863603198666,0.12504948052522405
4.482005519121438,-0.8535799302579237,0.8838553841921932,0.5710634562409834,-0.7922400242819542,0.19090111410670152,-0.5398513489245431,0.5589992272501024,0.36117224204188086,-0.5010565860556156,0.12073646568817534
4.523893421169302,-0.856249977462036,0.9544454440095154,0.4876135920762978,-0.7654067667379961,0.1795977081142185,-0.5415400350495748,0.603644301088156,0.3083939138034667,-0.4840857438794548,0.11358756403740691
4.565781323217165,-0.853505415163101,1.0211063480335463,0.4030440684013356,-0.7345484752194624,0.163903473947682,-0.5398042214406026,0.6458043586085203,0.25490745071378396,-0.46456924669945066,0.10366165881774891
4.60766922526503,-0.8452351585476366,1.0834317596726473,0.3178555932011921,-0.6999999999999993,0.14394780567379695,-0.534573651892814,0.6852224099859459,0.20102952830793958,-0.4427188724235728,0.09104058602250141
4.649557127312894,-0.8313660727691703,1.1410407934700801,0.23254934218063394,-0.6621195102394561,0.11989544735791224,-0.5258020718679732,0.7216575621062472,0.14707711793293418,-0.4187611471183721,0.07582853894716397
4.691445029360758,-0.8118637160091008,1.1935805880031607,0.14762361242521205,-0.6212857784681121,0.09194529404884,-0.5134676984473728,0.7548866458106064,0.09336537033712064,-0.39293562756600614,0.05815130986565187
4.733332931408621,-0.786732812149073,1.2407286910873192,0.06357050275320819,-0.5778953254096373,0.0603289437181832,-0.49757351927609206,0.7847057244310768,0.040205516140428506,-0.3654930954917265,0.03815537419631321
4.775220833456485,-0.7560174493339947,1.282195240712269,-0.019127356264658946,-0.5323594455177942,0.0253090104041791,-0.4781474181452742,0.8109314731357251,-0.012097202282762565,-0.3366936763481092,0.0160068236404209
4.81710873550435,-0.7198010026264521,1.3177249265543645,-0.10000000000000064,-0.4851011344294374,-0.012822789498474152,-0.45524212607448605,0.833402419497977,-0.06324555320336801,-0.3068048960657096,-0.008109844154413322
4.858996637552213,-0.6782057808882074,1.3470987184322876,-0.17859323307562736,-0.4365519402147055,-0.053747764253747166,-0.42893499797996576,0.8519800366679753,-0.1129522782424602,-0.276099689608825,-0.033993070836724266
4.900884539600077,-0.6313923999591669,1.3701353496915916,-0.2544716168599074,-0.38714876082939575,-0.09712257204312119,-0.3993276162381944,0.866549681547342,-0.16094198182860248,-0.24485437550653386,-0.06142570797401128
4.942772441647941,-0.5795588861251373,1.3866925452061065,-0.32722132053943,-0.3373306105411251,-0.14258172800041408,-0.36654522366911824,0.8770213714454602,-0.20695293437452716,-0.21334661076103198,-0.09017660264078274
4.984660343695805,-0.5229395157592464,1.3966679854589183,-0.3964528161283155,-0.2875353783069807,-0.18974027526437576,-0.330735989660947,0.8833303938178225,-0.2507387767506829,-0.18185334066564576,-0.12000228674054689
5.026548245743669,-0.46180339887498983,1.4,-0.4618033988749891,-0.23819660112501087,-0.23819660112501004,-0.2920701143304415,0.8854377448471461,-0.29207011433044106,-0.15064875809313202,-0.1506487580931315
5.068436147791533,-0.3964528161283163,1.3966679854589186,-0.5229395157592456,-0.1897402752643766,-0.28753537830697984,-0.25073877675068335,0.8833303938178225,-0.33073598966094647,-0.12000228674054743,-0.1818533406656452
5.110324049839397,-0.3272213205394307,1.3866925452061065,-0.5795588861251366,-0.14258172800041474,-0.3373306105411242,-0.2069529343745277,0.8770213714454603,-0.3665452236691179,-0.09017660264078321,-0.21334661076103145
5.152211951887261,-0.2544716168599083,1.3701353496915916,-0.6313923999591663,-0.09712257204312191,-0.3871487608293949,-0.1609419818286031,0.8665496815473422,-0.39932761623819407,-0.06142570797401171,-0.24485437550653336
5.194099853935125,-0.17859323307562824,1.3470987184322878,-0.6782057808882068,-0.05374776425374783,-0.43655194021470467,-0.11295227824246075,0.8519800366679754,-0.4289349979799654,-0.03399307083672468,-0.2760996896088245
5.235987755982988,-0.10000000000000148,1.317724926554365,-0.7198010026264516,-0.012822789498474818,-0.48510113442943653,-0.06324555320336858,0.8334024194979772,-0.45524212607448583,-0.008109844154413785,-0.30680489606570904
5.277875658030853,-0.019127356264659834,1.2821952407122694,-0.7560174493339944,0.025309010404178434,-0.5323594455177935,-0.012097202282763113,0.8109314731357256,-0.47814741814527406,0.016006823640420498,-0.33669367634810876
5.319763560078717,0.06357050275320719,1.2407286910873199,-0.7867328121490726,0.06032894371818254,-0.5778953254096365,0.04020551614042787,0.7847057244310773,-0.4975735192760919,0.03815537419631278,-0.36549309549172604
5.36165146212658,0.14762361242521105,1.1935805880031614,-0.8118637160091006,0.09194529404883944,-0.6212857784681112,0.09336537033711997,0.7548866458106069,-0.5134676984473727,0.05815130986565149,-0.39293562756600564
5.403539364174444,0.232549342180633,1.1410407934700808,-0.8313660727691701,0.1198954473579118,-0.6621195102394553,0.14707711793293354,0.7216575621062475,-0.5258020718679732,0.07582853894716364,-0.4187611471183716
5.445427266222308,0.31785559320119106,1.083431759672648,-0.8452351585476365,0.1439478056737966,-0.6999999999999986,0.2010295283079389,0.6852224099859463,-0.534573651892814,0.09104058602250119,-0.4427188724235724
5.487315168270173,0.40304406840133455,1.021106348033547,-0.8535054151631007,0.16390347394768168,-0.7345484752194619,0.2549074507137833,0.6458043586085208,-0.5398042214406025,0.1036616588177487,-0.4645692466994503
5.529203070318036,0.48761359207629684,0.9544454440095163,-0.856249977462036,0.17959770811421838,-0.7654067667379956,0.3083939138034661,0.6036443010881565,-0.5415400350495748,0.11358756403740683,-0.4840857438794545
5.5710909723659,0.5710634562409824,0.883855384192194,-0.8535799302579238,0.1909011141067013,-0.7922400242819538,0.3611722420418803,0.558999227250103,-0.5398513489245431,0.1207364656881752,-0.5010565860556153
5.612978874413764,0.6528967704840278,0.8097652135877427,-0.8456433004975651,0.19772058934028847,-0.8147392729144936,0.41292817433954454,0.5121404889819989,-0.5348317835269013,0.12504948052522405,-0.5152863603198664
5.654866776461628,0.732623792124926,0.7326237921249269,-0.8326237921249265,0.20000000000000007,-0.8326237921249263,0.4633519702288992,0.4633519702288998,-0.5265975234322672,0.1264911064067352,-0.526597523432267
5.696754678509492,0.8097652135877418,0.6528967704840289,-0.814739272914494,0.19772058934028847,-0.8456433004975649,0.5121404889819983,0.4129281743395452,-0.5152863603198666,0.12504948052522405,-0.5348317835269011
5.7386425805573555,0.8838553841921932,0.5710634562409834,-0.7922400242819542,0.19090111410670152,-0.8535799302579238,0.5589992272501025,0.3611722420418809,-0.5010565860556155,0.12073646568817535,-0.5398513489245431
5.7805304826052195,0.9544454440095154,0.4876135920762978,-0.7654067667379961,0.1795977081142185,-0.856249977462036,0.603644301088156,0.3083939138034667,-0.4840857438794548,0.11358756403740691,-0.5415400350495748
5.8224183846530835,1.0211063480335476,0.4030440684013337,-0.7345484752194624,0.163903473947682,-0.8535054151631007,0.6458043586085211,0.25490745071378274,-0.46456924669945043,0.10366165881774893,-0.5398042214406022
5.864306286700947,1.083431759672646,0.31785559320119394,-0.7000000000000008,0.14394780567379784,-0.8452351585476369,0.6852224099859449,0.20102952830794074,-0.4427188724235736,0.09104058602250199,-0.534573651892814
5.9061941887488105,1.141040793470079,0.2325493421806357,-0.6621195102394577,0.11989544735791346,-0.8313660727691711,0.7216575621062463,0.1470771179329353,-0.41876114711837287,0.07582853894716478,-0.5258020718679735
5.948082090796675,1.1935805880031607,0.14762361242521205,-0.6212857784681121,0.09194529404884,-0.8118637160091013,0.7548866458106063,0.09336537033712067,-0.39293562756600603,0.058151309865651916,-0.513467698447373
5.989969992844539,1.2407286910873203,0.06357050275320641,-0.5778953254096373,0.0603289437181832,-0.7867328121490725,0.7847057244310773,0.04020551614042741,-0.3654930954917263,0.038155374196313235,-0.49757351927609156
6.031857894892402,1.282195240712269,-0.019127356264658946,-0.5323594455177942,0.0253090104041791,-0.756017449333995,0.8109314731357251,-0.012097202282762523,-0.3366936763481092,0.016006823640420942,-0.47814741814527434
6.073745796940266,1.3177249265543638,-0.09999999999999892,-0.4851011344294395,-0.012822789498472376,-0.719801002626454,0.8334024194979762,-0.06324555320336675,-0.30680489606571054,-0.008109844154412047,-0.45524212607448683
6.11563369898813,1.3470987184322876,-0.17859323307562736,-0.4365519402147055,-0.053747764253747166,-0.6782057808882076,0.8519800366679752,-0.11295227824246015,-0.27609968960882497,-0.033993070836724246,-0.42893499797996587
6.157521601035995,1.370135349691592,-0.25447161685990893,-0.38714876082939575,-0.09712257204312119,-0.6313923999591661,0.8665496815473421,-0.1609419818286034,-0.24485437550653377,-0.061425707974011194,-0.39932761623819374
6.199409503083858,1.3866925452061065,-0.32722132053943,-0.3373306105411251,-0.14258172800041408,-0.5795588861251376,0.8770213714454602,-0.20695293437452716,-0.21334661076103198,-0.09017660264078273,-0.36654522366911846
6.241297405131722,1.3966679854589183,-0.3964528161283155,-0.2875353783069807,-0.18974027526437576,-0.5229395157592479,0.8833303938178224,-0.25073877675068257,-0.18185334066564549,-0.12000228674054662,-0.33073598966094764
6.283185307179586,1.4,-0.4618033988749891,-0.23819660112501087,-0.23819660112501004,-0.4618033988749902,0.8854377448471461,-0.292070114330441,-0.15064875809313197,-0.15064875809313147,-0.2920701143304417
