vertex,component,potential,coordinate
1,1,0.0,0.0
2,1,-0.024974074530007506,0.9750259254699924
3,1,0.3094201506986907,0.3094201506986907
4,1,-0.004894826388035003,0.995105173611965
5,1,-0.09105518648915374,0.9089448135108462
6,1,-0.0926877026164989,0.907312297383501
7,1,0.45604299744645677,0.45604299744645677
8,1,0.27893654661879275,0.27893654661879275
9,1,-0.06573902802950743,0.9342609719704926
10,1,0.4623681803379324,0.4623681803379324
11,1,0.47328682495778474,0.47328682495778474
12,1,-0.08042715094652728,0.9195728490534727
13,1,-0.07538648978578129,0.9246135102142187
14,1,-0.319289415200986,0.680710584799014
15,1,0.14362439925618103,0.14362439925618103
16,1,-0.16805260244920062,0.8319473975507994
17,1,0.4152430419016632,0.4152430419016632
18,1,-0.4057326277120223,0.5942673722879777
19,1,0.4722742450279504,0.4722742450279504
20,1,0.0854487200949403,0.0854487200949403
21,1,-0.4281379544505279,0.5718620455494721
22,1,0.24469827046235304,0.24469827046235304
23,1,0.07293036868462319,0.07293036868462319
24,1,-0.051874799432870364,0.9481252005671297
25,1,0.372133906697647,0.372133906697647
26,1,0.47314496248930776,0.47314496248930776
27,1,0.4566017122882872,0.4566017122882872
28,1,0.2694645035821998,0.2694645035821998
29,1,-0.024974074530007502,0.9750259254699924
30,1,-0.18543769899466894,0.8145623010053311
31,1,0.29027159713776096,0.29027159713776096
32,1,0.42822859507783867,0.42822859507783867
33,1,0.43554743932760986,0.43554743932760986
34,1,0.3030521272361887,0.3030521272361887
35,1,-0.09268770261649888,0.9073122973835012
36,1,0.48642051626371025,0.48642051626371025
37,1,-0.013658715142645737,0.9863412848573543
38,1,-0.17247263753099035,0.8275273624690096
39,1,0.47424152673040354,0.47424152673040354
40,1,0.21975697020595594,0.21975697020595594
41,1,-0.02822069247877765,0.9717793075212223
42,1,0.5027015425794962,0.5027015425794962
43,1,0.47054113197945074,0.47054113197945074
44,1,0.036384509194690356,0.036384509194690356
45,1,-0.061064866246689796,0.9389351337533102
46,1,0.30471194493824405,0.30471194493824405
47,1,-0.18905473125654906,0.810945268743451
48,1,0.27468432352258493,0.27468432352258493
49,1,0.432500981098379,0.432500981098379
50,1,0.2505852829578151,0.2505852829578151
51,1,0.4601960635297318,0.4601960635297318
52,1,-0.21906180067027103,0.780938199329729
53,1,0.3000535858906162,0.3000535858906162
54,1,-0.1615897551565525,0.8384102448434475
55,1,-0.029497267172265883,0.9705027328277341
56,1,0.045004633460946436,0.045004633460946436
57,1,0.4612761796685274,0.4612761796685274
58,1,0.2413243450547407,0.2413243450547407
59,1,-0.03361104552067766,0.9663889544793224
60,1,0.42054735573852664,0.42054735573852664
61,1,0.4417816664613674,0.4417816664613674
62,1,0.4816797379077172,0.4816797379077172
63,1,0.3110974492283186,0.3110974492283186
64,1,0.23797395025039145,0.23797395025039145
65,1,-0.38879917238420286,0.6112008276157972
66,1,0.013840634793127273,0.013840634793127273
67,1,0.27084228451725106,0.27084228451725106
68,1,0.404253682831922,0.404253682831922
69,1,0.04025230395151962,0.04025230395151962
70,1,-0.10493891028269829,0.8950610897173017
71,1,0.44992470891180136,0.44992470891180136
72,1,0.4234023950256422,0.4234023950256422
73,1,0.0662791054142183,0.0662791054142183
74,1,0.2147228862010632,0.2147228862010632
75,1,0.2413243450547406,0.2413243450547406
76,1,-0.03281271290478665,0.9671872870952134
77,1,0.16057658584713358,0.16057658584713358
78,1,0.28744638954043406,0.28744638954043406
79,1,-0.18461754258884686,0.8153824574111531
80,1,0.30471194493824405,0.30471194493824405
81,1,-0.3887991723842028,0.6112008276157972
82,1,-0.05650774260687968,0.9434922573931204
83,1,-0.1724726375309903,0.8275273624690097
84,1,0.2916597907132374,0.2916597907132374
85,1,0.29321290882371104,0.29321290882371104
86,1,0.4731454615584241,0.4731454615584241
87,1,0.21768746867353192,0.21768746867353192
88,1,0.1436243992561811,0.1436243992561811
89,1,0.005646100438427097,0.005646100438427097
90,1,-0.13821274492719957,0.8617872550728004
91,1,0.3245302498655413,0.3245302498655413
92,1,-0.17014359900071208,0.8298564009992879
93,1,0.21310007282195303,0.21310007282195303
94,1,-0.3843031674923642,0.6156968325076357
95,1,0.4308442701519233,0.4308442701519233
96,1,0.47506781655286645,0.47506781655286645
97,1,-0.006700711601617198,0.9932992883983828
98,1,0.49716433350161054,0.49716433350161054
99,1,0.47277527197905517,0.47277527197905517
100,1,0.4509968053086224,0.4509968053086224
101,1,0.2363886913458339,0.2363886913458339
102,1,0.27341646133736014,0.27341646133736014
103,1,0.4644628689529503,0.4644628689529503
104,1,0.4744907507945984,0.4744907507945984
105,1,-0.13627971097369873,0.8637202890263013
106,1,-0.013014684041167013,0.986985315958833
107,1,-0.0565077426068797,0.9434922573931203
108,1,0.44070617700599524,0.44070617700599524
109,1,-0.34784490069719487,0.6521550993028051
110,1,-0.05646223279465274,0.9435377672053472
111,1,0.4066423930207991,0.4066423930207991
112,1,0.0599853035827878,0.0599853035827878
113,1,-0.050277896309681595,0.9497221036903184
114,1,-0.17014359900071205,0.8298564009992879
115,1,-0.18100049440269572,0.8189995055973043
116,1,0.26321650238686156,0.26321650238686156
117,1,0.3824614418329202,0.3824614418329202
118,1,-0.06691953657659189,0.9330804634234081
119,1,-0.10049221802678211,0.8995077819732179
120,1,-0.09877203624246543,0.9012279637575346
121,1,0.4662663566761635,0.4662663566761635
122,1,-0.087537792544453,0.912462207455547
123,1,0.25283183795139846,0.25283183795139846
124,1,0.048649807107285906,0.048649807107285906
125,1,0.4278111725855558,0.4278111725855558
126,1,0.41260067198742795,0.41260067198742795
127,1,0.002142332270813843,0.002142332270813843
128,1,0.2505852829578151,0.2505852829578151
129,1,0.08641352300039806,0.08641352300039806
130,1,0.47227424502795035,0.47227424502795035
131,1,-0.15580165180164626,0.8441983481983537
132,1,-0.11786868521292757,0.8821313147870724
133,1,-0.017677026449893975,0.982322973550106
134,1,-0.17247263753099026,0.8275273624690097
135,1,0.23644632144516234,0.23644632144516234
136,1,0.4601940715358734,0.4601940715358734
137,1,0.47195901488282654,0.47195901488282654
138,1,-0.027858366364640338,0.9721416336353597
139,1,-0.3041297335702497,0.6958702664297503
140,1,-0.1588920958768451,0.8411079041231548
141,1,-0.23460635293441234,0.7653936470655877
142,1,-0.0012003944828813513,0.9987996055171187
143,1,-0.213838392695303,0.786161607304697
144,1,0.45817581626279036,0.45817581626279036
145,1,-0.1165757128043118,0.8834242871956882
146,1,0.46182054660455046,0.46182054660455046
147,1,-0.1326689889948538,0.8673310110051462
148,1,0.4803290224293397,0.4803290224293397
149,1,0.43771398709203985,0.43771398709203985
150,1,0.4107705805389501,0.4107705805389501
151,1,-0.09785843546607431,0.9021415645339257
152,1,0.34423146337862903,0.34423146337862903
153,1,0.4749225542468219,0.4749225542468219
154,1,-0.27779850461059163,0.7222014953894084
155,1,0.4077199190478516,0.4077199190478516
156,1,0.48153536100630123,0.48153536100630123
157,1,0.3517773922191713,0.3517773922191713
158,1,0.20309825435012538,0.20309825435012538
159,1,0.47382842487156024,0.47382842487156024
160,1,-0.3367631472168716,0.6632368527831284
161,1,-0.031826403278952614,0.9681735967210474
162,1,-0.024899065138608855,0.9751009348613912
163,1,0.49920482402339916,0.49920482402339916
164,1,0.0924005705757319,0.0924005705757319
165,1,0.27893654661879286,0.27893654661879286
166,1,0.37501711952992806,0.37501711952992806
167,1,-0.3103801819773146,0.6896198180226853
168,1,0.4661921874047222,0.4661921874047222
169,1,-0.26161188581415734,0.7383881141858426
170,1,0.46785572085534,0.46785572085534
171,1,-0.08134620110614833,0.9186537988938517
172,1,0.4026366366141127,0.4026366366141127
173,1,-0.3579243179677784,0.6420756820322215
174,1,0.29442612556627157,0.29442612556627157
175,1,0.40562835687263865,0.40562835687263865
176,1,-0.004894826388035003,0.995105173611965
177,1,0.032061543671144034,0.032061543671144034
178,1,0.11790810638773608,0.11790810638773608
179,1,0.03638450919469034,0.03638450919469034
180,1,-0.33676314721687156,0.6632368527831285
181,1,-0.08753779254445304,0.912462207455547
182,1,0.2944261255662714,0.2944261255662714
183,1,-0.36088970362598655,0.6391102963740134
184,1,0.4742415267304034,0.4742415267304034
185,1,-0.0017539599024171517,0.9982460400975829
186,1,0.1871121041925814,0.1871121041925814
187,1,0.4091391585234148,0.4091391585234148
188,1,0.23805371883177973,0.23805371883177973
189,1,0.24132434505474068,0.24132434505474068
190,1,-0.3411838096523253,0.6588161903476747
191,1,0.5134846485287407,0.5134846485287407
192,1,0.02849142671209434,0.02849142671209434
193,1,-0.1289702523542455,0.8710297476457545
194,1,-0.1629411698967536,0.8370588301032464
195,1,0.3146257403519706,0.3146257403519706
196,1,-0.27677945499562795,0.723220545004372
197,1,-0.19787211065014804,0.802127889349852
198,1,-0.16026745599449158,0.8397325440055085
199,1,0.19659730997269179,0.19659730997269179
200,1,0.10397303809342485,0.10397303809342485
