component_id,nodes,patients,relapse_fraction,mean_esr1,mean_four_marker_score
1,3,1,1.0,6.831052430218974,6.507644166969889
2,133,271,0.36531365313653136,6.588208594336964,6.96493351954199
3,1,1,0.0,6.6257264381849375,6.076943297762401
4,2,5,0.4,6.417540728484264,7.0321745250585534
5,3,1,1.0,6.541787989551102,5.6038013369706166
6,2,1,0.0,6.536655492648409,6.5584217022535265
7,1,1,1.0,5.937067039658367,6.488783427254286
8,3,1,0.0,6.331559648945966,8.083395376223514
9,3,1,1.0,6.943655538912588,7.746604452046427
10,3,1,1.0,6.48555803125753,7.247825230190535
11,3,1,1.0,6.320770271783552,5.9015687202180445
12,3,1,0.0,6.075830414650679,6.615972202833176
