homology_dimension,birth,death,persistence
0,-0.00019238834519287552,0.0007415618360167488,0.0009339501812096244
0,-0.05708044819027806,-0.05473253357702042,0.0023479146132576456
0,-0.004670244582936234,-0.0010749758711598905,0.003595268711776343
0,-0.017214403411810457,-0.01125883038469199,0.005955573027118468
0,-0.10350084732648027,-0.09607320531851193,0.0074276420079683325
0,-0.05715603229820443,0.005138627266480998,0.062294659564685426
0,-0.06013970728699348,0.004109384435777443,0.06424909172277092
0,-0.11975555385442649,0.005799139010994812,0.1255546928654213
0,-0.12253819868516345,Inf,Inf
1,0.014968268476497909,1.1174522776149256,1.1024840091384276
