hks_index,repetition,sigma,cost,cv_correct,cv_total,test_correct,test_total,accuracy_percent,svm_seconds
1,1,0.25,0.125,200,210,86,90,95.55555555555556,4.535500949
1,2,1.0,2.0,205,210,86,90,95.55555555555556,3.483724082
1,3,1.0,2.0,202,210,87,90,96.66666666666667,3.199156206
1,4,1.0,2.0,202,210,89,90,98.88888888888889,3.334942344
1,5,0.25,0.125,202,210,85,90,94.44444444444444,3.384861902
1,6,1.0,0.5,204,210,88,90,97.77777777777777,3.628419075
1,7,1.0,0.5,203,210,85,90,94.44444444444444,3.450629275
1,8,1.0,0.5,204,210,86,90,95.55555555555556,3.367785588
1,9,1.0,0.5,201,210,87,90,96.66666666666667,3.443979434
1,10,1.0,2.0,202,210,89,90,98.88888888888889,3.718035302
2,1,0.0625,0.125,204,210,87,90,96.66666666666667,4.767107565
2,2,0.25,0.5,200,210,88,90,97.77777777777777,4.895793837
2,3,0.25,0.5,204,210,86,90,95.55555555555556,5.489968027
2,4,0.25,0.5,206,210,86,90,95.55555555555556,4.389984365
2,5,0.25,0.125,203,210,88,90,97.77777777777777,4.590291477
2,6,0.25,0.5,205,210,87,90,96.66666666666667,4.405981096
2,7,0.25,0.5,202,210,86,90,95.55555555555556,4.859565256
2,8,0.25,0.5,205,210,86,90,95.55555555555556,4.610249206
2,9,0.25,0.5,201,210,87,90,96.66666666666667,4.444324041
2,10,1.0,2.0,202,210,85,90,94.44444444444444,4.586302322
3,1,0.0625,0.03125,202,210,85,90,94.44444444444444,7.186580894
3,2,0.0625,0.03125,199,210,87,90,96.66666666666667,6.621656939
3,3,0.0625,0.125,204,210,82,90,91.11111111111111,4.76971923
3,4,0.0625,0.125,202,210,85,90,94.44444444444444,5.369246805
3,5,0.015625,0.03125,202,210,86,90,95.55555555555556,5.039887594
3,6,0.25,0.5,199,210,86,90,95.55555555555556,4.933786797
3,7,0.0625,0.125,203,210,84,90,93.33333333333333,5.056384843
3,8,0.25,0.5,198,210,86,90,95.55555555555556,5.086565009
3,9,0.25,0.5,202,210,86,90,95.55555555555556,6.193504644
3,10,0.0625,0.125,204,210,84,90,93.33333333333333,4.758002574
4,1,1.0,8.0,192,210,83,90,92.22222222222223,4.404896606
4,2,1.0,2.0,193,210,81,90,90.0,4.746622034
4,3,1.0,32.0,192,210,82,90,91.11111111111111,4.189249038
4,4,0.25,2.0,190,210,84,90,93.33333333333333,4.120188935
4,5,0.25,0.5,193,210,81,90,90.0,4.089107317
4,6,1.0,8.0,196,210,80,90,88.88888888888889,3.972591917
4,7,4.0,128.0,193,210,81,90,90.0,4.588556546
4,8,1.0,8.0,194,210,79,90,87.77777777777777,4.719667126
4,9,1.0,8.0,193,210,84,90,93.33333333333333,4.923390144
4,10,1.0,2.0,191,210,81,90,90.0,3.997326812
5,1,0.25,2.0,202,210,80,90,88.88888888888889,4.031222338
5,2,0.25,0.5,195,210,83,90,92.22222222222223,3.881255123
5,3,1.0,8.0,198,210,80,90,88.88888888888889,3.951789835
5,4,1.0,8.0,197,210,84,90,93.33333333333333,3.871018293
5,5,1.0,8.0,197,210,83,90,92.22222222222223,3.925615415
5,6,0.25,2.0,193,210,82,90,91.11111111111111,3.877806926
5,7,0.25,8.0,199,210,83,90,92.22222222222223,3.851821288
5,8,0.25,0.5,196,210,82,90,91.11111111111111,3.883948806
5,9,0.25,0.5,192,210,83,90,92.22222222222223,3.96941508
5,10,0.25,0.5,192,210,85,90,94.44444444444444,3.759033473
6,1,0.0625,0.125,200,210,82,90,91.11111111111111,3.789424342
6,2,4.0,128.0,194,210,84,90,93.33333333333333,3.589043222
6,3,1.0,8.0,200,210,81,90,90.0,4.231279837
6,4,1.0,2.0,193,210,86,90,95.55555555555556,3.552149912
6,5,16.0,32768.0,198,210,81,90,90.0,4.143369071
6,6,0.25,0.5,195,210,85,90,94.44444444444444,3.717023885
6,7,0.0625,0.03125,196,210,84,90,93.33333333333333,3.778782679
6,8,0.0625,0.125,197,210,83,90,92.22222222222223,3.826547711
6,9,0.0625,0.125,195,210,84,90,93.33333333333333,4.473306566
6,10,0.25,2.0,197,210,86,90,95.55555555555556,5.865142605
7,1,0.0625,0.125,202,210,81,90,90.0,3.871170069
7,2,0.015625,0.03125,199,210,87,90,96.66666666666667,4.190397075
7,3,0.015625,0.03125,200,210,85,90,94.44444444444444,3.493576399
7,4,0.0625,0.125,197,210,87,90,96.66666666666667,4.740592269
7,5,0.015625,0.03125,199,210,86,90,95.55555555555556,3.960456358
7,6,0.015625,0.03125,200,210,87,90,96.66666666666667,3.562158793
7,7,0.015625,0.03125,202,210,84,90,93.33333333333333,3.630093342
7,8,0.00390625,0.03125,202,210,83,90,92.22222222222223,3.614830329
7,9,0.015625,0.03125,197,210,88,90,97.77777777777777,3.748498621
7,10,0.25,0.5,199,210,81,90,90.0,3.688706758
8,1,0.0625,0.5,195,210,79,90,87.77777777777777,3.823381737
8,2,1.0,2048.0,197,210,83,90,92.22222222222223,3.833000541
8,3,0.25,32.0,195,210,78,90,86.66666666666667,3.508182938
8,4,1.0,2048.0,190,210,87,90,96.66666666666667,3.484815203
8,5,0.0625,0.125,192,210,85,90,94.44444444444444,3.353521139
8,6,1.0,8192.0,196,210,80,90,88.88888888888889,3.387235263
8,7,0.00390625,0.03125,196,210,72,90,80.0,2.954435804
8,8,0.015625,0.125,199,210,77,90,85.55555555555556,3.053925755
8,9,0.0625,0.125,191,210,85,90,94.44444444444444,3.188593844
8,10,0.0625,0.5,195,210,80,90,88.88888888888889,3.085379288
9,1,0.25,32768.0,198,210,80,90,88.88888888888889,2.950296515
9,2,0.25,32768.0,198,210,80,90,88.88888888888889,3.215711187
9,3,0.0625,512.0,198,210,81,90,90.0,3.214858463
9,4,0.00390625,0.03125,192,210,87,90,96.66666666666667,2.99129047
9,5,0.015625,0.5,197,210,79,90,87.77777777777777,2.976181479
9,6,0.0625,8192.0,196,210,81,90,90.0,3.042871763
9,7,0.015625,8.0,199,210,79,90,87.77777777777777,2.892010065
9,8,0.0625,32.0,199,210,79,90,87.77777777777777,3.037202809
9,9,0.0625,128.0,195,210,85,90,94.44444444444444,3.257486479
9,10,0.0625,32.0,196,210,82,90,91.11111111111111,5.048107675
10,1,0.0009765625,32768.0,193,210,81,90,90.0,3.151118827
10,2,0.0009765625,2048.0,196,210,75,90,83.33333333333333,3.37589375
10,3,0.00390625,8192.0,192,210,77,90,85.55555555555556,3.096450095
10,4,0.0009765625,8192.0,184,210,86,90,95.55555555555556,3.167473262
10,5,0.0009765625,8192.0,184,210,81,90,90.0,3.11014099
10,6,0.0009765625,2048.0,189,210,78,90,86.66666666666667,3.025363316
10,7,0.0009765625,8192.0,189,210,82,90,91.11111111111111,2.951749948
10,8,0.00390625,32768.0,191,210,81,90,90.0,2.987393121
10,9,0.00390625,32768.0,186,210,82,90,91.11111111111111,3.528672861
10,10,0.0009765625,8192.0,187,210,79,90,87.77777777777777,3.461490264
