hks_index,sigma,correct,total,accuracy_percent,kernel_seconds
1,0.000244140625,23,300,7.666666666666666,5.477453223
1,0.0009765625,51,300,17.0,4.804790903
1,0.00390625,143,300,47.66666666666667,5.230324922
1,0.015625,228,300,76.0,5.541922787
1,0.0625,266,300,88.66666666666667,5.827008841
1,0.25,277,300,92.33333333333333,4.995253855
1,1.0,264,300,88.0,5.339098701
1,4.0,219,300,73.0,4.913813235
1,16.0,170,300,56.666666666666664,4.739262391
1,64.0,106,300,35.333333333333336,4.349117567
1,256.0,95,300,31.666666666666664,4.509665167
1,1024.0,112,300,37.333333333333336,4.417131206
1,4096.0,113,300,37.666666666666664,4.260343068
1,16384.0,126,300,42.0,4.800807615
1,65536.0,139,300,46.33333333333333,4.309512381
2,0.000244140625,58,300,19.333333333333332,2.961876717
2,0.0009765625,120,300,40.0,2.669279021
2,0.00390625,199,300,66.33333333333333,2.894718817
2,0.015625,234,300,78.0,2.63295572
2,0.0625,239,300,79.66666666666666,2.687485265
2,0.25,200,300,66.66666666666666,2.563130827
2,1.0,151,300,50.33333333333333,3.008952126
2,4.0,105,300,35.0,3.028151315
2,16.0,82,300,27.333333333333332,3.096615813
2,64.0,91,300,30.333333333333336,4.544640965
2,256.0,102,300,34.0,3.80041465
2,1024.0,98,300,32.666666666666664,2.980271777
2,4096.0,130,300,43.333333333333336,3.212004183
2,16384.0,104,300,34.66666666666667,3.179761059
2,65536.0,91,300,30.333333333333336,2.649029992
3,0.000244140625,60,300,20.0,1.024935488
3,0.0009765625,73,300,24.333333333333336,0.863141807
3,0.00390625,160,300,53.333333333333336,0.867464906
3,0.015625,203,300,67.66666666666666,1.449936442
3,0.0625,176,300,58.666666666666664,1.05591946
3,0.25,149,300,49.666666666666664,0.820782516
3,1.0,138,300,46.0,1.228132702
3,4.0,123,300,41.0,0.749206655
3,16.0,117,300,39.0,0.728951889
3,64.0,150,300,50.0,1.295302583
3,256.0,144,300,48.0,1.410379151
3,1024.0,128,300,42.66666666666667,1.089092594
3,4096.0,111,300,37.0,0.665712358
3,16384.0,118,300,39.33333333333333,1.274726614
3,65536.0,112,300,37.333333333333336,1.311787972
4,0.000244140625,94,300,31.333333333333336,0.215425451
4,0.0009765625,165,300,55.00000000000001,0.210345325
4,0.00390625,223,300,74.33333333333333,0.336309255
4,0.015625,253,300,84.33333333333334,0.239721804
4,0.0625,256,300,85.33333333333334,0.205620388
4,0.25,265,300,88.33333333333333,0.323511287
4,1.0,260,300,86.66666666666667,0.361172548
4,4.0,255,300,85.0,0.224834216
4,16.0,222,300,74.0,0.209924147
4,64.0,204,300,68.0,0.248273309
4,256.0,177,300,59.0,0.208516418
4,1024.0,171,300,56.99999999999999,0.303686993
4,4096.0,159,300,53.0,0.19345129
4,16384.0,147,300,49.0,0.200615958
4,65536.0,146,300,48.66666666666667,0.178833666
5,0.000244140625,182,300,60.66666666666667,0.171562113
5,0.0009765625,232,300,77.33333333333333,0.235208993
5,0.00390625,255,300,85.0,0.255849105
5,0.015625,260,300,86.66666666666667,0.206018849
5,0.0625,266,300,88.66666666666667,0.153353755
5,0.25,266,300,88.66666666666667,0.167868879
5,1.0,270,300,90.0,0.144505033
5,4.0,268,300,89.33333333333333,0.147295764
5,16.0,268,300,89.33333333333333,0.163332798
5,64.0,259,300,86.33333333333333,0.162831272
5,256.0,264,300,88.0,0.159840971
5,1024.0,248,300,82.66666666666667,0.150928199
5,4096.0,238,300,79.33333333333333,0.137607522
5,16384.0,228,300,76.0,0.240397323
5,65536.0,203,300,67.66666666666666,0.209720728
6,0.000244140625,201,300,67.0,0.143826989
6,0.0009765625,244,300,81.33333333333333,0.158273996
6,0.00390625,268,300,89.33333333333333,0.129586301
6,0.015625,275,300,91.66666666666666,0.116416686
6,0.0625,274,300,91.33333333333333,0.140943265
6,0.25,272,300,90.66666666666666,0.130211934
6,1.0,273,300,91.0,0.118950313
6,4.0,271,300,90.33333333333333,0.196682544
6,16.0,276,300,92.0,0.113616843
6,64.0,276,300,92.0,0.201883086
6,256.0,275,300,91.66666666666666,0.163249491
6,1024.0,262,300,87.33333333333333,0.131373949
6,4096.0,249,300,83.0,0.117360581
6,16384.0,241,300,80.33333333333333,0.15100811
6,65536.0,232,300,77.33333333333333,0.158408274
7,0.000244140625,242,300,80.66666666666666,0.217518184
7,0.0009765625,265,300,88.33333333333333,0.257251573
7,0.00390625,271,300,90.33333333333333,0.209725108
7,0.015625,273,300,91.0,0.254344996
7,0.0625,276,300,92.0,0.207266638
7,0.25,274,300,91.33333333333333,0.162277807
7,1.0,277,300,92.33333333333333,0.123268239
7,4.0,275,300,91.66666666666666,0.119766754
7,16.0,271,300,90.33333333333333,0.164208353
7,64.0,262,300,87.33333333333333,0.17766117
7,256.0,247,300,82.33333333333334,0.18095953
7,1024.0,222,300,74.0,0.131563052
7,4096.0,216,300,72.0,0.146344532
7,16384.0,216,300,72.0,0.198496771
7,65536.0,215,300,71.66666666666667,0.241569508
8,0.000244140625,245,300,81.66666666666667,0.148210959
8,0.0009765625,252,300,84.0,0.132387007
8,0.00390625,262,300,87.33333333333333,0.121086974
8,0.015625,263,300,87.66666666666667,0.107170697
8,0.0625,263,300,87.66666666666667,0.12259436
8,0.25,261,300,87.0,0.104631828
8,1.0,263,300,87.66666666666667,0.104851249
8,4.0,261,300,87.0,0.128808921
8,16.0,251,300,83.66666666666667,0.178426997
8,64.0,235,300,78.33333333333333,0.102608271
8,256.0,224,300,74.66666666666667,0.104355533
8,1024.0,209,300,69.66666666666667,0.126825046
8,4096.0,199,300,66.33333333333333,0.13202177
8,16384.0,186,300,62.0,0.122021669
8,65536.0,178,300,59.333333333333336,0.111345885
9,0.000244140625,246,300,82.0,0.076372459
9,0.0009765625,253,300,84.33333333333334,0.09067368
9,0.00390625,275,300,91.66666666666666,0.076598913
9,0.015625,277,300,92.33333333333333,0.073323714
9,0.0625,273,300,91.0,0.075550069
9,0.25,272,300,90.66666666666666,0.076616157
9,1.0,241,300,80.33333333333333,0.073332963
9,4.0,205,300,68.33333333333333,0.073375968
9,16.0,172,300,57.333333333333336,0.079970473
9,64.0,153,300,51.0,0.07708155
9,256.0,143,300,47.66666666666667,0.073131692
9,1024.0,130,300,43.333333333333336,0.081402756
9,4096.0,116,300,38.666666666666664,0.073290337
9,16384.0,112,300,37.333333333333336,0.074294616
9,65536.0,111,300,37.0,0.067181053
10,0.000244140625,258,300,86.0,0.097634434
10,0.0009765625,267,300,89.0,0.112465194
10,0.00390625,262,300,87.33333333333333,0.08940035
10,0.015625,239,300,79.66666666666666,0.097546239
10,0.0625,196,300,65.33333333333333,0.096415007
10,0.25,175,300,58.333333333333336,0.083223338
10,1.0,155,300,51.66666666666667,0.098333435
10,4.0,153,300,51.0,0.085962461
10,16.0,151,300,50.33333333333333,0.047633651
10,64.0,151,300,50.33333333333333,0.095171788
10,256.0,140,300,46.666666666666664,0.055439801
10,1024.0,127,300,42.333333333333336,0.058372004
10,4096.0,119,300,39.666666666666664,0.054103864
10,16384.0,118,300,39.33333333333333,0.051394711
10,65536.0,118,300,39.33333333333333,0.048953903
