hks_index,oracle_sigma,correct,total,accuracy_percent,paper_percent,difference_pp,normalized_max_percent
1,0.5,278,300,92.66666666666666,88.7,3.9666666666666544,91.33333333333333
2,0.03125,249,300,83.0,94.7,-11.700000000000003,81.0
3,0.015625,203,300,67.66666666666666,91.3,-23.63333333333334,68.33333333333333
4,0.25,265,300,88.33333333333333,93.0,-4.666666666666671,88.0
5,1.4142135623730951,272,300,90.66666666666666,92.3,-1.63333333333334,90.33333333333333
6,8.0,277,300,92.33333333333333,77.3,15.033333333333331,93.33333333333333
7,1.0,277,300,92.33333333333333,80.0,12.333333333333329,92.66666666666666
8,0.0078125,266,300,88.66666666666667,80.7,7.966666666666669,87.66666666666667
9,0.011048543456039806,277,300,92.33333333333333,83.0,9.333333333333329,92.33333333333333
10,0.0006905339660024879,267,300,89.0,69.3,19.700000000000003,89.33333333333333
