source,target,shared_samples
1,2,181
1,3,124
1,4,66
1,5,23
2,3,143
2,4,85
2,5,42
2,6,19
3,4,103
3,5,60
3,6,37
3,7,14
3,8,4
4,5,75
4,6,52
4,7,25
4,8,8
4,9,10
4,10,4
4,11,1
5,6,59
5,7,29
5,8,11
5,9,14
5,10,7
5,11,1
5,12,4
5,13,3
6,7,31
6,8,14
6,9,16
6,10,10
6,11,1
6,12,6
6,13,6
6,14,3
6,15,2
7,9,21
7,11,1
7,12,11
7,15,7
7,17,5
8,10,15
8,13,11
8,14,8
8,16,5
9,12,15
9,15,11
9,17,9
9,20,4
10,13,12
10,14,9
10,16,6
10,18,1
12,15,15
12,17,13
12,20,8
12,22,4
13,14,11
13,16,8
13,18,3
13,21,2
14,16,10
14,18,4
14,19,1
14,21,4
14,23,1
14,24,1
15,17,13
15,20,8
15,22,4
16,18,7
16,19,1
16,21,7
16,23,4
16,24,1
16,25,3
17,20,8
17,22,4
18,21,6
18,23,4
18,25,3
19,21,1
19,24,1
20,22,4
21,23,4
21,24,1
21,25,3
23,25,3
