node,samples,normal_samples,mean_filter,mean_ER
1,217,13,188008.62715154776,0.8088235294117647
2,200,0,239619.16393290358,0.805
3,161,0,313621.4431508759,0.8012422360248447
4,118,0,405677.99747868546,0.7627118644067796
5,82,0,490498.047850522,0.7439024390243902
6,64,0,555696.0765491204,0.734375
7,36,0,630411.8637406947,1.0
8,19,0,694244.6594019898,0.0
9,25,0,732808.4757710008,1.0
10,16,0,754135.2723223508,0.0
11,1,0,585184.2561017427,1.0
12,19,0,860339.9151334566,1.0
13,14,0,828323.1284506597,0.0
14,13,0,900917.1349842607,0.0
15,15,0,904736.9632227322,1.0
16,13,0,997059.1655302608,0.0
17,13,0,926011.4307299484,1.0
18,7,0,1.0816888964501184e6,0.0
19,1,0,1.084535923205623e6,0.0
20,8,0,968156.614892445,1.0
21,7,0,1.1008439000128056e6,0.0
22,4,0,1.0160485187098214e6,1.0
23,4,0,1.15879872802839e6,0.0
24,1,0,1.084535923205623e6,0.0
25,3,0,1.1816449368208593e6,0.0
26,1,0,1.5447955035380342e6,1.0
