patient_id,density,group
1,0.07315467420759032,normal
2,0.10626053682294867,normal
3,0.11988416527761907,normal
4,0.09367093251809333,normal
5,0.07078195693022744,normal
6,0.028656778375063464,normal
7,0.0788164345779469,normal
8,0.05676069865177835,normal
9,0.1308132089664525,normal
10,0.06317895619882251,normal
11,0.05817505639473643,normal
12,0.049959159096551575,normal
13,0.09263448321554651,normal
14,0.07675782898357411,normal
15,0.04704587945357441,normal
16,0.1018677374874536,normal
17,0.05088697038073889,normal
18,0.060876867394067787,normal
19,0.07538887469059428,normal
20,0.09529562572243783,normal
21,0.09336132765842034,normal
22,0.05345666924260402,normal
23,0.12045044355006897,normal
24,0.11849303526222531,normal
25,0.02056369641720902,normal
26,0.0314135389884393,normal
27,0.0364466953687023,normal
28,0.05677265092336331,normal
29,0.11021637672974868,normal
30,0.05055575806292911,normal
31,0.09588387478549068,normal
32,0.12592172156741976,normal
33,0.03335640702693095,normal
34,0.021415752461179268,normal
35,0.100792955642787,normal
36,0.10320170751626746,normal
37,0.01947021604537611,normal
38,0.03457144428918955,normal
39,0.11123667516560075,normal
40,0.05470408041708502,normal
41,0.12550572870308302,normal
42,0.03599353940858321,normal
43,0.08189062023881064,normal
44,0.05033592561341402,normal
45,0.034419166962980856,normal
46,0.08804756838538338,normal
47,0.11140544550761795,normal
48,0.11130749158573984,normal
49,0.10380024168077791,normal
50,0.031114505566594387,normal
51,0.018842089313993542,normal
52,0.030117238970972907,normal
53,0.061043147867510465,normal
54,0.0766004868250374,normal
55,0.09298064650040203,normal
56,0.1184561740137844,normal
57,0.05787505990608113,normal
58,0.040527469307122164,normal
59,0.10324169908404784,chemical
60,0.04789886584873693,normal
61,0.05113911496982711,normal
62,0.03976916952354335,chemical
63,0.03618284471648374,chemical
64,0.07480466293338976,normal
65,0.023225157912781652,chemical
66,0.0741772227677814,chemical
67,0.04026196876197789,normal
68,0.027187224227329637,normal
69,0.010063359041247133,normal
70,0.07656517463127104,normal
71,0.0348190648469536,chemical
72,0.0777140898141208,normal
73,0.11353030225237296,normal
74,0.11853919462780495,normal
75,0.039402364816842304,normal
76,0.02704100008185399,normal
77,0.06057941827027052,chemical
78,0.09756490104862876,normal
79,0.041052262817760504,normal
80,0.06972385619802553,normal
81,0.06438639374510655,normal
82,0.018741490306401747,normal
83,0.03637766832312422,chemical
84,0.017275772969623047,normal
85,0.049852456924897384,chemical
86,0.006908169493907976,chemical
87,0.042055839599665065,chemical
88,0.034376456145448576,chemical
89,0.009135152492423347,chemical
90,0.02586230911516798,chemical
91,0.0207238831184891,chemical
92,0.019651801942082152,chemical
93,0.0069417250788945395,chemical
94,0.043199704415092736,chemical
95,0.03253976855497426,chemical
96,0.0438956110198273,chemical
97,0.02320554542502769,chemical
98,0.04030628063860229,chemical
99,0.012073765740298914,chemical
100,0.021117450112245695,chemical
101,0.017251453075284168,chemical
102,0.022805892903365887,chemical
103,0.04060932857869385,chemical
104,0.02617822825630506,chemical
105,0.06852075524699762,chemical
106,0.0372405623276237,chemical
107,0.038238293035130086,chemical
108,0.029075654396508492,chemical
109,0.029864592759077085,chemical
110,0.0777358984945349,chemical
111,0.03002762139460454,chemical
112,0.042636531848187616,chemical
113,0.008798185646314278,overt
114,0.01907751501042774,overt
115,0.007943331348841008,overt
116,0.01274721289972605,overt
117,0.008104918310682155,overt
118,0.018915972864355424,overt
119,0.011457280810912114,overt
120,0.01462316580876069,overt
121,0.011221665019351117,overt
122,0.0181066251799367,overt
123,0.011820007961419092,overt
124,0.015242326006777118,overt
125,0.015085425928719873,overt
126,0.014532050964387986,overt
127,0.009082455392686152,overt
128,0.015460435237516395,overt
129,0.007324665515955232,overt
130,0.013559388800647365,overt
131,0.01324411872593013,overt
132,0.010299421446950901,overt
133,0.013742085329914003,overt
134,0.024322008818761672,overt
135,0.010080203109669403,overt
136,0.021185770599995594,overt
137,0.011047862711667232,overt
138,0.021286948833782068,overt
139,0.01173720010575327,overt
140,0.008040466657163405,overt
141,0.011489748213554593,overt
142,0.008362838342190647,overt
143,0.009523816300346839,overt
144,0.00813471790539623,overt
145,0.007797873920596374,overt
