3.2678326485702045,2.9172722872580574,2.6020762417214027,2.322476652329352,2.078093595832923,1.8679074836478973,1.6902756598967101,1.5429934718306093,1.4233972410339244,1.3285037726486266,1.2551784062693179,1.2003212444616955,1.1610592388247847,1.1349304852934463,1.1200466708125583,1.1152204343980439,1.1200466708125583,1.1349304852934463,1.1610592388247847,1.2003212444616955,1.2551784062693179,1.3285037726486266,1.4233972410339244,1.5429934718306093,1.6902756598967101,1.8679074836478973,2.078093595832923,2.322476652329352,2.6020762417214027,2.9172722872580574,3.2678326485702045
2.952068660776536,2.611914595884685,2.306035707216908,2.0344448634453975,1.7966336167307775,1.5915476521937832,1.4175988953100458,1.272715146915761,1.1544259572887763,1.0599812496038117,0.9864969578276366,0.9311196529064769,0.8911998617026088,0.8644617604804725,0.8491555834771707,0.8441790165323411,0.8491555834771707,0.8644617604804725,0.8911998617026088,0.9311196529064769,0.9864969578276366,1.0599812496038117,1.1544259572887763,1.272715146915761,1.4175988953100458,1.5915476521937832,1.7966336167307775,2.0344448634453975,2.306035707216908,2.611914595884685,2.952068660776536
2.6745130947543396,2.347566747095177,2.053004381836642,1.7905033782168465,1.5593786858348129,1.3585639789145167,1.1866164810014215,1.0417471130267024,0.9218766178611084,0.8247171720116911,0.7478775419501671,0.6889878741865508,0.645837605677739,0.6165169020596171,0.5995490867813541,0.5939997783338231,0.5995490867813541,0.6165169020596171,0.645837605677739,0.6889878741865508,0.7478775419501671,0.8247171720116911,0.9218766178611084,1.0417471130267024,1.1866164810014215,1.3585639789145167,1.5593786858348129,1.7905033782168465,2.053004381836642,2.347566747095177,2.6745130947543396
2.430637431770852,2.11863947323662,1.8366795388017823,1.5840346270395016,1.3598192857408804,1.1629734634811748,0.9922574559394605,0.8462564755747725,0.7233979050882569,0.6219846445781432,0.5402477436014708,0.4764201930311392,0.42883083496466995,0.3960127201825943,0.3768146461991701,0.37049987801273376,0.3768146461991701,0.3960127201825943,0.42883083496466995,0.4764201930311392,0.5402477436014708,0.6219846445781432,0.7233979050882569,0.8462564755747725,0.9922574559394605,1.1629734634811748,1.3598192857408804,1.5840346270395016,1.8366795388017823,2.11863947323662,2.430637431770852
2.2149307214407425,1.9182998216710057,1.6493342923931278,1.4069093413080587,1.189945492690971,0.9974022039907906,0.8282607093920997,0.6814994140099462,0.5560674497400375,0.45086423156556865,0.36473441397340683,0.29648755271206867,0.24494880614471679,0.20904029890533976,0.18788287462681247,0.18089783338036725,0.18788287462681247,0.20904029890533976,0.24494880614471679,0.29648755271206867,0.36473441397340683,0.45086423156556865,0.5560674497400375,0.6814994140099462,0.8282607093920997,0.9974022039907906,1.189945492690971,1.4069093413080587,1.6493342923931278,1.9182998216710057,2.2149307214407425
2.0216460751306085,1.7394160410803665,1.482892946069665,1.2506147653936601,1.0413462754650695,0.85407570580854,0.6879838223455359,0.5423892045519876,0.4166775305803195,0.31022709697175765,0.22234686752127036,0.15224556737972,0.09904829452697934,0.061868165642597034,0.03992388063368235,0.03267387660747763,0.03992388063368235,0.061868165642597034,0.09904829452697934,0.15224556737972,0.22234686752127036,0.31022709697175765,0.4166775305803195,0.5423892045519876,0.6879838223455359,0.85407570580854,1.0413462754650695,1.2506147653936601,1.482892946069665,1.7394160410803665,2.0216460751306085
1.8455777343188684,1.5755405986753255,1.3300493391924475,1.1074275090611627,0.9063514531408949,0.7258460287478746,0.5652391327721943,0.42407849810858456,0.3020197202142,0.19870116971400256,0.11362892067088051,0.0461013436187911,-0.004795440773528142,-0.04009976576436461,-0.060799053028160736,-0.06761100996009768,-0.060799053028160736,-0.04009976576436461,-0.004795440773528142,0.0461013436187911,0.11362892067088051,0.19870116971400256,0.3020197202142,0.42407849810858456,0.5652391327721943,0.7258460287478746,0.9063514531408949,1.1074275090611627,1.3300493391924475,1.5755405986753255,1.8455777343188684
1.6827479258772096,1.4217781056621497,1.185253557126115,0.9714475124083476,0.779036956544576,0.6070931703007426,0.4550222453712772,0.32245756536091963,0.20911237320636045,0.11460907877940055,0.03831354748058007,-0.020783576613070225,-0.06408546115785532,-0.09325863066193152,-0.10994100712430191,-0.11535092865092593,-0.10994100712430191,-0.09325863066193152,-0.06408546115785532,-0.020783576613070225,0.03831354748058007,0.11460907877940055,0.20911237320636045,0.32245756536091963,0.4550222453712772,0.6070931703007426,0.779036956544576,0.9714475124083476,1.185253557126115,1.4217781056621497,1.6827479258772096
1.5308976638682084,1.2754040608544353,1.0454144560282044,0.8393332574303586,0.6559378421488112,0.49436059464636345,0.35401797076493874,0.23448564150906576,0.13532403867627762,0.055867415569569756,-0.004995380620835835,-0.04899620194097461,-0.07853603229214179,-0.09650407508174434,-0.10579949320716214,-0.10862223643579452,-0.10579949320716214,-0.09650407508174434,-0.07853603229214179,-0.04899620194097461,-0.004995380620835835,0.055867415569569756,0.13532403867627762,0.23448564150906576,0.35401797076493874,0.49436059464636345,0.6559378421488112,0.8393332574303586,1.0454144560282044,1.2754040608544353,1.5308976638682084
1.3897072780798108,1.1361406336531776,0.9102117389420851,0.7106275912717817,0.5363625943460051,0.3866308258893166,0.2608089186351753,0.1583043659424173,0.07836636848644637,0.01984208551206114,-0.01910432744953244,-0.04125960685244948,-0.05050403988559431,-0.05163486097534339,-0.049651863069030036,-0.04848724586494951,-0.049651863069030036,-0.05163486097534339,-0.05050403988559431,-0.04125960685244948,-0.01910432744953244,0.01984208551206114,0.07836636848644637,0.1583043659424173,0.2608089186351753,0.3866308258893166,0.5363625943460051,0.7106275912717817,0.9102117389420851,1.1361406336531776,1.3897072780798108
1.260715637892799,1.006050665052951,0.7819742569003361,0.587630243324401,0.4222685456012836,0.28520910478480466,0.17576676095604563,0.09312735006802002,0.036162586979609924,0.0031693521961275533,-0.00847639891128571,-0.0027330534612702018,0.01473206398084527,0.03650946468677839,0.054311127787361684,0.06117349072545405,0.054311127787361684,0.03650946468677839,0.01473206398084527,-0.0027330534612702018,-0.00847639891128571,0.0031693521961275533,0.036162586979609924,0.09312735006802002,0.17576676095604563,0.28520910478480466,0.4222685456012836,0.587630243324401,0.7819742569003361,1.006050665052951,1.260715637892799
1.1469548552199116,0.8890717853229961,0.6651505175639492,0.4748462412664629,0.3177304765459739,0.19325047439921977,0.10066614927449637,0.0389518179082829,0.006641809275497167,0.0015860776492983009,0.020564833267997854,0.05870185841259363,0.10866989073946633,0.15996866235758425,0.1993472941450052,0.21427383510162312,0.1993472941450052,0.15996866235758425,0.10866989073946633,0.05870185841259363,0.020564833267997854,0.0015860776492983009,0.006641809275497167,0.0389518179082829,0.10066614927449637,0.19325047439921977,0.3177304765459739,0.4748462412664629,0.6651505175639492,0.8890717853229961,1.1469548552199116
1.0523620489636756,0.7902692573445064,0.5654617577132771,0.37810671711433796,0.22809994665529676,0.11502551667780288,0.03811383215384816,-0.0038141452880809355,-0.012440143142194679,0.009875937200221837,0.05975275821203791,0.1321153475533316,0.21892399954886851,0.3070746690370432,0.3764497459971586,0.4034829305372008,0.3764497459971586,0.3070746690370432,0.21892399954886851,0.1321153475533316,0.05975275821203791,0.009875937200221837,-0.012440143142194679,-0.0038141452880809355,0.03811383215384816,0.11502551667780288,0.22809994665529676,0.37810671711433796,0.5654617577132771,0.7902692573445064,1.0523620489636756
0.9810644434573773,0.7149298276588092,0.48887699384418154,0.30350885476776934,0.1589999550860503,0.05505984054777109,-0.009083735386087984,-0.03469006139498262,-0.023517275535615206,0.022121805316330623,0.09917859845964312,0.20337089729214797,0.32787879964930333,0.4599685220685847,0.5732538585131502,0.6213825828994377,0.5732538585131502,0.4599685220685847,0.32787879964930333,0.20337089729214797,0.09917859845964312,0.022121805316330623,-0.023517275535615206,-0.03469006139498262,-0.009083735386087984,0.05505984054777109,0.1589999550860503,0.30350885476776934,0.48887699384418154,0.7149298276588092,0.9810644434573773
0.9366532663662479,0.6676427293135457,0.44057559075796665,0.256347044679664,0.11532020676057743,0.017293841707274007,-0.03849374302514807,-0.05332781885005587,-0.028955919192267084,0.03248042477402436,0.12848386363533965,0.2561171193335974,0.41150885997498343,0.5877810671791435,0.7650526308913979,0.8616384303914574,0.7650526308913979,0.5877810671791435,0.41150885997498343,0.2561171193335974,0.12848386363533965,0.03248042477402436,-0.028955919192267084,-0.05332781885005587,-0.03849374302514807,0.017293841707274007,0.11532020676057743,0.256347044679664,0.44057559075796665,0.6676427293135457,0.9366532663662479
0.9215627654963665,0.6515145941872066,0.4240625268825533,0.24020462690462974,0.10037070240584722,0.0043919229255461045,-0.04848724586494947,-0.059555632904555594,-0.03054425351026267,0.036496057323845324,0.13933961990746985,0.27574324473061096,0.44360480512165984,0.6411118380733551,0.8668696685387789,1.12,0.8668696685387789,0.6411118380733551,0.44360480512165984,0.27574324473061096,0.13933961990746985,0.036496057323845324,-0.03054425351026267,-0.059555632904555594,-0.04848724586494947,0.0043919229255461045,0.10037070240584722,0.24020462690462974,0.4240625268825533,0.6515145941872066,0.9215627654963665
0.9366532663662479,0.6676427293135457,0.44057559075796665,0.256347044679664,0.11532020676057743,0.017293841707274007,-0.03849374302514807,-0.05332781885005587,-0.028955919192267084,0.03248042477402436,0.12848386363533965,0.2561171193335974,0.41150885997498343,0.5877810671791435,0.7650526308913979,0.8616384303914574,0.7650526308913979,0.5877810671791435,0.41150885997498343,0.2561171193335974,0.12848386363533965,0.03248042477402436,-0.028955919192267084,-0.05332781885005587,-0.03849374302514807,0.017293841707274007,0.11532020676057743,0.256347044679664,0.44057559075796665,0.6676427293135457,0.9366532663662479
0.9810644434573773,0.7149298276588092,0.48887699384418154,0.30350885476776934,0.1589999550860503,0.05505984054777109,-0.009083735386087984,-0.03469006139498262,-0.023517275535615206,0.022121805316330623,0.09917859845964312,0.20337089729214797,0.32787879964930333,0.4599685220685847,0.5732538585131502,0.6213825828994377,0.5732538585131502,0.4599685220685847,0.32787879964930333,0.20337089729214797,0.09917859845964312,0.022121805316330623,-0.023517275535615206,-0.03469006139498262,-0.009083735386087984,0.05505984054777109,0.1589999550860503,0.30350885476776934,0.48887699384418154,0.7149298276588092,0.9810644434573773
1.0523620489636756,0.7902692573445064,0.5654617577132771,0.37810671711433796,0.22809994665529676,0.11502551667780288,0.03811383215384816,-0.0038141452880809355,-0.012440143142194679,0.009875937200221837,0.05975275821203791,0.1321153475533316,0.21892399954886851,0.3070746690370432,0.3764497459971586,0.4034829305372008,0.3764497459971586,0.3070746690370432,0.21892399954886851,0.1321153475533316,0.05975275821203791,0.009875937200221837,-0.012440143142194679,-0.0038141452880809355,0.03811383215384816,0.11502551667780288,0.22809994665529676,0.37810671711433796,0.5654617577132771,0.7902692573445064,1.0523620489636756
1.1469548552199116,0.8890717853229961,0.6651505175639492,0.4748462412664629,0.3177304765459739,0.19325047439921977,0.10066614927449637,0.0389518179082829,0.006641809275497167,0.0015860776492983009,0.020564833267997854,0.05870185841259363,0.10866989073946633,0.15996866235758425,0.1993472941450052,0.21427383510162312,0.1993472941450052,0.15996866235758425,0.10866989073946633,0.05870185841259363,0.020564833267997854,0.0015860776492983009,0.006641809275497167,0.0389518179082829,0.10066614927449637,0.19325047439921977,0.3177304765459739,0.4748462412664629,0.6651505175639492,0.8890717853229961,1.1469548552199116
1.260715637892799,1.006050665052951,0.7819742569003361,0.587630243324401,0.4222685456012836,0.28520910478480466,0.17576676095604563,0.09312735006802002,0.036162586979609924,0.0031693521961275533,-0.00847639891128571,-0.0027330534612702018,0.01473206398084527,0.03650946468677839,0.054311127787361684,0.06117349072545405,0.054311127787361684,0.03650946468677839,0.01473206398084527,-0.0027330534612702018,-0.00847639891128571,0.0031693521961275533,0.036162586979609924,0.09312735006802002,0.17576676095604563,0.28520910478480466,0.4222685456012836,0.587630243324401,0.7819742569003361,1.006050665052951,1.260715637892799
1.3897072780798108,1.1361406336531776,0.9102117389420851,0.7106275912717817,0.5363625943460051,0.3866308258893166,0.2608089186351753,0.1583043659424173,0.07836636848644637,0.01984208551206114,-0.01910432744953244,-0.04125960685244948,-0.05050403988559431,-0.05163486097534339,-0.049651863069030036,-0.04848724586494951,-0.049651863069030036,-0.05163486097534339,-0.05050403988559431,-0.04125960685244948,-0.01910432744953244,0.01984208551206114,0.07836636848644637,0.1583043659424173,0.2608089186351753,0.3866308258893166,0.5363625943460051,0.7106275912717817,0.9102117389420851,1.1361406336531776,1.3897072780798108
1.5308976638682084,1.2754040608544353,1.0454144560282044,0.8393332574303586,0.6559378421488112,0.49436059464636345,0.35401797076493874,0.23448564150906576,0.13532403867627762,0.055867415569569756,-0.004995380620835835,-0.04899620194097461,-0.07853603229214179,-0.09650407508174434,-0.10579949320716214,-0.10862223643579452,-0.10579949320716214,-0.09650407508174434,-0.07853603229214179,-0.04899620194097461,-0.004995380620835835,0.055867415569569756,0.13532403867627762,0.23448564150906576,0.35401797076493874,0.49436059464636345,0.6559378421488112,0.8393332574303586,1.0454144560282044,1.2754040608544353,1.5308976638682084
1.6827479258772096,1.4217781056621497,1.185253557126115,0.9714475124083476,0.779036956544576,0.6070931703007426,0.4550222453712772,0.32245756536091963,0.20911237320636045,0.11460907877940055,0.03831354748058007,-0.020783576613070225,-0.06408546115785532,-0.09325863066193152,-0.10994100712430191,-0.11535092865092593,-0.10994100712430191,-0.09325863066193152,-0.06408546115785532,-0.020783576613070225,0.03831354748058007,0.11460907877940055,0.20911237320636045,0.32245756536091963,0.4550222453712772,0.6070931703007426,0.779036956544576,0.9714475124083476,1.185253557126115,1.4217781056621497,1.6827479258772096
1.8455777343188684,1.5755405986753255,1.3300493391924475,1.1074275090611627,0.9063514531408949,0.7258460287478746,0.5652391327721943,0.42407849810858456,0.3020197202142,0.19870116971400256,0.11362892067088051,0.0461013436187911,-0.004795440773528142,-0.04009976576436461,-0.060799053028160736,-0.06761100996009768,-0.060799053028160736,-0.04009976576436461,-0.004795440773528142,0.0461013436187911,0.11362892067088051,0.19870116971400256,0.3020197202142,0.42407849810858456,0.5652391327721943,0.7258460287478746,0.9063514531408949,1.1074275090611627,1.3300493391924475,1.5755405986753255,1.8455777343188684
2.0216460751306085,1.7394160410803665,1.482892946069665,1.2506147653936601,1.0413462754650695,0.85407570580854,0.6879838223455359,0.5423892045519876,0.4166775305803195,0.31022709697175765,0.22234686752127036,0.15224556737972,0.09904829452697934,0.061868165642597034,0.03992388063368235,0.03267387660747763,0.03992388063368235,0.061868165642597034,0.09904829452697934,0.15224556737972,0.22234686752127036,0.31022709697175765,0.4166775305803195,0.5423892045519876,0.6879838223455359,0.85407570580854,1.0413462754650695,1.2506147653936601,1.482892946069665,1.7394160410803665,2.0216460751306085
2.2149307214407425,1.9182998216710057,1.6493342923931278,1.4069093413080587,1.189945492690971,0.9974022039907906,0.8282607093920997,0.6814994140099462,0.5560674497400375,0.45086423156556865,0.36473441397340683,0.29648755271206867,0.24494880614471679,0.20904029890533976,0.18788287462681247,0.18089783338036725,0.18788287462681247,0.20904029890533976,0.24494880614471679,0.29648755271206867,0.36473441397340683,0.45086423156556865,0.5560674497400375,0.6814994140099462,0.8282607093920997,0.9974022039907906,1.189945492690971,1.4069093413080587,1.6493342923931278,1.9182998216710057,2.2149307214407425
2.430637431770852,2.11863947323662,1.8366795388017823,1.5840346270395016,1.3598192857408804,1.1629734634811748,0.9922574559394605,0.8462564755747725,0.7233979050882569,0.6219846445781432,0.5402477436014708,0.4764201930311392,0.42883083496466995,0.3960127201825943,0.3768146461991701,0.37049987801273376,0.3768146461991701,0.3960127201825943,0.42883083496466995,0.4764201930311392,0.5402477436014708,0.6219846445781432,0.7233979050882569,0.8462564755747725,0.9922574559394605,1.1629734634811748,1.3598192857408804,1.5840346270395016,1.8366795388017823,2.11863947323662,2.430637431770852
2.6745130947543396,2.347566747095177,2.053004381836642,1.7905033782168465,1.5593786858348129,1.3585639789145167,1.1866164810014215,1.0417471130267024,0.9218766178611084,0.8247171720116911,0.7478775419501671,0.6889878741865508,0.645837605677739,0.6165169020596171,0.5995490867813541,0.5939997783338231,0.5995490867813541,0.6165169020596171,0.645837605677739,0.6889878741865508,0.7478775419501671,0.8247171720116911,0.9218766178611084,1.0417471130267024,1.1866164810014215,1.3585639789145167,1.5593786858348129,1.7905033782168465,2.053004381836642,2.347566747095177,2.6745130947543396
2.952068660776536,2.611914595884685,2.306035707216908,2.0344448634453975,1.7966336167307775,1.5915476521937832,1.4175988953100458,1.272715146915761,1.1544259572887763,1.0599812496038117,0.9864969578276366,0.9311196529064769,0.8911998617026088,0.8644617604804725,0.8491555834771707,0.8441790165323411,0.8491555834771707,0.8644617604804725,0.8911998617026088,0.9311196529064769,0.9864969578276366,1.0599812496038117,1.1544259572887763,1.272715146915761,1.4175988953100458,1.5915476521937832,1.7966336167307775,2.0344448634453975,2.306035707216908,2.611914595884685,2.952068660776536
3.2678326485702045,2.9172722872580574,2.6020762417214027,2.322476652329352,2.078093595832923,1.8679074836478973,1.6902756598967101,1.5429934718306093,1.4233972410339244,1.3285037726486266,1.2551784062693179,1.2003212444616955,1.1610592388247847,1.1349304852934463,1.1200466708125583,1.1152204343980439,1.1200466708125583,1.1349304852934463,1.1610592388247847,1.2003212444616955,1.2551784062693179,1.3285037726486266,1.4233972410339244,1.5429934718306093,1.6902756598967101,1.8679074836478973,2.078093595832923,2.322476652329352,2.6020762417214027,2.9172722872580574,3.2678326485702045
