0.7997943144416908,0.6291389427610659,0.5155016018490994,0.863384426925996,-0.5810441468286915,-0.1514720669983037,-0.1811399246607327,-0.11699405749098683,0.5147784260572912,-0.13004453654476805,0.9604134108098674,0.40712223993151186,-0.41494015680781854,-0.30662408724010237,-0.6457141772704952,-0.5248936958548093,-0.5782384352320059,0.260422375536751,-0.7460454477570039,-0.5312048906341963,0.14196556384112982,-0.1833688535167444,-0.45049039960270293,-0.4911714532648536,-0.7206569675926346,-0.570133652976168,0.31014288448493704,0.8997865216947454,-0.44465840258902106,0.37854267636974526,0.5587785849079958
-0.5208534451759769,0.16678452653205322,-0.5555890817327902,-0.766752204035475,-0.8361075126787516,0.76465433374518,0.7124587420624091,-0.6136662126820746,-0.8789036748086984,-0.1496626954152028,0.40237062902706916,0.953731852407474,-0.9470246506428964,-0.812943198084614,0.7184105609374999,0.10583738430545102,0.7084847709689321,0.3532719778363018,-0.7299951783992319,-0.8941013269343662,-0.3677743990056059,-0.6109199910158661,0.2143422604159382,-0.18047861799411652,-0.46942905255501194,-0.5238857792590612,0.3570812403037174,0.42272368624088974,0.6125597004048459,-0.332884026672497,0.2320557759755795
0.37770201232632516,0.6288336918923506,-0.5667620502384237,-0.8776129423334781,0.44278849815181415,-0.3522967603303217,-0.5580210700591602,-0.2985951298534362,-0.953831763989758,0.06966884941997138,0.7635129676619206,0.36036886026004394,0.8608066405546682,0.5900602330277916,-0.5934670352919756,0.4886364270546662,0.562904712376943,0.6424874706702354,-0.7903957349130253,-0.22846782597078358,-0.9284940675045321,0.9544055956007877,-0.20796166322710624,-0.522675897352689,-0.18555402123258158,-0.5454406218051723,-0.1789187238281002,-0.23279884864786163,0.2438700109122823,0.7446821233961192,0.38818410638073625
0.7794245103747426,0.14807668119527406,0.6530325483288361,0.1549971383080415,0.11887281461951538,0.8805954054300196,0.5994568024687208,-0.18353071922979078,-0.179374677339791,0.16343363451180543,-0.679700019513571,0.6512115181342716,0.2819575439369214,-0.653405450026463,-0.24107527229475778,0.09591168985647845,-0.19427595043035797,-0.009452674855958952,0.5800778995395055,-0.12080312547115866,-0.9288530001175951,-0.17790243655752175,0.38925636222168164,0.2525273423277554,0.15673730417657677,-0.7481606783395317,-0.17174591384038373,0.5922479809997463,-0.14681393686351485,-0.45619673108121317,-0.9695292626668175
0.80825060855591,0.22887690400128818,-0.0483060804016763,0.8216812163670292,-0.7050093123654144,-0.7170394048386386,0.6804603545241872,-0.7933940216533939,-0.6740020328440546,-0.7932306178622437,-0.6149656151107686,0.607905843676162,-0.9548287626086418,-0.48759791624246657,0.1882912680468096,-0.7845472602728746,-0.11509966035956543,-0.6206981410041789,-0.8265888138294698,0.06234127252393065,-0.9207583605844808,-0.5701753726452347,0.33066154449542906,-0.49343970174775337,0.7511873480856989,-0.8761942585441035,0.7619198506249298,-0.8580034990677465,0.05016148751769133,0.7427324776307767,-0.7010796769003065
0.8148767387740043,0.13808680135620896,-0.9549980344248307,0.7908433496092486,-0.4399156761500466,0.02570545068498084,0.27990188838622576,-0.26044871822388976,0.5550425826440324,-0.4352738341167086,0.32553622686181893,-0.3725926968439097,0.10523951828869683,0.8739814212054587,0.46805034715374566,0.7306883822295076,-0.2751543819957668,0.8789819016157179,0.600694275873997,-0.29728251750626067,0.313769269235269,0.010007770506847142,0.2707665979602209,0.39321273117386957,-0.22001506116871397,0.9306633585487112,0.31477716573609665,-0.24023927896593633,0.33881621284899793,0.2634267339822747,0.5838340185072164
0.5142089040017597,-0.07156919954803935,0.544909057386897,0.7937061508715766,0.10007827084037173,-0.5944632547825801,0.6087555336893957,0.16111893870378963,-0.06558681647896238,-0.09421383054820667,0.4184036445824209,-0.20402614295370272,-0.9993980133151485,0.041235997901021254,-0.16600291867181122,0.9474175956969313,-0.4960159279145197,-0.163302334562289,-0.6091488448319952,-0.2444638718805797,-0.13955992557360852,-0.7315764394536662,0.6729928260565129,-0.4355930676735127,0.265353104073063,0.8744155421817841,0.3801052088945316,-0.8937253285056628,-0.7093554441918143,0.18659194953389224,0.783653728683146
0.15741788345753768,0.31639164826354155,-0.20049534510807387,0.6008315393420691,0.41061867165544014,-0.5495721738017338,0.2638640349829875,0.25142755742592077,-0.3103605679437296,-0.13144057474003387,-0.40712207856562926,-0.6512210107956126,-0.8776553119434491,-0.1420521408383902,-0.9387583779186397,0.09924111602609285,0.3433209089302894,-0.5178584514175515,0.0973258383186484,0.7557562004716553,0.576671786625239,0.5395957189351989,-0.5220935009542372,0.6534758325571937,-0.27904211414904573,0.3361383555042054,-0.28520044541205963,0.9230216423153064,-0.8820273076159243,-0.14211783602642353,0.6630885049317353
0.2715976572554937,0.24972575167149375,0.9751276863487823,0.260496424980415,0.03879453727847741,-0.2551662279506555,0.10228896102858376,0.561673836199517,0.3842103360350132,-0.9406137504843055,-0.3240864067022063,-0.30352140680397743,-0.7774995208780031,0.5661192413115219,-0.9563523219510839,0.4947978417442962,-0.9704944857487926,0.3381893881628092,0.32683524310896156,-0.4512251908038584,0.6959806152792547,-0.32098680885986175,-0.603628059220685,-0.2083356358640609,-0.8098806215055556,0.5719281623994554,-0.43241917407049374,0.6760060206163341,0.748753727670593,0.9912387399906464,-0.050095334340693395
0.12931845826938526,0.8416239458185827,-0.7569548468752392,0.021076842749547513,-0.38163193221085023,0.842832646364706,0.9430606538957692,-0.8503963294761253,-0.7428775218948415,0.857131829406426,0.5407673828155241,0.4683960040009234,-0.6232282295008301,0.6249432606097362,0.01449638833107822,0.9338266746118987,-0.390333853192292,0.4848111059711246,0.7699374538820509,-0.7557723718164017,-0.7444294862554603,0.8891193541585821,0.4467703213487192,0.5520839502380268,-0.7035650603814936,-0.7709610603400424,0.4155782079598791,-0.002052267368568569,0.1297449964822791,0.7346160852615257,-0.9407777167668435
-0.7077804914821422,-0.6478742757173674,0.13489236011966885,-0.6718861044367563,0.33206720008483426,0.15332202135678602,0.37069630433444395,-0.3941482552833793,0.7848199881755273,0.3252879725381089,0.1391990127916932,0.5664521755338644,0.30102726384765455,0.8289644211188407,-0.7976770769143839,0.7659469279477509,-0.9321055150738693,0.21770183272926003,0.03128820901668751,0.3573393642764545,-0.993575201198992,-0.6680197571734652,-0.20689453150290313,0.07052257432401296,0.9064456069565104,-0.44663326335227266,-0.16185020522414104,-0.5224319777818948,0.015614588092093295,-0.6408449796118532,0.10588754620704101
0.41462505264130806,-0.88549712961145,0.6550594344517294,0.9824744756902647,-0.7536223363434774,-0.9099799378357185,0.44246948649341433,0.3850816289252545,-0.5024980555140859,0.8538363856898816,0.05673645655523676,0.09226833760967802,-0.11667759561056257,-0.07967257095007554,0.7629486182364037,0.2733399757765962,0.29166754805994355,0.5683165736026369,-0.4280544001489366,0.17157444103510694,0.7753382902196458,0.3034171143963128,-0.819308025363977,0.8297917406698941,0.30361650388960865,-0.6987877766957193,-0.5953863656928834,0.8761986918774992,0.26351956605090593,0.2773066703896139,0.08580137233052818
-0.05316887382967693,0.7998350785061997,0.4004711272134732,0.48771420994565906,0.7130389584211239,0.84288745524734,0.6026168631246039,0.27456486450312556,0.5492810538834672,0.17675304897511188,0.19574695947529366,-0.10636623361596713,-0.040849618278216676,-0.08171016884628782,0.20971413836127914,0.9437167082512601,-0.39348501621267296,-0.2906251269583474,0.7066330150703932,-0.8821163316043441,0.5398762220664254,-0.25269637928971744,-0.9069693991957186,-0.9558810902947297,-0.912280627007309,0.8318131607403163,-0.6877959206811943,-0.7671179254418988,0.19974232331979638,0.5352475723069341,-0.5480550138709331
0.4961863532702757,-0.7108737457076195,0.9715254730377344,-0.3797248813643001,0.7869116769974113,0.38474476332716206,0.9177415636570634,-0.7608169441074312,0.6883738241435131,-0.20184984551037075,-0.2315335112409412,-0.7953677324726629,0.7406306504272359,0.771084853530708,-0.5333628598843156,-0.908203540211881,-0.9670917867217327,0.3397407129426094,-0.6023937215363757,-0.9597638710021787,-0.8752840844622125,0.2129444602540198,-0.8565969823114902,-0.45599232968231695,0.96236705646139,-0.7261634373710815,-0.6870299333602099,0.3595079989172579,0.349295444227685,-0.22466093139789453,0.41592935533302255
0.9492924934409892,0.40824029774109544,-0.010528850566094013,0.019073942001113457,-0.5546271775446912,0.47063531964085925,0.07164316152765014,0.5867281401148139,-0.7066216219070137,-0.8213225429535479,0.41634881149208075,-0.2444717743587942,0.6117922357073472,-0.15536813701399207,0.08877308591785332,0.9376506513940647,-0.18811575082779905,-0.36524445886247264,0.8422681114578073,0.1487868067502641,0.39930699714681733,-0.21651175617569127,-0.19104136375922406,-0.45800742694001456,-0.07564485630405826,-0.21358812108491623,0.5262454503570723,0.26049634320598924,-0.9766983688893083,0.3049219929455343,-0.6567319110817027
0.6474216952836155,-0.2652027020362505,-0.5248539170052219,-0.3939521599820107,-0.06684054854430954,0.22966853739322,-0.524091778245474,-0.6139316114577431,-0.39087937315900684,0.4406978392091275,-0.0330466147507568,0.5593025035324118,0.6260666904029804,-0.6133601809861087,-0.2655276110020462,-0.842989971909024,0.37858323825181833,-0.9900986784103537,0.26284635082017216,-0.5469474529613236,-0.388256484016124,0.17368714234971724,-0.641499271815411,-0.20067106075604363,0.09776782846747245,0.2959129123889137,-0.6933430445357494,-0.5887990692498181,0.3732852242936701,0.3936522946038348,0.9418949186415523
0.7002685124410879,-0.5641077372838564,-0.5932701578791797,0.5002520220897562,0.6972148994897353,-0.03357005629760315,0.20832311152447824,-0.3887684171372432,0.46614943929163316,0.9039247005470582,-0.6701417010117744,-0.8993534487338115,0.05451525805309483,-0.5017786924715498,0.6964974363900174,-0.41202192798097714,-0.789736271476446,-0.8645508997707884,0.8788330902641187,0.11373683914554111,0.7357160532058322,-0.6554102599940625,0.5176776073600283,0.5774383133244275,0.45342437217700876,0.9658670994550194,0.05412960880464084,0.09994692800966908,0.40711001414648734,-0.44644737082564784,0.3061788997983172
0.08210571422619735,-0.6556300707211026,-0.11223489305999225,-0.47714099415086775,0.27762954188174094,-0.9850679174330126,-0.09459285104011315,0.5353214855830651,0.6028338170685634,0.6936810649736715,-0.46816877260858714,0.16107920917729668,-0.5154248915863666,0.5443653818074085,0.09701297672563501,-0.1693890579260861,-0.697491970906918,0.8093444820465782,-0.9724570628168785,0.28032492143104765,-0.041339058476935746,-0.5286200471724746,-0.5147015939517132,-0.56048091403066,0.17005058681018456,0.3160249888220694,-0.484535077567923,-0.006180493806449315,-0.8137405807192578,0.962832118048893,-0.9086130775785237
0.2841118110346181,-0.6529450753334085,-0.8398234717946383,0.9811554944137661,0.9042633280774275,-0.9000723139928354,-0.011367303491147935,-0.5198326099625235,0.6784988187612029,-0.6484062111279031,-0.23251754271048047,0.2346000682070702,-0.5202069432074269,-0.5694455349337441,-0.2538923884274377,0.3051838973849447,0.6352088817995929,-0.04732684840827293,0.2701734315943024,-0.15722303006797322,-0.8036448353579344,-0.6161591395215517,0.26236740349994386,-0.5558545897214253,-0.6636885250809578,-0.009255398298370078,-0.6649142030284784,-0.1740480856219789,-0.9327804978490994,-0.26438855438177394,0.023682290623760576
-0.9250532309283812,0.7229898071170223,0.3850194380699882,0.9652363356877726,0.4524927915493384,-0.5431094742388985,-0.12469649793972493,0.19418379587313597,0.07261562175313742,-0.5766630070257834,0.24188765805522838,0.24593707812299995,0.669012692152144,0.5234056342857,-0.7367795433930552,0.2189824771191918,0.9635569277391394,-0.2520698952430785,-0.1665275584098502,0.09441074272958208,0.7281929336196761,-0.920059014662316,0.17459040903232004,0.7064716190938414,0.9295155477415066,0.6614279060112986,-0.0034834008601491574,-0.2883693736411315,-0.20522767635172112,0.19570629739656034,-0.8928416628833383
0.47020384924744274,-0.8816905990082574,-0.16167998803943376,-0.13829495668727132,-0.778232417235929,-0.462131224854254,-0.413320817547315,0.779531110856981,0.1817601145851792,0.5300974901212543,0.6691152165324857,-0.614427134764598,0.8814278576057487,-0.9185477510019657,-0.12030149942825956,0.5296203093980663,-0.905851574551724,0.2851695598523438,0.22347323265274155,-0.3383499250487714,-0.6347158448025275,0.1344631911525356,-0.013384170313324366,-0.9491886808510713,0.9776907160972294,0.7543324654267386,0.49709639103044817,-0.5487963655428729,0.3659320363436419,-0.3033656483386625,-0.6565463005571046
-0.6091359982601829,-0.5934067621965563,0.062434965957092796,-0.14351352514531654,0.9895363407587199,0.5429948910896881,0.7599272431275892,-0.7952826105986477,0.4835481179153716,-0.5130420780695257,-0.6458336655129424,-0.2204157033366604,0.27527851305072193,-0.5380231643985351,-0.19474787620102038,0.38495573402424366,-0.7919686963215656,-0.5229231132325458,-0.8357764330407498,-0.7679489042483035,0.8128616107296721,0.8462327571823571,0.6490057286006248,0.2459808335431199,0.016551796707713822,-0.9620936632319662,-0.9128565292589332,-0.6538247910533218,0.9836452494417831,-0.3727490906204069,0.5592389392319163
0.08888006780193196,-0.6122388903600459,-0.48234373299493916,-0.8972487155372894,0.7461628952736161,0.2133959046299882,-0.7734691278109366,0.9418165677141259,-0.1655674935058645,0.5562927397318915,-0.9307212646603517,-0.2876287681448936,-0.9903095124426695,-0.8376373985316554,-0.4940483006681132,0.9401236774315492,0.1260612484211065,-0.754281276406219,0.6615645946562999,0.6670651893432875,0.24189506657581317,0.8091171782081527,-0.18015806748585683,0.3318819868901479,-0.58028578645274,-0.976950809961728,0.6831839130611896,0.17807846595326704,-0.9614064903366454,0.4447861654844796,-0.4159408315755554
-0.9026102725854861,-0.9181605833240825,0.26096863253844255,0.010409602423314785,-0.30983534110638217,0.3600815876736328,0.23999185452322042,0.27006537063025,-0.6429867009980967,-0.003214645630668518,0.7646069297588526,0.31262292759223065,0.3594416812963687,-0.11227578473927281,-0.34038820377656626,-0.3260045033995198,-0.8981692532140577,-0.9386738393891227,-0.19754215119182242,0.732094535501625,0.056002127543508334,-0.8710600202872488,0.03630500943933984,0.6492512717505656,0.3339363908450034,0.7694003812593723,-0.4471672609004279,-0.41025562037528013,-0.7144503405697336,0.5632140039158359,-0.12397449395452549
0.8138286023273505,-0.07208727994012289,0.869076930931531,-0.2973730217992498,0.49001110125735114,0.6654983087978191,0.5422962378236746,-0.19140340348578122,0.28262301995021916,0.49281782376968475,0.20802576843767454,-0.017331250805387437,-0.6178680600862689,-0.25456614017995016,0.5746682262711754,0.27838512310795677,0.44162342539196436,-0.9115483624185091,0.8798577761526373,-0.6425390686454389,-0.9228930166377022,-0.06194951380909751,-0.03672928463048926,-0.7385437978792181,-0.4603254233849572,0.5401280464532925,0.40891721344221615,-0.9376246443874124,0.06287956660668162,-0.4454901829546108,-0.9635608493200035
0.570703798920642,-0.4524861947964263,0.6208760721608096,-0.058046210776557486,-0.5283088959669487,-0.9111609742911038,-0.25824610974094014,-0.5894454993773766,0.2056390659115605,-0.7702237472015219,0.5238415393331031,-0.490172306415724,-0.578617461078881,0.8401352861979378,-0.008652680179927241,0.025863038725748556,-0.08589187467322545,-0.33926493339744185,-0.3340954698192148,-0.5300329419773441,-0.6992583370246398,-0.9369997411289878,-0.45368982333820357,-0.4694017380860603,0.3922471722479196,-0.4154130517105598,0.7289018752493639,-0.26044912567773454,0.8191653860010814,-0.8908698810135578,-0.22899557487624908
0.24905117447068745,0.34391215972080813,-0.4103084484809031,0.24570390040889695,0.5456828834319739,-0.5356145701689231,-0.5483129869217406,-0.9075943464046857,-0.10741186888907522,-0.27090099050648586,-0.021513148478030958,-0.7402943288340652,0.18164931983254357,-0.43609253618955,0.546633507877638,0.14566974091835472,-0.6065836736583847,-0.3802108018400166,-0.7007850350495559,-0.3866818522008702,0.644958697377423,-0.22313200648534579,-0.47854213289357034,0.9778345361268773,0.4689560893723727,-0.5806512326112175,-0.8277093976107703,-0.20802255599009253,0.6595290756034236,-0.30123569099811565,0.9787038267842405
-0.756942364373762,0.8540956358145799,-0.8554949951989842,-0.3370021895151915,-0.909111227981567,-0.639267200712263,-0.8375505183624946,0.5810646476272308,-0.5372804679481148,-0.17095348104963776,0.8262348576516743,-0.5036641676850054,-0.2734181426376816,-0.3987810218960359,-0.43357681499465317,-0.2898689665284726,0.10154763254215957,0.21926370690081837,0.48464174390594017,0.7494033142618024,-0.448244618470532,-0.6048137961883063,-0.20575230152602644,-0.7157869496585231,-0.800034050843352,-0.33515700459801834,0.861579855004284,-0.08723750679444911,0.7894238448919692,0.1572010349233149,-0.5786216482290211
0.0510889141258045,-0.701191531847176,-0.9421833352949563,0.6353967630304664,0.8241211049474975,0.5218966046944171,0.6647909612960561,0.5210823517070833,-0.8148996639260054,0.16008690566813966,-0.7099033708033325,0.6969851525393596,0.6531918680493799,0.8296039396884494,-0.7064115547446669,-0.036702461394866416,-0.7987220532752909,0.19101533215067704,0.2741222148867198,-0.15021296736211967,0.42090190230350055,-0.5764138413748652,0.34608631413725166,-0.5140386243376736,0.27872147748480847,-0.19600092840027433,0.9385574152690854,0.6847422935660407,-0.10997126084816113,-0.7662334517496847,-0.7364119736443601
-1.0,0.8962553344380982,0.6296700632674147,0.5606168114029927,-0.4500177659859743,-0.14059287152143557,-0.02596493907967704,-0.9704227238254575,-0.17362620942730073,-0.4380132420704645,-0.1546308042320055,0.03968345574576462,-0.5267849749553959,0.6536535024191159,0.1648218428802102,0.6775204734472497,0.695227117470069,0.01593676333098966,0.9619671428630819,0.18451487061132024,-0.3354688454890357,0.20499825808545025,-0.10490981237920453,-0.809761302883116,0.7371393581904891,0.6203719733064474,0.6537313663952741,0.08705510089249169,0.30009129975138615,-0.8760840087853472,-0.9852317912665691
-0.9123838210064675,-0.4326315166553753,-0.6868004446041982,-0.6485693700900663,-0.4092108974581037,-0.4263884251935152,0.13704404348599433,-0.3040737855183997,-0.031193425961447512,0.5689778285522574,-0.810695132856857,0.4704114876609169,0.3796377828063194,0.6611892733696219,-0.7732116992988791,-0.589204450173904,-0.27987070966313365,-0.8258482988017524,0.528059395521192,-0.7375566691914578,-0.6142189489391331,0.773746631432863,0.823579917309856,-0.22827199039222215,-0.5108076788739725,-0.9099388757235317,0.23968097611679487,0.35888028338447825,0.6195172851568311,-0.14465177932539564,0.19504989891540087
