gsm,patient_id,relapse,er,followup_months,esr1,four_marker_score
GSM36777,277,0,ER+,79.0,6.060276862008103,6.791162442341708
GSM36778,278,1,ER+,50.0,7.10588302980754,7.168193571313634
GSM36779,798,0,ER+,132.0,7.083971813265169,5.9066804384684355
GSM36780,846,0,ER-,84.0,5.592828414670399,7.517936239540982
GSM36781,765,0,ER+,147.0,5.9665508143052755,9.050246203605779
GSM36782,600,0,ER+,66.0,6.549408123287922,6.321534498511829
GSM36783,601,0,ER+,52.0,6.202729022503481,7.980823154951107
GSM36784,602,1,ER+,57.0,6.831052430218974,6.507644166969889
GSM36785,605,0,ER+,57.0,8.364538871806687,5.9259662791531476
GSM36786,606,0,ER+,66.0,6.37558798575889,7.0655681636798615
GSM36787,284,0,ER+,72.0,7.716473024031176,6.877023607612839
GSM36788,609,0,ER-,79.0,5.781116335049222,8.598048873080584
GSM36789,285,1,ER+,51.0,7.12279974060243,6.898680707976126
GSM36790,286,0,ER+,107.0,6.738258563964826,5.629755168299862
GSM36791,287,0,ER-,79.0,7.410564161546639,7.960727227096493
GSM36792,288,1,ER+,71.0,6.66362457001709,6.79812285655413
GSM36793,3,0,ER-,101.0,6.031116029108325,7.608901937827239
GSM36794,791,0,ER+,87.0,6.770534451400964,8.827072710369347
GSM36795,855,0,ER-,88.0,6.280721334463197,6.853501733751669
GSM36796,5,0,ER+,118.0,6.317882079734347,7.267084945352853
GSM36797,6,1,ER-,9.0,5.430156036266968,6.218372440752719
GSM36798,7,0,ER-,106.0,6.114320581855683,8.022983013028457
GSM36799,611,0,ER+,75.0,6.41516440667377,7.407955233319718
GSM36800,8,1,ER-,37.0,7.85327227035675,7.001090953709133
GSM36801,9,0,ER+,125.0,7.012133992623786,8.555185769848359
GSM36802,612,0,ER+,92.0,6.446930910179397,6.523079172874596
GSM36803,613,0,ER+,93.0,7.330278236892777,6.909857762649606
GSM36804,614,0,ER+,88.0,6.007807124712929,4.410282758334125
GSM36805,290,0,ER+,100.0,7.2928166743745955,5.535620808135212
GSM36806,615,0,ER+,92.0,6.116091419920756,6.316901680110934
GSM36807,616,0,ER+,88.0,6.763529685726278,7.011160953133579
GSM36808,292,0,ER-,58.0,7.227779908048167,8.349355278047515
GSM36809,293,0,ER-,56.0,5.367953634168249,8.021199190591485
GSM36810,847,0,ER+,105.0,6.700129962431833,5.677670245391113
GSM36811,620,1,ER+,62.0,7.055904765902013,5.893259374800199
GSM36812,621,0,ER-,80.0,6.2252133615353635,8.175449379278906
GSM36813,540,1,ER+,49.0,8.02670833722531,7.284587103320135
GSM36814,703,1,ER+,61.0,6.473157140775623,7.858595862128162
GSM36815,625,1,ER+,72.0,6.987997237713016,6.2973578657104285
GSM36816,707,0,ER-,98.0,6.306877717356236,9.097604939106557
GSM36817,627,0,ER+,113.0,6.412990613809164,8.449892722665455
GSM36818,546,1,ER+,62.0,7.1505576833990085,6.663431974176935
GSM36819,629,0,ER+,131.0,6.611529379206877,6.126320256924173
GSM36820,749,0,ER+,141.0,6.075830414650679,6.615972202833176
GSM36821,856,0,ER+,88.0,7.467371512422734,7.834769621745279
GSM36822,710,0,ER-,50.0,5.757504178291039,7.200626357368528
GSM36823,630,0,ER+,119.0,6.863421050479783,6.749579285900465
GSM36824,712,0,ER+,86.0,6.2741687011190495,6.934441227732659
GSM36825,631,0,ER+,99.0,7.10058877057487,8.306749143115722
GSM36826,550,1,ER+,58.0,7.538404841492408,6.20745061801686
GSM36827,713,0,ER-,156.0,5.839957588918143,6.966810103025534
GSM36828,633,0,ER-,76.0,6.202161784646487,8.13184646649118
GSM36829,714,0,ER+,157.0,6.6257264381849375,6.076943297762401
GSM36830,634,0,ER+,117.0,7.380790704574279,6.376469997878152
GSM36831,716,0,ER+,87.0,6.153126604122237,6.923390055020578
GSM36832,635,0,ER+,119.0,7.051131732111677,7.38542485964449
GSM36833,637,0,ER-,54.0,6.266489117996404,7.486085225960667
GSM36834,11,0,ER+,109.0,6.489232466100988,6.775879912018143
GSM36835,14,1,ER-,14.0,6.298309016261143,7.092483382308805
GSM36836,15,0,ER+,99.0,6.344592632416144,6.890586768488559
GSM36837,17,0,ER+,137.0,6.691707107946571,7.263609592752537
GSM36838,18,1,ER+,34.0,7.0732252242547435,5.800038251856799
GSM36839,19,1,ER+,32.0,7.192621040455687,6.421324028959217
GSM36840,848,0,ER+,86.0,6.360623655982571,7.328771040860672
GSM36841,767,0,ER+,134.0,7.1337592148139395,8.170254949430321
GSM36842,640,0,ER+,81.0,6.200021684492522,7.310614508930325
GSM36843,641,0,ER+,77.0,7.849852371806211,7.549783944522332
GSM36844,804,0,ER+,121.0,6.2733945502503525,6.721431957166998
GSM36845,642,0,ER+,54.0,7.315052350393732,6.132073258766594
GSM36846,805,0,ER-,103.0,6.725519757896219,8.090474825431668
GSM36847,806,0,ER-,85.0,5.74146123724898,7.5323620323762945
GSM36848,726,0,ER+,105.0,6.554675519629538,6.164633957169633
GSM36849,808,0,ER+,110.0,7.957145138013904,6.075446770155964
GSM36850,727,0,ER+,121.0,7.338046034312002,7.527103526996346
GSM36851,646,0,ER+,100.0,6.864424501219579,8.161414697415267
GSM36852,809,0,ER+,107.0,6.502187794741667,7.639135535350233
GSM36853,728,0,ER+,105.0,7.236478091470041,6.669020925534503
GSM36854,647,0,ER-,105.0,6.575071117365385,8.364150969731146
GSM36855,20,0,ER-,128.0,5.999639304688882,7.608791473620145
GSM36856,729,0,ER+,86.0,6.769094088264757,7.59214067087757
GSM36857,648,0,ER+,95.0,7.210986343980265,8.91186637512056
GSM36858,21,1,ER+,14.0,6.656742972821238,7.779705660833237
GSM36859,22,0,ER+,130.0,6.5028301341277714,7.5842835171794185
GSM36860,27,1,ER+,30.0,5.453762741160997,6.985357049168115
GSM36861,28,0,ER+,155.0,7.036896618012118,7.044585998193485
GSM36862,29,1,ER-,25.0,5.768440653605207,7.136414853250812
GSM36863,857,0,ER-,98.0,5.9930999793250095,8.381579546179792
GSM36864,810,0,ER+,84.0,6.941239762507812,6.188384204787494
GSM36865,813,0,ER-,103.0,6.0086864713519885,7.930350656862068
GSM36866,815,0,ER+,107.0,9.89297423983236,5.577045744417345
GSM36867,817,0,ER+,108.0,8.247730324309146,5.956486415858806
GSM36868,737,0,ER+,123.0,6.800279609894322,6.590175455859503
GSM36869,738,0,ER+,126.0,6.706416788473336,6.752130445211479
GSM36870,31,1,ER+,30.0,7.092390919206595,6.709810530697171
GSM36871,32,0,ER+,84.0,6.416376391108654,5.4873257921423235
GSM36872,33,1,ER+,7.0,7.226780471180252,5.810893036246005
GSM36873,34,0,ER+,100.0,6.836003712071955,7.236683023256615
GSM36874,35,1,ER+,30.0,7.146254963115506,7.694298105059951
GSM36875,37,1,ER-,7.0,6.0391062351603635,7.744170535793768
GSM36876,38,0,ER-,133.0,6.6189615863779245,5.833963235393493
GSM36877,39,1,ER+,43.0,6.263662683836554,7.917453191434182
GSM36878,760,0,ER+,98.0,6.947553840455672,4.458621265293909
GSM36879,100,1,ER-,39.0,6.090886287696376,7.152324178281516
GSM36880,103,0,ER+,97.0,6.129043602513884,7.494551746842639
GSM36881,104,1,ER+,11.0,6.895996696600373,6.623716852650723
GSM36882,105,0,ER+,99.0,7.067006102059292,8.227182772571458
GSM36883,849,0,ER+,88.0,6.545241953026501,6.563755102337114
GSM36884,768,0,ER+,129.0,6.089883685152661,7.370574398687941
GSM36885,106,1,ER+,40.0,6.209628302724635,6.752283447229109
GSM36886,107,0,ER-,94.0,6.1865116642450895,5.693452442830528
GSM36887,900,0,ER+,108.0,6.841650998297702,7.719951101587757
GSM36888,108,1,ER+,28.0,7.1097229364507495,7.774210347069788
GSM36889,901,0,ER+,108.0,6.861823154021918,8.478645827477694
GSM36890,820,0,ER+,116.0,6.492785213940315,8.017209319633771
GSM36891,109,0,ER-,87.0,6.309762219775856,6.411095023373946
GSM36892,903,0,ER+,110.0,5.584645472810112,6.9240233156607705
GSM36893,741,0,ER+,124.0,6.747702916537512,7.124316190379796
GSM36894,909,0,ER+,109.0,6.261408426544865,8.092821357835671
GSM36895,747,0,ER+,96.0,7.015524480054783,6.181599466160206
GSM36896,40,0,ER+,102.0,7.0299879312114975,5.973357158517474
GSM36897,41,1,ER+,25.0,7.427993789803562,6.934483785122388
GSM36898,212,1,ER+,7.0,6.541787989551102,5.6038013369706166
GSM36899,44,0,ER+,169.0,6.678446785972953,4.5405376358893985
GSM36900,46,0,ER+,109.0,6.331921733627183,7.665826084728538
GSM36901,48,0,ER+,101.0,5.635266008236596,6.274385256174916
GSM36902,49,1,ER+,28.0,5.865602568839378,7.345635107691675
GSM36903,110,1,ER+,8.0,6.1878326160582935,6.838696243845654
GSM36904,111,0,ER-,98.0,5.466734134147005,6.538605404627228
GSM36905,112,1,ER-,17.0,5.908072179591036,7.7202049448438395
GSM36906,113,0,ER-,101.0,5.380841174606478,7.992935501708059
GSM36907,114,0,ER+,86.0,6.630828749668247,7.211443057051618
GSM36908,115,1,ER+,15.0,7.353668107647753,6.188011053984897
GSM36909,118,0,ER-,95.0,5.519547783418539,6.825565336616296
GSM36910,751,0,ER+,125.0,6.9049060118395,5.809337709312679
GSM36911,913,1,ER+,80.0,7.210297485179917,6.154111841649486
GSM36912,833,0,ER-,97.0,4.934368913802825,6.514308091533243
GSM36913,754,0,ER+,109.0,6.877471078489558,7.125260139575241
GSM36914,836,0,ER+,84.0,6.763299453991468,7.604082432006105
GSM36915,839,0,ER-,97.0,5.782146432506088,7.731251990810676
GSM36916,50,0,ER+,125.0,6.32762228001498,6.702665750830126
GSM36917,54,0,ER+,144.0,6.874871158815443,6.872523446269069
GSM36918,55,1,ER-,11.0,6.575633537847564,7.718687948099436
GSM36919,56,0,ER+,153.0,6.090799025532781,6.573832297445977
GSM36920,57,1,ER+,20.0,5.949506348254914,7.485511788649766
GSM36921,200,0,ER+,108.0,6.409719074612778,5.470585002735093
GSM36922,201,0,ER+,113.0,8.12145084762946,5.532975367513398
GSM36923,121,1,ER-,23.0,5.384540868444522,6.189383883439989
GSM36924,203,1,ER+,29.0,7.336580614944304,5.119058421887306
GSM36925,122,0,ER+,104.0,6.6045409954476675,8.052536069934385
GSM36926,204,1,ER-,24.0,4.915607225640021,6.134274274878791
GSM36927,124,1,ER+,8.0,5.825765740003139,6.704077644981079
GSM36928,205,1,ER+,23.0,6.125718906882524,8.058446507714164
GSM36929,125,0,ER+,93.0,6.682178002196982,7.132670300992581
GSM36930,769,0,ER+,84.0,7.6329084252373764,5.5856523556778885
GSM36931,126,1,ER+,37.0,6.050888049264034,6.777651608251835
GSM36932,841,0,ER+,96.0,6.878077072839446,6.983909282422457
GSM36933,843,0,ER+,110.0,7.298842010224975,8.060882918185273
GSM36934,763,0,ER+,171.0,6.536655492648409,6.5584217022535265
GSM36935,844,0,ER-,114.0,5.749446134923451,8.480936217329647
GSM36936,845,0,ER+,109.0,6.235961652640697,6.226226262220532
GSM36937,61,1,ER-,11.0,5.956458968548881,6.798036216833357
GSM36938,62,0,ER+,108.0,6.440696843338476,7.745789824187318
GSM36939,63,1,ER+,14.0,6.943655538912588,7.746604452046427
GSM36940,64,0,ER-,134.0,5.465915450699904,6.561133055858969
GSM36941,65,1,ER-,9.0,5.547773019188282,7.533415252486404
GSM36942,66,0,ER+,152.0,6.476923810458919,8.150031382298701
GSM36943,67,1,ER+,19.0,6.61758379336844,6.400383735666489
GSM36944,68,0,ER+,112.0,6.118139293268143,6.858063812837819
GSM36945,851,0,ER+,92.0,8.04920997793129,7.636148646292086
GSM36946,130,1,ER+,26.0,6.703290759571626,7.064187968257924
GSM36947,213,1,ER+,16.0,6.288854957934124,7.138362328076745
GSM36948,133,0,ER+,87.0,7.175969732594265,6.3997811970733505
GSM36949,215,1,ER-,6.0,5.501688639055136,7.206367071289358
GSM36950,134,1,ER+,28.0,6.875003124733796,5.184203826878059
GSM36951,778,0,ER+,104.0,7.5071182891671935,6.292739798158499
GSM36952,216,1,ER-,13.0,6.744659064939803,6.855364565074132
GSM36953,135,0,ER-,84.0,6.027308682965312,6.534292461245709
GSM36954,217,1,ER+,19.0,7.094450949563116,6.383274013244373
GSM36955,136,1,ER-,25.0,5.667279041278393,7.611339350141898
GSM36956,137,1,ER+,32.0,6.946718967179314,6.885856951303379
GSM36957,138,1,ER+,47.0,6.767206617196388,4.7665644807564655
GSM36958,139,0,ER+,111.0,5.676518127726194,7.824824287655334
GSM36959,774,0,ER-,120.0,5.507466807743707,6.873666422606235
GSM36960,696,1,ER+,51.0,5.76019259574061,7.013345176964224
GSM36961,777,0,ER-,153.0,5.92108111225748,8.648590671520509
GSM36962,70,0,ER+,114.0,6.720626293849459,5.437315902936632
GSM36963,698,0,ER+,60.0,6.512368930484468,8.022452827226932
GSM36964,71,1,ER-,12.0,5.509308994760251,7.012697554459545
GSM36965,72,0,ER+,134.0,6.613374001964997,7.457212075955398
GSM36966,74,0,ER-,90.0,5.176276341338379,7.557133074237202
GSM36967,75,1,ER+,15.0,7.17717995545669,6.606361082592388
GSM36968,78,0,ER-,152.0,5.396332372816548,7.092883118175866
GSM36969,79,1,ER-,32.0,5.691395817732138,7.576582163353376
GSM36970,762,0,ER+,116.0,6.95475614186526,6.092534259052098
GSM36971,140,1,ER+,19.0,6.264894718216768,6.970260691229198
GSM36972,222,1,ER+,37.0,6.464578020925834,6.570683723993113
GSM36973,141,1,ER+,25.0,7.928104566234989,6.015435512345844
GSM36974,223,1,ER+,23.0,7.543389220001251,5.652295993076538
GSM36975,787,0,ER+,110.0,6.464048627072336,7.877512772740758
GSM36976,226,1,ER+,38.0,7.244734845466643,5.838923851193954
GSM36977,780,0,ER-,124.0,6.595757042987445,7.757058443691152
GSM36978,782,0,ER-,148.0,6.575984626354345,8.392402107747431
GSM36979,863,0,ER+,107.0,6.549467874003459,6.479061299337139
GSM36980,783,0,ER+,122.0,7.515457690678862,6.558584789128034
GSM36981,864,0,ER-,87.0,4.534412754170813,7.5360777802381556
GSM36982,865,0,ER+,92.0,6.443266717625816,7.69312845649293
GSM36983,866,1,ER+,75.0,7.296933460737825,6.392947350781522
GSM36984,785,0,ER+,138.0,9.308915891263135,5.138129095735119
GSM36985,867,1,ER+,55.0,6.48555803125753,7.247825230190535
GSM36986,868,1,ER+,77.0,6.397210804745539,7.306740734880043
GSM36987,80,0,ER+,97.0,6.011338412854824,5.782125591167425
GSM36988,789,0,ER+,96.0,6.414595008088279,6.4407987010059475
GSM36989,81,1,ER+,11.0,6.088002748012692,6.987117104293745
GSM36990,82,0,ER+,143.0,7.577149175093435,5.617747423732443
GSM36991,84,0,ER-,114.0,4.998245975727947,7.9671242358011
GSM36992,86,0,ER+,104.0,5.320566201050064,5.478010399807414
GSM36993,88,0,ER+,98.0,6.430638695585296,5.913858395068592
GSM36994,89,1,ER+,2.0,6.72550894873007,6.085794654478502
GSM36995,852,0,ER+,113.0,6.55784921987831,7.4769970623240765
GSM36996,230,1,ER+,24.0,6.113452705001125,7.631824823852382
GSM36997,231,1,ER+,44.0,6.342403261984786,6.510834250352506
GSM36998,233,1,ER+,5.0,6.9514522750393,8.307318011694612
GSM36999,234,1,ER+,37.0,7.68529516813832,5.745195862408599
GSM37000,779,0,ER+,137.0,6.346175924339483,8.16168273924102
GSM37001,235,1,ER+,33.0,6.320770271783552,5.9015687202180445
GSM37002,236,1,ER-,16.0,6.106670822979812,6.9534512221085505
GSM37003,237,1,ER+,19.0,6.112034657273714,7.370217999738232
GSM37004,239,1,ER+,35.0,9.367533072072462,5.132258274706762
GSM37005,870,1,ER+,56.0,6.834001326011592,5.2722737768879435
GSM37006,871,1,ER+,71.0,7.306732901348545,7.137840683407655
GSM37007,873,1,ER+,59.0,6.410774075375883,6.242959531868259
GSM37008,874,1,ER+,70.0,6.63655234544969,6.373711383797893
GSM37009,793,0,ER+,122.0,6.746112051503608,7.956940949302865
GSM37010,794,0,ER+,101.0,7.916207468988893,5.29754152417674
GSM37011,876,1,ER+,60.0,8.133555385998989,6.4097204572680155
GSM37012,795,0,ER+,132.0,7.499053289382335,5.534123248139834
GSM37013,877,1,ER+,66.0,6.895745975514647,6.51780826297656
GSM37014,796,0,ER+,143.0,7.733473205648372,7.958350413719559
GSM37015,797,0,ER+,122.0,6.407360647479098,6.586968031261955
GSM37016,879,0,ER-,108.0,6.009405793832216,8.330354032385394
GSM37017,90,0,ER-,108.0,5.5461434652638975,7.682635958208042
GSM37018,91,1,ER+,20.0,6.839907253619188,5.9462569281354405
GSM37019,92,0,ER+,146.0,5.7017711835931415,8.01437075740747
GSM37020,93,1,ER-,48.0,6.088171567349308,6.180736684452455
GSM37021,94,0,ER-,109.0,5.846332655621085,7.589948710987427
GSM37022,96,1,ER-,30.0,5.723185295290278,7.960387875168349
GSM37023,98,1,ER-,14.0,5.728566631221689,7.043707147201145
GSM37024,861,0,ER+,95.0,7.155467042277588,7.32658798069472
GSM37025,99,0,ER+,107.0,6.949336512330956,6.387793675906606
GSM37026,240,1,ER+,36.0,6.963799047384803,7.2141629622701675
GSM37027,241,1,ER+,17.0,6.847826081644794,5.941893053728485
GSM37028,244,1,ER+,39.0,8.22771353925795,5.548820228638541
GSM37029,246,1,ER+,47.0,7.283872241372752,7.517577493811131
GSM37030,247,1,ER+,44.0,7.319323805884322,6.3997310849767555
GSM37031,249,1,ER+,18.0,6.366021113370246,6.302407625409195
GSM37032,883,0,ER+,86.0,6.235106766278818,7.844291437055652
GSM37033,887,0,ER+,161.0,6.960953967806614,8.542238887946743
GSM37034,853,0,ER-,88.0,5.988467740702787,7.599809988120961
GSM37035,250,1,ER+,14.0,7.220928425414657,5.3082009267194135
GSM37036,252,1,ER+,15.0,6.546044725594964,6.4739627039019965
GSM37037,253,1,ER+,19.0,8.055467324806976,6.8883499269132225
GSM37038,416,1,ER+,60.0,6.9833384432377565,6.3055016672462685
GSM37039,254,1,ER+,48.0,6.780507253374655,6.309402238228666
GSM37040,255,1,ER-,6.0,5.6394357540437845,7.87304536385766
GSM37041,258,1,ER+,9.0,5.937067039658367,6.488783427254286
GSM37042,259,1,ER-,14.0,6.034813182787004,8.13182352638576
GSM37043,890,0,ER-,161.0,5.806394500070176,7.7439286754361305
GSM37044,891,0,ER+,112.0,6.611806832736933,6.684366775986334
GSM37045,894,0,ER-,123.0,5.737231718439668,8.304257442908625
GSM37046,899,0,ER+,86.0,6.475645566237546,7.373775358652591
GSM37047,772,0,ER+,108.0,6.309149548531567,8.053230546858519
GSM37048,862,0,ER-,87.0,6.133136712424244,6.588301169176756
GSM37049,260,1,ER-,29.0,6.669706007399314,7.912625701409615
GSM37050,261,1,ER-,18.0,5.947731469766629,8.313791384063997
GSM37051,262,1,ER+,18.0,5.670058536037202,6.751036440185384
GSM37052,263,1,ER-,32.0,6.203253426566132,6.8108065283490635
GSM37053,264,1,ER-,33.0,5.839121291211427,6.798694897235077
GSM37054,265,0,ER-,66.0,6.137713312471879,6.259633966390815
GSM37055,267,0,ER-,59.0,6.316580229237202,5.554906547554078
GSM37056,268,0,ER-,82.0,7.257105695535823,6.877513200211236
GSM37057,270,0,ER+,59.0,7.247636204340002,6.085031523128282
GSM37058,271,1,ER+,64.0,5.841839144478586,7.431425428954987
GSM37059,272,0,ER+,83.0,7.237387164593465,6.6256088635892825
GSM37060,273,0,ER+,81.0,6.869193412155973,7.5758835544709004
GSM37061,275,0,ER-,105.0,6.703160580725738,6.595028284812547
GSM37062,276,0,ER+,54.0,6.331559648945966,8.083395376223514
